{
"type": "FeatureCollection",
"name": "showcase_real_fields",
"crs": { "type": "name", "properties": { "name": "urn:ogc:def:crs:OGC:1.3:CRS84" } },
"features": [
{ "type": "Feature", "properties": { "source_field_id": "1699603", "source_area_m2": 141874.91, "confidence": null, "determination_datetime": "2025-01-01T05:30:00+05:30", "determination_method": "auto-imagery", "xmin": 74.581525867601826, "ymin": 30.437032285029797, "xmax": 74.586017427511834, "ymax": 30.443410300101998, "area_m2": 141767.00093238815, "area_ha": 14.176700093238816, "field_id": "FTW-IN-PB-1699603", "boundary_source": "FIELDS_OF_THE_WORLD_GLOBAL_PRUE_2024_2025", "boundary_type": "RESEARCH_FIELD_BOUNDARY", "research_boundary_disclaimer": "Model-derived remote-sensing field unit; not a cadastral or ownership boundary.", "source_provider": "Fields of The World / Source Cooperative", "source_dataset": "Global Fields of The World, Punjab partition", "source_url": "https://data.source.coop/ftw/global-data/predictions/vectors/alpha/results-by-admin-conf/admin:country_code=IN/IN_PB.parquet", "real_or_synthetic": "REAL", "centroid_lon": 74.58428067359003, "centroid_lat": 30.440732622102992, "data_status": "REAL_SATELLITE_OBSERVATIONS", "ground_truth_status": "NO_GROUND_TRUTH_WEAK_PROXY_LABELS_ONLY", "demo_rank": 1, "demo_category": "BURN_SCAR_CANDIDATE_CORROBORATED_BY_FIRE_PRODUCTS", "demo_score": 16.0, "cropland_fraction": 1.0 }, "geometry": { "type": "Polygon", "coordinates": [ [ [ 74.584220803547822, 30.439008571390197 ], [ 74.584220803547822, 30.439098402588399 ], [ 74.584400465944228, 30.439098402588399 ], [ 74.584400465944228, 30.438828908993798 ], [ 74.584490297142423, 30.438828908993798 ], [ 74.584490297142423, 30.437032285029797 ], [ 74.584041141151431, 30.437032285029797 ], [ 74.584041141151431, 30.437122116227997 ], [ 74.583951309953221, 30.437122116227997 ], [ 74.583951309953221, 30.437211947426199 ], [ 74.583861478755026, 30.437211947426199 ], [ 74.583861478755026, 30.437391609822598 ], [ 74.58377164755683, 30.437391609822598 ], [ 74.58377164755683, 30.437571272218999 ], [ 74.583681816358634, 30.437571272218999 ], [ 74.583681816358634, 30.437750934615398 ], [ 74.583591985160425, 30.437750934615398 ], [ 74.583591985160425, 30.437840765813597 ], [ 74.583502153962229, 30.437840765813597 ], [ 74.583502153962229, 30.438020428209999 ], [ 74.583412322764033, 30.438020428209999 ], [ 74.583412322764033, 30.438289921804596 ], [ 74.583322491565823, 30.438289921804596 ], [ 74.583322491565823, 30.438469584200998 ], [ 74.583232660367628, 30.438469584200998 ], [ 74.583232660367628, 30.438649246597397 ], [ 74.583322491565823, 30.438649246597397 ], [ 74.583322491565823, 30.438739077795599 ], [ 74.583591985160425, 30.438739077795599 ], [ 74.583591985160425, 30.438828908993798 ], [ 74.58377164755683, 30.438828908993798 ], [ 74.58377164755683, 30.438918740191998 ], [ 74.583502153962229, 30.438918740191998 ], [ 74.583502153962229, 30.438828908993798 ], [ 74.583052997971222, 30.438828908993798 ], [ 74.583052997971222, 30.438918740191998 ], [ 74.582963166773027, 30.438918740191998 ], [ 74.582963166773027, 30.439367896182997 ], [ 74.583052997971222, 30.439367896182997 ], [ 74.583052997971222, 30.439547558579399 ], [ 74.582873335574831, 30.439547558579399 ], [ 74.582873335574831, 30.439637389777598 ], [ 74.582783504376621, 30.439637389777598 ], [ 74.582783504376621, 30.439727220975797 ], [ 74.58260384198023, 30.439727220975797 ], [ 74.58260384198023, 30.439817052173996 ], [ 74.582514010782035, 30.439817052173996 ], [ 74.582514010782035, 30.439996714570398 ], [ 74.582424179583825, 30.439996714570398 ], [ 74.582424179583825, 30.440086545768597 ], [ 74.583052997971222, 30.440086545768597 ], [ 74.583052997971222, 30.440176376966797 ], [ 74.583861478755026, 30.440176376966797 ], [ 74.583861478755026, 30.440356039363198 ], [ 74.583322491565823, 30.440356039363198 ], [ 74.583322491565823, 30.440535701759597 ], [ 74.583232660367628, 30.440535701759597 ], [ 74.583232660367628, 30.440715364155999 ], [ 74.583322491565823, 30.440715364155999 ], [ 74.583322491565823, 30.440805195354198 ], [ 74.583232660367628, 30.440805195354198 ], [ 74.583232660367628, 30.440895026552397 ], [ 74.582963166773027, 30.440895026552397 ], [ 74.582963166773027, 30.440805195354198 ], [ 74.583052997971222, 30.440805195354198 ], [ 74.583052997971222, 30.440715364155999 ], [ 74.583142829169432, 30.440715364155999 ], [ 74.583142829169432, 30.440445870561398 ], [ 74.583232660367628, 30.440445870561398 ], [ 74.583232660367628, 30.440356039363198 ], [ 74.583142829169432, 30.440356039363198 ], [ 74.583142829169432, 30.440266208164999 ], [ 74.582693673178426, 30.440266208164999 ], [ 74.582693673178426, 30.440176376966797 ], [ 74.58260384198023, 30.440176376966797 ], [ 74.58260384198023, 30.440266208164999 ], [ 74.582334348385629, 30.440266208164999 ], [ 74.582334348385629, 30.440356039363198 ], [ 74.582244517187434, 30.440356039363198 ], [ 74.582244517187434, 30.440535701759597 ], [ 74.582154685989224, 30.440535701759597 ], [ 74.582154685989224, 30.440805195354198 ], [ 74.582064854791028, 30.440805195354198 ], [ 74.582064854791028, 30.440984857750596 ], [ 74.581975023592832, 30.440984857750596 ], [ 74.581975023592832, 30.441074688948799 ], [ 74.581885192394623, 30.441074688948799 ], [ 74.581885192394623, 30.441254351345197 ], [ 74.581795361196427, 30.441254351345197 ], [ 74.581795361196427, 30.441434013741599 ], [ 74.581705529998231, 30.441434013741599 ], [ 74.581705529998231, 30.441523844939798 ], [ 74.581615698800022, 30.441523844939798 ], [ 74.581615698800022, 30.441703507336197 ], [ 74.581525867601826, 30.441703507336197 ], [ 74.581525867601826, 30.441793338534399 ], [ 74.581705529998231, 30.441793338534399 ], [ 74.581705529998231, 30.441883169732598 ], [ 74.582064854791028, 30.441883169732598 ], [ 74.582064854791028, 30.441793338534399 ], [ 74.582873335574831, 30.441793338534399 ], [ 74.582873335574831, 30.441254351345197 ], [ 74.582963166773027, 30.441254351345197 ], [ 74.582963166773027, 30.440984857750596 ], [ 74.583052997971222, 30.440984857750596 ], [ 74.583052997971222, 30.441254351345197 ], [ 74.58377164755683, 30.441254351345197 ], [ 74.58377164755683, 30.440895026552397 ], [ 74.583681816358634, 30.440895026552397 ], [ 74.583681816358634, 30.440805195354198 ], [ 74.583502153962229, 30.440805195354198 ], [ 74.583502153962229, 30.440715364155999 ], [ 74.584041141151431, 30.440715364155999 ], [ 74.584041141151431, 30.440805195354198 ], [ 74.584220803547822, 30.440805195354198 ], [ 74.584220803547822, 30.440895026552397 ], [ 74.584310634746032, 30.440895026552397 ], [ 74.584310634746032, 30.440984857750596 ], [ 74.584400465944228, 30.440984857750596 ], [ 74.584400465944228, 30.441074688948799 ], [ 74.584310634746032, 30.441074688948799 ], [ 74.584310634746032, 30.441164520146998 ], [ 74.584041141151431, 30.441164520146998 ], [ 74.584041141151431, 30.441254351345197 ], [ 74.583951309953221, 30.441254351345197 ], [ 74.583951309953221, 30.441344182543396 ], [ 74.583861478755026, 30.441344182543396 ], [ 74.583861478755026, 30.441434013741599 ], [ 74.583951309953221, 30.441434013741599 ], [ 74.583951309953221, 30.441613676137997 ], [ 74.583861478755026, 30.441613676137997 ], [ 74.583861478755026, 30.442332325723598 ], [ 74.584759790737024, 30.442332325723598 ], [ 74.584759790737024, 30.442422156921797 ], [ 74.584580128340633, 30.442422156921797 ], [ 74.584580128340633, 30.442511988119996 ], [ 74.584310634746032, 30.442511988119996 ], [ 74.584310634746032, 30.442422156921797 ], [ 74.584220803547822, 30.442422156921797 ], [ 74.584220803547822, 30.442511988119996 ], [ 74.583861478755026, 30.442511988119996 ], [ 74.583861478755026, 30.443410300101998 ], [ 74.586017427511834, 30.443410300101998 ], [ 74.586017427511834, 30.442511988119996 ], [ 74.585927596313624, 30.442511988119996 ], [ 74.585927596313624, 30.442422156921797 ], [ 74.585837765115429, 30.442422156921797 ], [ 74.585837765115429, 30.442332325723598 ], [ 74.586017427511834, 30.442332325723598 ], [ 74.586017427511834, 30.441703507336197 ], [ 74.585927596313624, 30.441703507336197 ], [ 74.585927596313624, 30.441523844939798 ], [ 74.586017427511834, 30.441523844939798 ], [ 74.586017427511834, 30.441164520146998 ], [ 74.585927596313624, 30.441164520146998 ], [ 74.585927596313624, 30.440715364155999 ], [ 74.586017427511834, 30.440715364155999 ], [ 74.586017427511834, 30.440356039363198 ], [ 74.585927596313624, 30.440356039363198 ], [ 74.585927596313624, 30.439996714570398 ], [ 74.586017427511834, 30.439996714570398 ], [ 74.586017427511834, 30.439906883372199 ], [ 74.585927596313624, 30.439906883372199 ], [ 74.585927596313624, 30.439817052173996 ], [ 74.585837765115429, 30.439817052173996 ], [ 74.585837765115429, 30.439727220975797 ], [ 74.585568271520827, 30.439727220975797 ], [ 74.585568271520827, 30.439637389777598 ], [ 74.585388609124422, 30.439637389777598 ], [ 74.585388609124422, 30.439547558579399 ], [ 74.585119115529835, 30.439547558579399 ], [ 74.585119115529835, 30.439457727381196 ], [ 74.584849621935234, 30.439457727381196 ], [ 74.584849621935234, 30.439367896182997 ], [ 74.584580128340633, 30.439367896182997 ], [ 74.584580128340633, 30.439278064984798 ], [ 74.584400465944228, 30.439278064984798 ], [ 74.584400465944228, 30.439188233786599 ], [ 74.584130972349627, 30.439188233786599 ], [ 74.584130972349627, 30.439098402588399 ], [ 74.584041141151431, 30.439098402588399 ], [ 74.584041141151431, 30.439008571390197 ], [ 74.584220803547822, 30.439008571390197 ] ], [ [ 74.583861478755026, 30.439008571390197 ], [ 74.583861478755026, 30.438918740191998 ], [ 74.584041141151431, 30.438918740191998 ], [ 74.584041141151431, 30.439008571390197 ], [ 74.583861478755026, 30.439008571390197 ] ], [ [ 74.584130972349627, 30.441523844939798 ], [ 74.584310634746032, 30.441523844939798 ], [ 74.584310634746032, 30.441613676137997 ], [ 74.584130972349627, 30.441613676137997 ], [ 74.584130972349627, 30.441523844939798 ] ] ] } },
{ "type": "Feature", "properties": { "source_field_id": "1662433", "source_area_m2": 118130.22, "confidence": null, "determination_datetime": "2024-01-01T05:30:00+05:30", "determination_method": "auto-imagery", "xmin": 74.679082548847035, "ymin": 30.389062425190996, "xmax": 74.681777484793031, "ymax": 30.3932844915064, "area_m2": 118038.47725528287, "area_ha": 11.803847725528286, "field_id": "FTW-IN-PB-1662433", "boundary_source": "FIELDS_OF_THE_WORLD_GLOBAL_PRUE_2024_2025", "boundary_type": "RESEARCH_FIELD_BOUNDARY", "research_boundary_disclaimer": "Model-derived remote-sensing field unit; not a cadastral or ownership boundary.", "source_provider": "Fields of The World / Source Cooperative", "source_dataset": "Global Fields of The World, Punjab partition", "source_url": "https://data.source.coop/ftw/global-data/predictions/vectors/alpha/results-by-admin-conf/admin:country_code=IN/IN_PB.parquet", "real_or_synthetic": "REAL", "centroid_lon": 74.680430670760103, "centroid_lat": 30.391153966461573, "data_status": "REAL_SATELLITE_OBSERVATIONS", "ground_truth_status": "NO_GROUND_TRUTH_WEAK_PROXY_LABELS_ONLY", "demo_rank": 2, "demo_category": "BURN_SCAR_CANDIDATE_CORROBORATED_BY_FIRE_PRODUCTS", "demo_score": 14.0, "cropland_fraction": 1.0 }, "geometry": { "type": "Polygon", "coordinates": [ [ [ 74.679352042441636, 30.3932844915064 ], [ 74.679352042441636, 30.393194660308197 ], [ 74.679441873639831, 30.393194660308197 ], [ 74.679441873639831, 30.3932844915064 ], [ 74.681687653594835, 30.3932844915064 ], [ 74.681687653594835, 30.392835335515397 ], [ 74.681777484793031, 30.392835335515397 ], [ 74.681777484793031, 30.392745504317197 ], [ 74.681687653594835, 30.392745504317197 ], [ 74.681687653594835, 30.392476010722596 ], [ 74.681777484793031, 30.392476010722596 ], [ 74.681777484793031, 30.392296348326198 ], [ 74.681687653594835, 30.392296348326198 ], [ 74.681687653594835, 30.392116685929796 ], [ 74.681777484793031, 30.392116685929796 ], [ 74.681777484793031, 30.391937023533398 ], [ 74.681687653594835, 30.391937023533398 ], [ 74.681687653594835, 30.391667529938797 ], [ 74.681777484793031, 30.391667529938797 ], [ 74.681777484793031, 30.390859049154997 ], [ 74.681687653594835, 30.390859049154997 ], [ 74.681687653594835, 30.390499724362197 ], [ 74.681777484793031, 30.390499724362197 ], [ 74.681777484793031, 30.389062425190996 ], [ 74.679082548847035, 30.389062425190996 ], [ 74.679082548847035, 30.390499724362197 ], [ 74.679352042441636, 30.390499724362197 ], [ 74.679352042441636, 30.390589555560396 ], [ 74.67917238004523, 30.390589555560396 ], [ 74.67917238004523, 30.390679386758599 ], [ 74.679082548847035, 30.390679386758599 ], [ 74.679082548847035, 30.391577698740598 ], [ 74.67917238004523, 30.391577698740598 ], [ 74.67917238004523, 30.392296348326198 ], [ 74.679082548847035, 30.392296348326198 ], [ 74.679082548847035, 30.392476010722596 ], [ 74.67917238004523, 30.392476010722596 ], [ 74.67917238004523, 30.392745504317197 ], [ 74.679082548847035, 30.392745504317197 ], [ 74.679082548847035, 30.393194660308197 ], [ 74.67917238004523, 30.393194660308197 ], [ 74.67917238004523, 30.3932844915064 ], [ 74.679352042441636, 30.3932844915064 ] ], [ [ 74.679621536036237, 30.390589555560396 ], [ 74.679801198432628, 30.390589555560396 ], [ 74.679801198432628, 30.390679386758599 ], [ 74.679621536036237, 30.390679386758599 ], [ 74.679621536036237, 30.390589555560396 ] ] ] } },
{ "type": "Feature", "properties": { "source_field_id": "1654241", "source_area_m2": 140459.83, "confidence": null, "determination_datetime": "2024-01-01T05:30:00+05:30", "determination_method": "auto-imagery", "xmin": 74.595719196917429, "ymin": 30.406040521650798, "xmax": 74.600031094431031, "ymax": 30.410262587966198, "area_m2": 140352.6462608602, "area_ha": 14.03526462608602, "field_id": "FTW-IN-PB-1654241", "boundary_source": "FIELDS_OF_THE_WORLD_GLOBAL_PRUE_2024_2025", "boundary_type": "RESEARCH_FIELD_BOUNDARY", "research_boundary_disclaimer": "Model-derived remote-sensing field unit; not a cadastral or ownership boundary.", "source_provider": "Fields of The World / Source Cooperative", "source_dataset": "Global Fields of The World, Punjab partition", "source_url": "https://data.source.coop/ftw/global-data/predictions/vectors/alpha/results-by-admin-conf/admin:country_code=IN/IN_PB.parquet", "real_or_synthetic": "REAL", "centroid_lon": 74.597760844147061, "centroid_lat": 30.408234174911435, "data_status": "REAL_SATELLITE_OBSERVATIONS", "ground_truth_status": "NO_GROUND_TRUTH_WEAK_PROXY_LABELS_ONLY", "demo_rank": 3, "demo_category": "HARVESTED_NO_BURN_CANDIDATE_NO_FIRE_DETECTIONS", "demo_score": 11.0, "cropland_fraction": 1.0 }, "geometry": { "type": "Polygon", "coordinates": [ [ [ 74.59715649608863, 30.410262587966198 ], [ 74.59715649608863, 30.410172756767999 ], [ 74.597336158485035, 30.410172756767999 ], [ 74.597336158485035, 30.410262587966198 ], [ 74.597875145674223, 30.410262587966198 ], [ 74.597875145674223, 30.410172756767999 ], [ 74.597964976872433, 30.410172756767999 ], [ 74.597964976872433, 30.410262587966198 ], [ 74.598593795259831, 30.410262587966198 ], [ 74.598593795259831, 30.410172756767999 ], [ 74.598683626458026, 30.410172756767999 ], [ 74.598683626458026, 30.410262587966198 ], [ 74.600031094431031, 30.410262587966198 ], [ 74.600031094431031, 30.409454107182398 ], [ 74.599941263232822, 30.409454107182398 ], [ 74.599941263232822, 30.409364275984199 ], [ 74.598863288854432, 30.409364275984199 ], [ 74.598863288854432, 30.409274444785996 ], [ 74.598054808070628, 30.409274444785996 ], [ 74.598054808070628, 30.409364275984199 ], [ 74.597875145674223, 30.409364275984199 ], [ 74.597875145674223, 30.409184613587797 ], [ 74.597964976872433, 30.409184613587797 ], [ 74.597964976872433, 30.409094782389598 ], [ 74.598054808070628, 30.409094782389598 ], [ 74.598054808070628, 30.409184613587797 ], [ 74.598593795259831, 30.409184613587797 ], [ 74.598593795259831, 30.409094782389598 ], [ 74.598773457656222, 30.409094782389598 ], [ 74.598773457656222, 30.409184613587797 ], [ 74.598953120052627, 30.409184613587797 ], [ 74.598953120052627, 30.409274444785996 ], [ 74.599312444845424, 30.409274444785996 ], [ 74.599312444845424, 30.409184613587797 ], [ 74.599402276043634, 30.409184613587797 ], [ 74.599402276043634, 30.409094782389598 ], [ 74.599492107241829, 30.409094782389598 ], [ 74.599492107241829, 30.409274444785996 ], [ 74.600031094431031, 30.409274444785996 ], [ 74.600031094431031, 30.408825288794997 ], [ 74.599402276043634, 30.408825288794997 ], [ 74.599402276043634, 30.408915119993196 ], [ 74.599312444845424, 30.408915119993196 ], [ 74.599312444845424, 30.408196470407599 ], [ 74.599222613647228, 30.408196470407599 ], [ 74.599222613647228, 30.407747314416596 ], [ 74.599132782449033, 30.407747314416596 ], [ 74.599132782449033, 30.406669340038199 ], [ 74.599222613647228, 30.406669340038199 ], [ 74.599222613647228, 30.406220184047196 ], [ 74.598773457656222, 30.406220184047196 ], [ 74.598773457656222, 30.406130352848997 ], [ 74.598234470467034, 30.406130352848997 ], [ 74.598234470467034, 30.406040521650798 ], [ 74.597695483277832, 30.406040521650798 ], [ 74.597695483277832, 30.406130352848997 ], [ 74.597246327286825, 30.406130352848997 ], [ 74.597246327286825, 30.406399846443598 ], [ 74.597336158485035, 30.406399846443598 ], [ 74.597336158485035, 30.408016808011197 ], [ 74.597425989683231, 30.408016808011197 ], [ 74.597425989683231, 30.408735457596798 ], [ 74.597336158485035, 30.408735457596798 ], [ 74.597336158485035, 30.409004951191399 ], [ 74.597246327286825, 30.409004951191399 ], [ 74.597246327286825, 30.408825288794997 ], [ 74.59715649608863, 30.408825288794997 ], [ 74.59715649608863, 30.408735457596798 ], [ 74.597246327286825, 30.408735457596798 ], [ 74.597246327286825, 30.408465964002197 ], [ 74.597336158485035, 30.408465964002197 ], [ 74.597336158485035, 30.408196470407599 ], [ 74.597246327286825, 30.408196470407599 ], [ 74.597246327286825, 30.406579508839997 ], [ 74.59715649608863, 30.406579508839997 ], [ 74.59715649608863, 30.406310015245399 ], [ 74.597066664890434, 30.406310015245399 ], [ 74.597066664890434, 30.406130352848997 ], [ 74.596976833692224, 30.406130352848997 ], [ 74.596976833692224, 30.406040521650798 ], [ 74.596348015304827, 30.406040521650798 ], [ 74.596348015304827, 30.406130352848997 ], [ 74.596258184106631, 30.406130352848997 ], [ 74.596258184106631, 30.406489677641797 ], [ 74.596348015304827, 30.406489677641797 ], [ 74.596348015304827, 30.406579508839997 ], [ 74.596168352908421, 30.406579508839997 ], [ 74.596168352908421, 30.406669340038199 ], [ 74.59598869051203, 30.406669340038199 ], [ 74.59598869051203, 30.407028664831 ], [ 74.595898859313834, 30.407028664831 ], [ 74.595898859313834, 30.407208327227398 ], [ 74.595809028115625, 30.407208327227398 ], [ 74.595809028115625, 30.408016808011197 ], [ 74.595719196917429, 30.408016808011197 ], [ 74.595719196917429, 30.408645626398599 ], [ 74.596527677701232, 30.408645626398599 ], [ 74.596527677701232, 30.408735457596798 ], [ 74.59598869051203, 30.408735457596798 ], [ 74.59598869051203, 30.408825288794997 ], [ 74.595898859313834, 30.408825288794997 ], [ 74.595898859313834, 30.409004951191399 ], [ 74.595719196917429, 30.409004951191399 ], [ 74.595719196917429, 30.409454107182398 ], [ 74.595898859313834, 30.409454107182398 ], [ 74.595898859313834, 30.409364275984199 ], [ 74.596527677701232, 30.409364275984199 ], [ 74.596527677701232, 30.409454107182398 ], [ 74.596797171295833, 30.409454107182398 ], [ 74.596797171295833, 30.409543938380597 ], [ 74.597336158485035, 30.409543938380597 ], [ 74.597336158485035, 30.409723600776999 ], [ 74.597246327286825, 30.409723600776999 ], [ 74.597246327286825, 30.409903263173398 ], [ 74.59715649608863, 30.409903263173398 ], [ 74.59715649608863, 30.409633769578797 ], [ 74.596617508899428, 30.409633769578797 ], [ 74.596617508899428, 30.410172756767999 ], [ 74.596707340097623, 30.410172756767999 ], [ 74.596707340097623, 30.410262587966198 ], [ 74.59715649608863, 30.410262587966198 ] ], [ [ 74.598593795259831, 30.409903263173398 ], [ 74.598503964061635, 30.409903263173398 ], [ 74.598503964061635, 30.409813431975198 ], [ 74.598683626458026, 30.409813431975198 ], [ 74.598683626458026, 30.409993094371597 ], [ 74.598593795259831, 30.409993094371597 ], [ 74.598593795259831, 30.409903263173398 ] ], [ [ 74.597875145674223, 30.409813431975198 ], [ 74.597785314476027, 30.409813431975198 ], [ 74.597785314476027, 30.409723600776999 ], [ 74.597875145674223, 30.409723600776999 ], [ 74.597875145674223, 30.409543938380597 ], [ 74.597964976872433, 30.409543938380597 ], [ 74.597964976872433, 30.409723600776999 ], [ 74.598054808070628, 30.409723600776999 ], [ 74.598054808070628, 30.409903263173398 ], [ 74.597875145674223, 30.409903263173398 ], [ 74.597875145674223, 30.409813431975198 ] ], [ [ 74.598234470467034, 30.409813431975198 ], [ 74.59832430166523, 30.409813431975198 ], [ 74.59832430166523, 30.409903263173398 ], [ 74.598234470467034, 30.409903263173398 ], [ 74.598234470467034, 30.409813431975198 ] ], [ [ 74.59832430166523, 30.407387989623796 ], [ 74.59832430166523, 30.407926976812998 ], [ 74.598414132863425, 30.407926976812998 ], [ 74.598414132863425, 30.408106639209397 ], [ 74.598234470467034, 30.408106639209397 ], [ 74.598234470467034, 30.4085557952004 ], [ 74.59832430166523, 30.4085557952004 ], [ 74.59832430166523, 30.408645626398599 ], [ 74.598234470467034, 30.408645626398599 ], [ 74.598234470467034, 30.408735457596798 ], [ 74.598054808070628, 30.408735457596798 ], [ 74.598054808070628, 30.408645626398599 ], [ 74.598144639268824, 30.408645626398599 ], [ 74.598144639268824, 30.408196470407599 ], [ 74.598054808070628, 30.408196470407599 ], [ 74.598054808070628, 30.408016808011197 ], [ 74.598234470467034, 30.408016808011197 ], [ 74.598234470467034, 30.407387989623796 ], [ 74.59832430166523, 30.407387989623796 ] ], [ [ 74.598144639268824, 30.407387989623796 ], [ 74.598144639268824, 30.407118496029199 ], [ 74.598234470467034, 30.407118496029199 ], [ 74.598234470467034, 30.407387989623796 ], [ 74.598144639268824, 30.407387989623796 ] ], [ [ 74.596527677701232, 30.406489677641797 ], [ 74.596617508899428, 30.406489677641797 ], [ 74.596617508899428, 30.406579508839997 ], [ 74.596527677701232, 30.406579508839997 ], [ 74.596527677701232, 30.406489677641797 ] ] ] } },
{ "type": "Feature", "properties": { "source_field_id": "1654330", "source_area_m2": 127477.14, "confidence": null, "determination_datetime": "2024-01-01T05:30:00+05:30", "determination_method": "auto-imagery", "xmin": 74.60703792789063, "ymin": 30.408106639209397, "xmax": 74.612517630980832, "ymax": 30.411969380731996, "area_m2": 127379.60308524981, "area_ha": 12.737960308524981, "field_id": "FTW-IN-PB-1654330", "boundary_source": "FIELDS_OF_THE_WORLD_GLOBAL_PRUE_2024_2025", "boundary_type": "RESEARCH_FIELD_BOUNDARY", "research_boundary_disclaimer": "Model-derived remote-sensing field unit; not a cadastral or ownership boundary.", "source_provider": "Fields of The World / Source Cooperative", "source_dataset": "Global Fields of The World, Punjab partition", "source_url": "https://data.source.coop/ftw/global-data/predictions/vectors/alpha/results-by-admin-conf/admin:country_code=IN/IN_PB.parquet", "real_or_synthetic": "REAL", "centroid_lon": 74.609524103720659, "centroid_lat": 30.410297384696353, "data_status": "REAL_SATELLITE_OBSERVATIONS", "ground_truth_status": "NO_GROUND_TRUTH_WEAK_PROXY_LABELS_ONLY", "demo_rank": 4, "demo_category": "HARVESTED_NO_BURN_CANDIDATE_NO_FIRE_DETECTIONS", "demo_score": 11.0, "cropland_fraction": 0.95784543325526927 }, "geometry": { "type": "Polygon", "coordinates": [ [ [ 74.610361682224024, 30.409993094371597 ], [ 74.610271851025828, 30.409993094371597 ], [ 74.610271851025828, 30.4100829255698 ], [ 74.610002357431227, 30.4100829255698 ], [ 74.610002357431227, 30.410172756767999 ], [ 74.609643032638431, 30.410172756767999 ], [ 74.609643032638431, 30.410262587966198 ], [ 74.609283707845634, 30.410262587966198 ], [ 74.609283707845634, 30.410352419164397 ], [ 74.608834551854628, 30.410352419164397 ], [ 74.608834551854628, 30.410442250362596 ], [ 74.608475227061831, 30.410442250362596 ], [ 74.608475227061831, 30.410532081560799 ], [ 74.608385395863621, 30.410532081560799 ], [ 74.608385395863621, 30.410442250362596 ], [ 74.607397252683427, 30.410442250362596 ], [ 74.607397252683427, 30.410352419164397 ], [ 74.607127759088826, 30.410352419164397 ], [ 74.607127759088826, 30.410442250362596 ], [ 74.60703792789063, 30.410442250362596 ], [ 74.60703792789063, 30.410801575155396 ], [ 74.607127759088826, 30.410801575155396 ], [ 74.607127759088826, 30.411969380731996 ], [ 74.608385395863621, 30.411969380731996 ], [ 74.608385395863621, 30.410891406353599 ], [ 74.608475227061831, 30.410891406353599 ], [ 74.608475227061831, 30.410981237551798 ], [ 74.608565058260027, 30.410981237551798 ], [ 74.608565058260027, 30.411071068749997 ], [ 74.608475227061831, 30.411071068749997 ], [ 74.608475227061831, 30.411340562344598 ], [ 74.608565058260027, 30.411340562344598 ], [ 74.608565058260027, 30.411430393542798 ], [ 74.608475227061831, 30.411430393542798 ], [ 74.608475227061831, 30.411879549533797 ], [ 74.608565058260027, 30.411879549533797 ], [ 74.608565058260027, 30.411969380731996 ], [ 74.608834551854628, 30.411969380731996 ], [ 74.608834551854628, 30.411879549533797 ], [ 74.609104045449229, 30.411879549533797 ], [ 74.609104045449229, 30.411969380731996 ], [ 74.610721007016835, 30.411969380731996 ], [ 74.610721007016835, 30.411250731146399 ], [ 74.610810838215031, 30.411250731146399 ], [ 74.610810838215031, 30.410981237551798 ], [ 74.610721007016835, 30.410981237551798 ], [ 74.610721007016835, 30.410801575155396 ], [ 74.610810838215031, 30.410801575155396 ], [ 74.610810838215031, 30.410891406353599 ], [ 74.610900669413226, 30.410891406353599 ], [ 74.610900669413226, 30.410801575155396 ], [ 74.610990500611422, 30.410801575155396 ], [ 74.610990500611422, 30.410711743957197 ], [ 74.611170163007827, 30.410711743957197 ], [ 74.611170163007827, 30.410621912758998 ], [ 74.611259994206023, 30.410621912758998 ], [ 74.611259994206023, 30.410532081560799 ], [ 74.611349825404233, 30.410532081560799 ], [ 74.611349825404233, 30.410442250362596 ], [ 74.611529487800624, 30.410442250362596 ], [ 74.611529487800624, 30.410352419164397 ], [ 74.611619318998834, 30.410352419164397 ], [ 74.611619318998834, 30.410262587966198 ], [ 74.611709150197029, 30.410262587966198 ], [ 74.611709150197029, 30.410172756767999 ], [ 74.61197864379163, 30.410172756767999 ], [ 74.61197864379163, 30.4100829255698 ], [ 74.612158306188022, 30.4100829255698 ], [ 74.612158306188022, 30.409993094371597 ], [ 74.612248137386231, 30.409993094371597 ], [ 74.612248137386231, 30.409903263173398 ], [ 74.612427799782623, 30.409903263173398 ], [ 74.612427799782623, 30.409813431975198 ], [ 74.612517630980832, 30.409813431975198 ], [ 74.612517630980832, 30.409723600776999 ], [ 74.612337968584427, 30.409723600776999 ], [ 74.612337968584427, 30.409633769578797 ], [ 74.612248137386231, 30.409633769578797 ], [ 74.612248137386231, 30.409543938380597 ], [ 74.612158306188022, 30.409543938380597 ], [ 74.612158306188022, 30.409454107182398 ], [ 74.61197864379163, 30.409454107182398 ], [ 74.61197864379163, 30.409364275984199 ], [ 74.611709150197029, 30.409364275984199 ], [ 74.611709150197029, 30.409274444785996 ], [ 74.611529487800624, 30.409274444785996 ], [ 74.611529487800624, 30.409184613587797 ], [ 74.611439656602428, 30.409184613587797 ], [ 74.611439656602428, 30.409094782389598 ], [ 74.611259994206023, 30.409094782389598 ], [ 74.611259994206023, 30.409004951191399 ], [ 74.611080331809632, 30.409004951191399 ], [ 74.611080331809632, 30.408915119993196 ], [ 74.610990500611422, 30.408915119993196 ], [ 74.610990500611422, 30.408825288794997 ], [ 74.610810838215031, 30.408825288794997 ], [ 74.610810838215031, 30.408735457596798 ], [ 74.610721007016835, 30.408735457596798 ], [ 74.610721007016835, 30.408645626398599 ], [ 74.610631175818625, 30.408645626398599 ], [ 74.610631175818625, 30.4085557952004 ], [ 74.61054134462043, 30.4085557952004 ], [ 74.61054134462043, 30.408465964002197 ], [ 74.610451513422234, 30.408465964002197 ], [ 74.610451513422234, 30.408376132803998 ], [ 74.610361682224024, 30.408376132803998 ], [ 74.610361682224024, 30.408286301605798 ], [ 74.610182019827633, 30.408286301605798 ], [ 74.610182019827633, 30.408196470407599 ], [ 74.609822695034822, 30.408196470407599 ], [ 74.609822695034822, 30.408106639209397 ], [ 74.609553201440235, 30.408106639209397 ], [ 74.609553201440235, 30.408196470407599 ], [ 74.609463370242025, 30.408196470407599 ], [ 74.609463370242025, 30.408286301605798 ], [ 74.60937353904383, 30.408286301605798 ], [ 74.60937353904383, 30.408376132803998 ], [ 74.609283707845634, 30.408376132803998 ], [ 74.609283707845634, 30.408645626398599 ], [ 74.609193876647424, 30.408645626398599 ], [ 74.609193876647424, 30.4085557952004 ], [ 74.609014214251033, 30.4085557952004 ], [ 74.609014214251033, 30.408645626398599 ], [ 74.608924383052823, 30.408645626398599 ], [ 74.608924383052823, 30.408735457596798 ], [ 74.608834551854628, 30.408735457596798 ], [ 74.608834551854628, 30.408825288794997 ], [ 74.608744720656432, 30.408825288794997 ], [ 74.608744720656432, 30.409004951191399 ], [ 74.608654889458222, 30.409004951191399 ], [ 74.608654889458222, 30.409094782389598 ], [ 74.608565058260027, 30.409094782389598 ], [ 74.608565058260027, 30.409184613587797 ], [ 74.608475227061831, 30.409184613587797 ], [ 74.608475227061831, 30.409274444785996 ], [ 74.608385395863621, 30.409274444785996 ], [ 74.608385395863621, 30.409364275984199 ], [ 74.608295564665426, 30.409364275984199 ], [ 74.608295564665426, 30.409454107182398 ], [ 74.60820573346723, 30.409454107182398 ], [ 74.60820573346723, 30.409543938380597 ], [ 74.608115902269034, 30.409543938380597 ], [ 74.608115902269034, 30.409723600776999 ], [ 74.607936239872629, 30.409723600776999 ], [ 74.607936239872629, 30.409813431975198 ], [ 74.607846408674433, 30.409813431975198 ], [ 74.607846408674433, 30.409903263173398 ], [ 74.607756577476223, 30.409903263173398 ], [ 74.607756577476223, 30.409993094371597 ], [ 74.607576915079832, 30.409993094371597 ], [ 74.607576915079832, 30.4100829255698 ], [ 74.607487083881622, 30.4100829255698 ], [ 74.607487083881622, 30.410262587966198 ], [ 74.608026071070825, 30.410262587966198 ], [ 74.608026071070825, 30.410352419164397 ], [ 74.608385395863621, 30.410352419164397 ], [ 74.608385395863621, 30.410262587966198 ], [ 74.609104045449229, 30.410262587966198 ], [ 74.609104045449229, 30.410172756767999 ], [ 74.609553201440235, 30.410172756767999 ], [ 74.609553201440235, 30.4100829255698 ], [ 74.609822695034822, 30.4100829255698 ], [ 74.609822695034822, 30.409993094371597 ], [ 74.610092188629423, 30.409993094371597 ], [ 74.610092188629423, 30.409903263173398 ], [ 74.610361682224024, 30.409903263173398 ], [ 74.610361682224024, 30.409993094371597 ] ], [ [ 74.610631175818625, 30.410801575155396 ], [ 74.610631175818625, 30.410711743957197 ], [ 74.610721007016835, 30.410711743957197 ], [ 74.610721007016835, 30.410801575155396 ], [ 74.610631175818625, 30.410801575155396 ] ], [ [ 74.60937353904383, 30.408645626398599 ], [ 74.60937353904383, 30.408825288794997 ], [ 74.609283707845634, 30.408825288794997 ], [ 74.609283707845634, 30.408645626398599 ], [ 74.60937353904383, 30.408645626398599 ] ], [ [ 74.609463370242025, 30.408825288794997 ], [ 74.609463370242025, 30.408915119993196 ], [ 74.60937353904383, 30.408915119993196 ], [ 74.60937353904383, 30.408825288794997 ], [ 74.609463370242025, 30.408825288794997 ] ], [ [ 74.609553201440235, 30.408915119993196 ], [ 74.609553201440235, 30.409094782389598 ], [ 74.609463370242025, 30.409094782389598 ], [ 74.609463370242025, 30.408915119993196 ], [ 74.609553201440235, 30.408915119993196 ] ], [ [ 74.610361682224024, 30.409813431975198 ], [ 74.610451513422234, 30.409813431975198 ], [ 74.610451513422234, 30.409903263173398 ], [ 74.610361682224024, 30.409903263173398 ], [ 74.610361682224024, 30.409813431975198 ] ], [ [ 74.610451513422234, 30.409723600776999 ], [ 74.610631175818625, 30.409723600776999 ], [ 74.610631175818625, 30.409813431975198 ], [ 74.610451513422234, 30.409813431975198 ], [ 74.610451513422234, 30.409723600776999 ] ], [ [ 74.610631175818625, 30.409633769578797 ], [ 74.610810838215031, 30.409633769578797 ], [ 74.610810838215031, 30.409723600776999 ], [ 74.610631175818625, 30.409723600776999 ], [ 74.610631175818625, 30.409633769578797 ] ], [ [ 74.610810838215031, 30.409543938380597 ], [ 74.610990500611422, 30.409543938380597 ], [ 74.610990500611422, 30.409633769578797 ], [ 74.610810838215031, 30.409633769578797 ], [ 74.610810838215031, 30.409543938380597 ] ], [ [ 74.610990500611422, 30.409454107182398 ], [ 74.611080331809632, 30.409454107182398 ], [ 74.611080331809632, 30.409364275984199 ], [ 74.611259994206023, 30.409364275984199 ], [ 74.611259994206023, 30.409454107182398 ], [ 74.611349825404233, 30.409454107182398 ], [ 74.611349825404233, 30.409633769578797 ], [ 74.611259994206023, 30.409633769578797 ], [ 74.611259994206023, 30.409543938380597 ], [ 74.610990500611422, 30.409543938380597 ], [ 74.610990500611422, 30.409454107182398 ] ] ] } },
{ "type": "Feature", "properties": { "source_field_id": "1664701", "source_area_m2": 128604.93, "confidence": null, "determination_datetime": "2024-01-01T05:30:00+05:30", "determination_method": "auto-imagery", "xmin": 74.714026884946833, "ymin": 30.266802164440797, "xmax": 74.720135406424433, "ymax": 30.271024230756197, "area_m2": 128504.40352054957, "area_ha": 12.850440352054957, "field_id": "FTW-IN-PB-1664701", "boundary_source": "FIELDS_OF_THE_WORLD_GLOBAL_PRUE_2024_2025", "boundary_type": "RESEARCH_FIELD_BOUNDARY", "research_boundary_disclaimer": "Model-derived remote-sensing field unit; not a cadastral or ownership boundary.", "source_provider": "Fields of The World / Source Cooperative", "source_dataset": "Global Fields of The World, Punjab partition", "source_url": "https://data.source.coop/ftw/global-data/predictions/vectors/alpha/results-by-admin-conf/admin:country_code=IN/IN_PB.parquet", "real_or_synthetic": "REAL", "centroid_lon": 74.717893514657789, "centroid_lat": 30.268638046539884, "data_status": "REAL_SATELLITE_OBSERVATIONS", "ground_truth_status": "NO_GROUND_TRUTH_WEAK_PROXY_LABELS_ONLY", "demo_rank": 5, "demo_category": "BURN_SCAR_CANDIDATE_CORROBORATED_BY_FIRE_PRODUCTS", "demo_score": 11.0, "cropland_fraction": 1.0 }, "geometry": { "type": "Polygon", "coordinates": [ [ [ 74.717170976883835, 30.271024230756197 ], [ 74.717170976883835, 30.270934399557998 ], [ 74.717350639280227, 30.270934399557998 ], [ 74.717350639280227, 30.270844568359799 ], [ 74.717440470478437, 30.270844568359799 ], [ 74.717440470478437, 30.270934399557998 ], [ 74.717530301676632, 30.270934399557998 ], [ 74.717530301676632, 30.271024230756197 ], [ 74.717889626469429, 30.271024230756197 ], [ 74.717889626469429, 30.270934399557998 ], [ 74.71815912006403, 30.270934399557998 ], [ 74.71815912006403, 30.271024230756197 ], [ 74.719147263244224, 30.271024230756197 ], [ 74.719147263244224, 30.270934399557998 ], [ 74.720045575226223, 30.270934399557998 ], [ 74.720045575226223, 30.270844568359799 ], [ 74.720135406424433, 30.270844568359799 ], [ 74.720135406424433, 30.269497100386797 ], [ 74.720045575226223, 30.269497100386797 ], [ 74.720045575226223, 30.269407269188598 ], [ 74.720135406424433, 30.269407269188598 ], [ 74.720135406424433, 30.268419126008396 ], [ 74.720045575226223, 30.268419126008396 ], [ 74.720045575226223, 30.268329294810197 ], [ 74.719596419235231, 30.268329294810197 ], [ 74.719596419235231, 30.268419126008396 ], [ 74.719506588037035, 30.268419126008396 ], [ 74.719506588037035, 30.268329294810197 ], [ 74.718698107253232, 30.268329294810197 ], [ 74.718698107253232, 30.268598788404798 ], [ 74.718608276055036, 30.268598788404798 ], [ 74.718608276055036, 30.268329294810197 ], [ 74.718518444856826, 30.268329294810197 ], [ 74.718518444856826, 30.268239463611998 ], [ 74.720135406424433, 30.268239463611998 ], [ 74.720135406424433, 30.267430982828198 ], [ 74.719596419235231, 30.267430982828198 ], [ 74.719596419235231, 30.267341151629999 ], [ 74.718518444856826, 30.267341151629999 ], [ 74.718518444856826, 30.267251320431797 ], [ 74.71815912006403, 30.267251320431797 ], [ 74.71815912006403, 30.268419126008396 ], [ 74.718069288865834, 30.268419126008396 ], [ 74.718069288865834, 30.268329294810197 ], [ 74.717979457667624, 30.268329294810197 ], [ 74.717979457667624, 30.268239463611998 ], [ 74.718069288865834, 30.268239463611998 ], [ 74.718069288865834, 30.267251320431797 ], [ 74.717799795271233, 30.267251320431797 ], [ 74.717799795271233, 30.267161489233597 ], [ 74.717260808082031, 30.267161489233597 ], [ 74.717260808082031, 30.267071658035398 ], [ 74.716542158496424, 30.267071658035398 ], [ 74.716542158496424, 30.266981826837199 ], [ 74.715643846514425, 30.266981826837199 ], [ 74.715643846514425, 30.266891995638996 ], [ 74.714925196928831, 30.266891995638996 ], [ 74.714925196928831, 30.266802164440797 ], [ 74.714026884946833, 30.266802164440797 ], [ 74.714026884946833, 30.267610645224597 ], [ 74.716182833703627, 30.267610645224597 ], [ 74.716182833703627, 30.267700476422799 ], [ 74.716093002505431, 30.267700476422799 ], [ 74.716093002505431, 30.267880138819198 ], [ 74.716182833703627, 30.267880138819198 ], [ 74.716182833703627, 30.268149632413799 ], [ 74.716272664901837, 30.268149632413799 ], [ 74.716272664901837, 30.268239463611998 ], [ 74.716182833703627, 30.268239463611998 ], [ 74.716182833703627, 30.268329294810197 ], [ 74.716093002505431, 30.268329294810197 ], [ 74.716093002505431, 30.268688619602997 ], [ 74.716362496100032, 30.268688619602997 ], [ 74.716362496100032, 30.268598788404798 ], [ 74.716631989694633, 30.268598788404798 ], [ 74.716631989694633, 30.268508957206599 ], [ 74.716721820892829, 30.268508957206599 ], [ 74.716721820892829, 30.268598788404798 ], [ 74.717081145685626, 30.268598788404798 ], [ 74.717081145685626, 30.268688619602997 ], [ 74.716542158496424, 30.268688619602997 ], [ 74.716542158496424, 30.268778450801197 ], [ 74.716093002505431, 30.268778450801197 ], [ 74.716093002505431, 30.269317437990399 ], [ 74.717260808082031, 30.269317437990399 ], [ 74.717260808082031, 30.269227606792199 ], [ 74.717350639280227, 30.269227606792199 ], [ 74.717350639280227, 30.268329294810197 ], [ 74.716452327298228, 30.268329294810197 ], [ 74.716452327298228, 30.268239463611998 ], [ 74.717350639280227, 30.268239463611998 ], [ 74.717350639280227, 30.267520814026398 ], [ 74.717440470478437, 30.267520814026398 ], [ 74.717440470478437, 30.268149632413799 ], [ 74.717530301676632, 30.268149632413799 ], [ 74.717530301676632, 30.268778450801197 ], [ 74.717440470478437, 30.268778450801197 ], [ 74.717440470478437, 30.269317437990399 ], [ 74.718698107253232, 30.269317437990399 ], [ 74.718698107253232, 30.269227606792199 ], [ 74.718877769649623, 30.269227606792199 ], [ 74.718877769649623, 30.269317437990399 ], [ 74.719237094442434, 30.269317437990399 ], [ 74.719237094442434, 30.269407269188598 ], [ 74.718877769649623, 30.269407269188598 ], [ 74.718877769649623, 30.270395412368799 ], [ 74.719596419235231, 30.270395412368799 ], [ 74.719596419235231, 30.270485243566998 ], [ 74.717350639280227, 30.270485243566998 ], [ 74.717350639280227, 30.270575074765198 ], [ 74.717260808082031, 30.270575074765198 ], [ 74.717260808082031, 30.270485243566998 ], [ 74.716901483289234, 30.270485243566998 ], [ 74.716901483289234, 30.270575074765198 ], [ 74.716811652091025, 30.270575074765198 ], [ 74.716811652091025, 30.270934399557998 ], [ 74.716901483289234, 30.270934399557998 ], [ 74.716901483289234, 30.271024230756197 ], [ 74.717170976883835, 30.271024230756197 ] ], [ [ 74.71932692564063, 30.269407269188598 ], [ 74.719506588037035, 30.269407269188598 ], [ 74.719506588037035, 30.269497100386797 ], [ 74.71932692564063, 30.269497100386797 ], [ 74.71932692564063, 30.269407269188598 ] ], [ [ 74.718698107253232, 30.269047944395798 ], [ 74.718787938451428, 30.269047944395798 ], [ 74.718787938451428, 30.269137775593997 ], [ 74.718698107253232, 30.269137775593997 ], [ 74.718698107253232, 30.269047944395798 ] ], [ [ 74.718698107253232, 30.268868281999399 ], [ 74.717979457667624, 30.268868281999399 ], [ 74.717979457667624, 30.268778450801197 ], [ 74.718787938451428, 30.268778450801197 ], [ 74.718787938451428, 30.268958113197598 ], [ 74.718698107253232, 30.268958113197598 ], [ 74.718698107253232, 30.268868281999399 ] ] ] } },
{ "type": "Feature", "properties": { "source_field_id": "1685838", "source_area_m2": 143323.62, "confidence": null, "determination_datetime": "2024-01-01T05:30:00+05:30", "determination_method": "auto-imagery", "xmin": 74.736305022100424, "ymin": 30.386277658046797, "xmax": 74.742413543578024, "ymax": 30.391847192335199, "area_m2": 143211.21248267719, "area_ha": 14.321121248267719, "field_id": "FTW-IN-PB-1685838", "boundary_source": "FIELDS_OF_THE_WORLD_GLOBAL_PRUE_2024_2025", "boundary_type": "RESEARCH_FIELD_BOUNDARY", "research_boundary_disclaimer": "Model-derived remote-sensing field unit; not a cadastral or ownership boundary.", "source_provider": "Fields of The World / Source Cooperative", "source_dataset": "Global Fields of The World, Punjab partition", "source_url": "https://data.source.coop/ftw/global-data/predictions/vectors/alpha/results-by-admin-conf/admin:country_code=IN/IN_PB.parquet", "real_or_synthetic": "REAL", "centroid_lon": 74.739057355274198, "centroid_lat": 30.389330909114275, "data_status": "REAL_SATELLITE_OBSERVATIONS", "ground_truth_status": "NO_GROUND_TRUTH_WEAK_PROXY_LABELS_ONLY", "demo_rank": 6, "demo_category": "BURN_SCAR_CANDIDATE_CORROBORATED_BY_FIRE_PRODUCTS", "demo_score": 11.0, "cropland_fraction": 1.0 }, "geometry": { "type": "Polygon", "coordinates": [ [ [ 74.740437257217636, 30.391847192335199 ], [ 74.740437257217636, 30.391757361137 ], [ 74.741155906803229, 30.391757361137 ], [ 74.741155906803229, 30.391847192335199 ], [ 74.74142540039783, 30.391847192335199 ], [ 74.74142540039783, 30.391757361137 ], [ 74.741515231596026, 30.391757361137 ], [ 74.741515231596026, 30.391667529938797 ], [ 74.741605062794235, 30.391667529938797 ], [ 74.741605062794235, 30.391577698740598 ], [ 74.741694893992431, 30.391577698740598 ], [ 74.741694893992431, 30.391398036344199 ], [ 74.741784725190627, 30.391398036344199 ], [ 74.741784725190627, 30.391308205145997 ], [ 74.741874556388836, 30.391308205145997 ], [ 74.741874556388836, 30.391128542749598 ], [ 74.741964387587032, 30.391128542749598 ], [ 74.741964387587032, 30.390859049154997 ], [ 74.74142540039783, 30.390859049154997 ], [ 74.74142540039783, 30.390499724362197 ], [ 74.741515231596026, 30.390499724362197 ], [ 74.741515231596026, 30.390589555560396 ], [ 74.741605062794235, 30.390589555560396 ], [ 74.741605062794235, 30.390499724362197 ], [ 74.741784725190627, 30.390499724362197 ], [ 74.741784725190627, 30.390589555560396 ], [ 74.742144049983423, 30.390589555560396 ], [ 74.742144049983423, 30.390679386758599 ], [ 74.742233881181633, 30.390679386758599 ], [ 74.742233881181633, 30.390589555560396 ], [ 74.742323712379829, 30.390589555560396 ], [ 74.742323712379829, 30.390409893163998 ], [ 74.742413543578024, 30.390409893163998 ], [ 74.742413543578024, 30.390320061965799 ], [ 74.741605062794235, 30.390320061965799 ], [ 74.741605062794235, 30.390409893163998 ], [ 74.74142540039783, 30.390409893163998 ], [ 74.74142540039783, 30.390320061965799 ], [ 74.741245738001425, 30.390320061965799 ], [ 74.741245738001425, 30.390409893163998 ], [ 74.741066075605033, 30.390409893163998 ], [ 74.741066075605033, 30.390320061965799 ], [ 74.740347426019426, 30.390320061965799 ], [ 74.740347426019426, 30.390140399569397 ], [ 74.740437257217636, 30.390140399569397 ], [ 74.740437257217636, 30.389242087587398 ], [ 74.739359282839231, 30.389242087587398 ], [ 74.739359282839231, 30.389152256389199 ], [ 74.740437257217636, 30.389152256389199 ], [ 74.740437257217636, 30.3887031003982 ], [ 74.739898270028434, 30.3887031003982 ], [ 74.739898270028434, 30.388613269199997 ], [ 74.739269451641036, 30.388613269199997 ], [ 74.739269451641036, 30.3887031003982 ], [ 74.738820295650029, 30.3887031003982 ], [ 74.738820295650029, 30.388613269199997 ], [ 74.738910126848225, 30.388613269199997 ], [ 74.738910126848225, 30.388523438001798 ], [ 74.738999958046435, 30.388523438001798 ], [ 74.738999958046435, 30.387984450812599 ], [ 74.740437257217636, 30.387984450812599 ], [ 74.740437257217636, 30.387086138830597 ], [ 74.74025759482123, 30.387086138830597 ], [ 74.74025759482123, 30.386996307632398 ], [ 74.740167763623035, 30.386996307632398 ], [ 74.740167763623035, 30.387086138830597 ], [ 74.739988101226629, 30.387086138830597 ], [ 74.739988101226629, 30.386996307632398 ], [ 74.738999958046435, 30.386996307632398 ], [ 74.738999958046435, 30.386906476434199 ], [ 74.73908978924463, 30.386906476434199 ], [ 74.73908978924463, 30.386457320443199 ], [ 74.738999958046435, 30.386457320443199 ], [ 74.738999958046435, 30.386277658046797 ], [ 74.738460970857233, 30.386277658046797 ], [ 74.738460970857233, 30.387625126019799 ], [ 74.738371139659023, 30.387625126019799 ], [ 74.738371139659023, 30.387984450812599 ], [ 74.738460970857233, 30.387984450812599 ], [ 74.738460970857233, 30.388613269199997 ], [ 74.738640633253624, 30.388613269199997 ], [ 74.738640633253624, 30.3887031003982 ], [ 74.737921983668031, 30.3887031003982 ], [ 74.737921983668031, 30.388792931596399 ], [ 74.737742321271625, 30.388792931596399 ], [ 74.737742321271625, 30.3887031003982 ], [ 74.73765249007343, 30.3887031003982 ], [ 74.73765249007343, 30.388613269199997 ], [ 74.738281308460827, 30.388613269199997 ], [ 74.738281308460827, 30.388074282010798 ], [ 74.736844009289626, 30.388074282010798 ], [ 74.736844009289626, 30.387984450812599 ], [ 74.736933840487836, 30.387984450812599 ], [ 74.736933840487836, 30.3871759700288 ], [ 74.736394853298634, 30.3871759700288 ], [ 74.736394853298634, 30.387265801226999 ], [ 74.736305022100424, 30.387265801226999 ], [ 74.736305022100424, 30.389691243578397 ], [ 74.736844009289626, 30.389691243578397 ], [ 74.736844009289626, 30.389781074776597 ], [ 74.73765249007343, 30.389781074776597 ], [ 74.73765249007343, 30.389691243578397 ], [ 74.737742321271625, 30.389691243578397 ], [ 74.737742321271625, 30.388882762794598 ], [ 74.737832152469835, 30.388882762794598 ], [ 74.737832152469835, 30.389691243578397 ], [ 74.738371139659023, 30.389691243578397 ], [ 74.738371139659023, 30.389781074776597 ], [ 74.738999958046435, 30.389781074776597 ], [ 74.738999958046435, 30.389062425190996 ], [ 74.73908978924463, 30.389062425190996 ], [ 74.73908978924463, 30.389152256389199 ], [ 74.739179620442826, 30.389152256389199 ], [ 74.739179620442826, 30.389242087587398 ], [ 74.73908978924463, 30.389242087587398 ], [ 74.73908978924463, 30.389960737172999 ], [ 74.738999958046435, 30.389960737172999 ], [ 74.738999958046435, 30.390050568371198 ], [ 74.738910126848225, 30.390050568371198 ], [ 74.738910126848225, 30.390769217956798 ], [ 74.740437257217636, 30.390769217956798 ], [ 74.740437257217636, 30.390679386758599 ], [ 74.740527088415831, 30.390679386758599 ], [ 74.740527088415831, 30.390769217956798 ], [ 74.741066075605033, 30.390769217956798 ], [ 74.741066075605033, 30.390679386758599 ], [ 74.741155906803229, 30.390679386758599 ], [ 74.741155906803229, 30.390769217956798 ], [ 74.741245738001425, 30.390769217956798 ], [ 74.741245738001425, 30.390859049154997 ], [ 74.738820295650029, 30.390859049154997 ], [ 74.738820295650029, 30.391757361137 ], [ 74.739808438830224, 30.391757361137 ], [ 74.739808438830224, 30.391847192335199 ], [ 74.740437257217636, 30.391847192335199 ] ] ] } },
{ "type": "Feature", "properties": { "source_field_id": "1697478", "source_area_m2": 145772.3, "confidence": null, "determination_datetime": "2024-01-01T05:30:00+05:30", "determination_method": "auto-imagery", "xmin": 74.546312037907427, "ymin": 30.417359252623999, "xmax": 74.553049377772425, "ymax": 30.422569462119597, "area_m2": 145662.42700824086, "area_ha": 14.566242700824086, "field_id": "FTW-IN-PB-1697478", "boundary_source": "FIELDS_OF_THE_WORLD_GLOBAL_PRUE_2024_2025", "boundary_type": "RESEARCH_FIELD_BOUNDARY", "research_boundary_disclaimer": "Model-derived remote-sensing field unit; not a cadastral or ownership boundary.", "source_provider": "Fields of The World / Source Cooperative", "source_dataset": "Global Fields of The World, Punjab partition", "source_url": "https://data.source.coop/ftw/global-data/predictions/vectors/alpha/results-by-admin-conf/admin:country_code=IN/IN_PB.parquet", "real_or_synthetic": "REAL", "centroid_lon": 74.549924444696899, "centroid_lat": 30.419859686475171, "data_status": "REAL_SATELLITE_OBSERVATIONS", "ground_truth_status": "NO_GROUND_TRUTH_WEAK_PROXY_LABELS_ONLY", "demo_rank": 7, "demo_category": "BURN_SCAR_CANDIDATE_CORROBORATED_BY_FIRE_PRODUCTS", "demo_score": 11.0, "cropland_fraction": 1.0 }, "geometry": { "type": "Polygon", "coordinates": [ [ [ 74.551162922610231, 30.422569462119597 ], [ 74.551162922610231, 30.422210137326797 ], [ 74.551073091412022, 30.422210137326797 ], [ 74.551073091412022, 30.422120306128598 ], [ 74.55089342901563, 30.422120306128598 ], [ 74.55089342901563, 30.422030474930398 ], [ 74.551073091412022, 30.422030474930398 ], [ 74.551073091412022, 30.421401656542997 ], [ 74.549545961042625, 30.421401656542997 ], [ 74.549545961042625, 30.421311825344798 ], [ 74.550983260213826, 30.421311825344798 ], [ 74.550983260213826, 30.421221994146599 ], [ 74.551073091412022, 30.421221994146599 ], [ 74.551073091412022, 30.421132162948396 ], [ 74.550983260213826, 30.421132162948396 ], [ 74.550983260213826, 30.421042331750197 ], [ 74.551073091412022, 30.421042331750197 ], [ 74.551073091412022, 30.4207728381556 ], [ 74.551162922610231, 30.4207728381556 ], [ 74.551162922610231, 30.420952500551998 ], [ 74.553049377772425, 30.420952500551998 ], [ 74.553049377772425, 30.419964357371796 ], [ 74.550264610628233, 30.419964357371796 ], [ 74.550264610628233, 30.419874526173597 ], [ 74.550983260213826, 30.419874526173597 ], [ 74.550983260213826, 30.419784694975398 ], [ 74.551073091412022, 30.419784694975398 ], [ 74.551073091412022, 30.419425370182598 ], [ 74.550983260213826, 30.419425370182598 ], [ 74.550983260213826, 30.419335538984399 ], [ 74.551073091412022, 30.419335538984399 ], [ 74.551073091412022, 30.4192457077862 ], [ 74.551162922610231, 30.4192457077862 ], [ 74.551162922610231, 30.418437227002396 ], [ 74.551073091412022, 30.418437227002396 ], [ 74.551073091412022, 30.417359252623999 ], [ 74.55089342901563, 30.417359252623999 ], [ 74.55089342901563, 30.417449083822198 ], [ 74.550713766619225, 30.417449083822198 ], [ 74.550713766619225, 30.417538915020398 ], [ 74.550444273024624, 30.417538915020398 ], [ 74.550444273024624, 30.417628746218597 ], [ 74.550264610628233, 30.417628746218597 ], [ 74.550264610628233, 30.4177185774168 ], [ 74.550084948231827, 30.4177185774168 ], [ 74.550084948231827, 30.417808408614999 ], [ 74.549366298646234, 30.417808408614999 ], [ 74.549366298646234, 30.4177185774168 ], [ 74.548557817862431, 30.4177185774168 ], [ 74.548557817862431, 30.417808408614999 ], [ 74.547659505880432, 30.417808408614999 ], [ 74.547659505880432, 30.417898239813198 ], [ 74.547569674682222, 30.417898239813198 ], [ 74.547569674682222, 30.418077902209596 ], [ 74.547300181087621, 30.418077902209596 ], [ 74.547300181087621, 30.418167733407799 ], [ 74.54712051869123, 30.418167733407799 ], [ 74.54712051869123, 30.418257564605998 ], [ 74.547030687493034, 30.418257564605998 ], [ 74.547030687493034, 30.418347395804197 ], [ 74.546940856294825, 30.418347395804197 ], [ 74.546940856294825, 30.418527058200599 ], [ 74.546671362700224, 30.418527058200599 ], [ 74.546671362700224, 30.418616889398798 ], [ 74.546581531502028, 30.418616889398798 ], [ 74.546581531502028, 30.418706720596997 ], [ 74.546491700303832, 30.418706720596997 ], [ 74.546491700303832, 30.418796551795197 ], [ 74.546401869105622, 30.418796551795197 ], [ 74.546401869105622, 30.419425370182598 ], [ 74.546312037907427, 30.419425370182598 ], [ 74.546312037907427, 30.419784694975398 ], [ 74.546491700303832, 30.419784694975398 ], [ 74.546491700303832, 30.419694863777199 ], [ 74.546581531502028, 30.419694863777199 ], [ 74.546581531502028, 30.419605032578996 ], [ 74.546761193898433, 30.419605032578996 ], [ 74.546761193898433, 30.419515201380797 ], [ 74.546851025096629, 30.419515201380797 ], [ 74.546851025096629, 30.419425370182598 ], [ 74.54712051869123, 30.419425370182598 ], [ 74.54712051869123, 30.419335538984399 ], [ 74.547300181087621, 30.419335538984399 ], [ 74.547300181087621, 30.4192457077862 ], [ 74.547390012285831, 30.4192457077862 ], [ 74.547390012285831, 30.419155876587997 ], [ 74.547479843484027, 30.419155876587997 ], [ 74.547479843484027, 30.419066045389798 ], [ 74.547659505880432, 30.419066045389798 ], [ 74.547659505880432, 30.418976214191598 ], [ 74.547839168276823, 30.418976214191598 ], [ 74.547839168276823, 30.418886382993399 ], [ 74.548018830673229, 30.418886382993399 ], [ 74.548018830673229, 30.418796551795197 ], [ 74.548108661871424, 30.418796551795197 ], [ 74.548108661871424, 30.418706720596997 ], [ 74.54828832426783, 30.418706720596997 ], [ 74.54828832426783, 30.418616889398798 ], [ 74.548378155466025, 30.418616889398798 ], [ 74.548378155466025, 30.418527058200599 ], [ 74.548557817862431, 30.418527058200599 ], [ 74.548557817862431, 30.418437227002396 ], [ 74.548737480258822, 30.418437227002396 ], [ 74.548737480258822, 30.418347395804197 ], [ 74.548827311457032, 30.418347395804197 ], [ 74.548827311457032, 30.418257564605998 ], [ 74.548917142655228, 30.418257564605998 ], [ 74.548917142655228, 30.418167733407799 ], [ 74.549366298646234, 30.418167733407799 ], [ 74.549366298646234, 30.418257564605998 ], [ 74.549276467448024, 30.418257564605998 ], [ 74.549276467448024, 30.418347395804197 ], [ 74.549186636249829, 30.418347395804197 ], [ 74.549186636249829, 30.418437227002396 ], [ 74.549096805051633, 30.418437227002396 ], [ 74.549096805051633, 30.418706720596997 ], [ 74.549186636249829, 30.418706720596997 ], [ 74.549186636249829, 30.418796551795197 ], [ 74.549815454637226, 30.418796551795197 ], [ 74.549815454637226, 30.418886382993399 ], [ 74.549186636249829, 30.418886382993399 ], [ 74.549186636249829, 30.418976214191598 ], [ 74.549096805051633, 30.418976214191598 ], [ 74.549096805051633, 30.419784694975398 ], [ 74.549186636249829, 30.419784694975398 ], [ 74.549186636249829, 30.419874526173597 ], [ 74.549096805051633, 30.419874526173597 ], [ 74.549096805051633, 30.420233850966397 ], [ 74.549186636249829, 30.420233850966397 ], [ 74.549186636249829, 30.420323682164597 ], [ 74.549096805051633, 30.420323682164597 ], [ 74.549096805051633, 30.421311825344798 ], [ 74.549186636249829, 30.421311825344798 ], [ 74.549186636249829, 30.421401656542997 ], [ 74.549096805051633, 30.421401656542997 ], [ 74.549096805051633, 30.421940643732199 ], [ 74.549186636249829, 30.421940643732199 ], [ 74.549186636249829, 30.422030474930398 ], [ 74.550264610628233, 30.422030474930398 ], [ 74.550264610628233, 30.422120306128598 ], [ 74.549096805051633, 30.422120306128598 ], [ 74.549096805051633, 30.422569462119597 ], [ 74.551162922610231, 30.422569462119597 ] ], [ [ 74.550534104222834, 30.422030474930398 ], [ 74.550623935421029, 30.422030474930398 ], [ 74.550623935421029, 30.422120306128598 ], [ 74.550534104222834, 30.422120306128598 ], [ 74.550534104222834, 30.422030474930398 ] ], [ [ 74.549545961042625, 30.419874526173597 ], [ 74.549635792240835, 30.419874526173597 ], [ 74.549635792240835, 30.419964357371796 ], [ 74.549545961042625, 30.419964357371796 ], [ 74.549545961042625, 30.419874526173597 ] ], [ [ 74.550084948231827, 30.419335538984399 ], [ 74.550354441826428, 30.419335538984399 ], [ 74.550354441826428, 30.419425370182598 ], [ 74.550084948231827, 30.419425370182598 ], [ 74.550084948231827, 30.419335538984399 ] ], [ [ 74.550534104222834, 30.419335538984399 ], [ 74.55089342901563, 30.419335538984399 ], [ 74.55089342901563, 30.419425370182598 ], [ 74.550534104222834, 30.419425370182598 ], [ 74.550534104222834, 30.419335538984399 ] ] ] } },
{ "type": "Feature", "properties": { "source_field_id": "1699226", "source_area_m2": 138560.03, "confidence": null, "determination_datetime": "2024-01-01T05:30:00+05:30", "determination_method": "auto-imagery", "xmin": 74.602815861575223, "ymin": 30.411969380731996, "xmax": 74.606948096692435, "ymax": 30.417269421425797, "area_m2": 138454.12462001279, "area_ha": 13.84541246200128, "field_id": "FTW-IN-PB-1699226", "boundary_source": "FIELDS_OF_THE_WORLD_GLOBAL_PRUE_2024_2025", "boundary_type": "RESEARCH_FIELD_BOUNDARY", "research_boundary_disclaimer": "Model-derived remote-sensing field unit; not a cadastral or ownership boundary.", "source_provider": "Fields of The World / Source Cooperative", "source_dataset": "Global Fields of The World, Punjab partition", "source_url": "https://data.source.coop/ftw/global-data/predictions/vectors/alpha/results-by-admin-conf/admin:country_code=IN/IN_PB.parquet", "real_or_synthetic": "REAL", "centroid_lon": 74.60483250887998, "centroid_lat": 30.414446190578229, "data_status": "REAL_SATELLITE_OBSERVATIONS", "ground_truth_status": "NO_GROUND_TRUTH_WEAK_PROXY_LABELS_ONLY", "demo_rank": 8, "demo_category": "HARVESTED_NO_BURN_CANDIDATE_NO_FIRE_DETECTIONS", "demo_score": 11.0, "cropland_fraction": 1.0 }, "geometry": { "type": "Polygon", "coordinates": [ [ [ 74.603175186368034, 30.416640603038399 ], [ 74.603354848764425, 30.416640603038399 ], [ 74.603354848764425, 30.416730434236598 ], [ 74.603534511160831, 30.416730434236598 ], [ 74.603534511160831, 30.416820265434797 ], [ 74.603624342359026, 30.416820265434797 ], [ 74.603624342359026, 30.416910096632996 ], [ 74.603804004755432, 30.416910096632996 ], [ 74.603804004755432, 30.416999927831199 ], [ 74.603983667151823, 30.416999927831199 ], [ 74.603983667151823, 30.417089759029398 ], [ 74.604073498350033, 30.417089759029398 ], [ 74.604073498350033, 30.417179590227597 ], [ 74.604253160746424, 30.417179590227597 ], [ 74.604253160746424, 30.417269421425797 ], [ 74.604792147935626, 30.417269421425797 ], [ 74.604792147935626, 30.417179590227597 ], [ 74.604881979133822, 30.417179590227597 ], [ 74.604881979133822, 30.416371109443798 ], [ 74.604971810332032, 30.416371109443798 ], [ 74.604971810332032, 30.4161914470474 ], [ 74.605061641530227, 30.4161914470474 ], [ 74.605061641530227, 30.416101615849197 ], [ 74.605151472728423, 30.416101615849197 ], [ 74.605151472728423, 30.416011784650998 ], [ 74.605241303926633, 30.416011784650998 ], [ 74.605241303926633, 30.415921953452798 ], [ 74.605331135124828, 30.415921953452798 ], [ 74.605331135124828, 30.415742291056397 ], [ 74.605420966323024, 30.415742291056397 ], [ 74.605420966323024, 30.415652459858197 ], [ 74.605510797521234, 30.415652459858197 ], [ 74.605510797521234, 30.415562628659998 ], [ 74.605600628719429, 30.415562628659998 ], [ 74.605600628719429, 30.415382966263596 ], [ 74.605780291115835, 30.415382966263596 ], [ 74.605780291115835, 30.415293135065397 ], [ 74.60587012231403, 30.415293135065397 ], [ 74.60587012231403, 30.415113472668999 ], [ 74.605959953512226, 30.415113472668999 ], [ 74.605959953512226, 30.415023641470796 ], [ 74.606049784710422, 30.415023641470796 ], [ 74.606049784710422, 30.414933810272597 ], [ 74.606139615908631, 30.414933810272597 ], [ 74.606139615908631, 30.414843979074398 ], [ 74.606049784710422, 30.414843979074398 ], [ 74.606049784710422, 30.414754147876199 ], [ 74.606139615908631, 30.414754147876199 ], [ 74.606139615908631, 30.414574485479797 ], [ 74.606229447106827, 30.414574485479797 ], [ 74.606229447106827, 30.414304991885199 ], [ 74.606139615908631, 30.414304991885199 ], [ 74.606139615908631, 30.414125329488797 ], [ 74.606229447106827, 30.414125329488797 ], [ 74.606229447106827, 30.413766004695997 ], [ 74.605600628719429, 30.413766004695997 ], [ 74.605600628719429, 30.413855835894196 ], [ 74.605510797521234, 30.413855835894196 ], [ 74.605510797521234, 30.413766004695997 ], [ 74.605331135124828, 30.413766004695997 ], [ 74.605331135124828, 30.413676173497798 ], [ 74.606229447106827, 30.413676173497798 ], [ 74.606229447106827, 30.413586342299599 ], [ 74.606319278305023, 30.413586342299599 ], [ 74.606319278305023, 30.413047355110397 ], [ 74.606409109503232, 30.413047355110397 ], [ 74.606409109503232, 30.413676173497798 ], [ 74.606498940701428, 30.413676173497798 ], [ 74.606498940701428, 30.413766004695997 ], [ 74.606319278305023, 30.413766004695997 ], [ 74.606319278305023, 30.414664316678 ], [ 74.606948096692435, 30.414664316678 ], [ 74.606948096692435, 30.413766004695997 ], [ 74.606858265494225, 30.413766004695997 ], [ 74.606858265494225, 30.413676173497798 ], [ 74.606948096692435, 30.413676173497798 ], [ 74.606948096692435, 30.412149043128398 ], [ 74.606139615908631, 30.412149043128398 ], [ 74.606139615908631, 30.412059211930199 ], [ 74.605600628719429, 30.412059211930199 ], [ 74.605600628719429, 30.411969380731996 ], [ 74.605241303926633, 30.411969380731996 ], [ 74.605241303926633, 30.412059211930199 ], [ 74.605061641530227, 30.412059211930199 ], [ 74.605061641530227, 30.412149043128398 ], [ 74.604971810332032, 30.412149043128398 ], [ 74.604971810332032, 30.412238874326597 ], [ 74.604881979133822, 30.412238874326597 ], [ 74.604881979133822, 30.412328705524796 ], [ 74.604792147935626, 30.412328705524796 ], [ 74.604792147935626, 30.412418536722999 ], [ 74.604702316737431, 30.412418536722999 ], [ 74.604702316737431, 30.412508367921198 ], [ 74.604881979133822, 30.412508367921198 ], [ 74.604881979133822, 30.412598199119397 ], [ 74.60443282314283, 30.412598199119397 ], [ 74.60443282314283, 30.412688030317597 ], [ 74.604342991944634, 30.412688030317597 ], [ 74.604342991944634, 30.412777861515799 ], [ 74.604253160746424, 30.412777861515799 ], [ 74.604253160746424, 30.412867692713998 ], [ 74.604163329548228, 30.412867692713998 ], [ 74.604163329548228, 30.412957523912198 ], [ 74.604073498350033, 30.412957523912198 ], [ 74.604073498350033, 30.4131371863086 ], [ 74.603893835953627, 30.4131371863086 ], [ 74.603893835953627, 30.413227017506799 ], [ 74.603714173557222, 30.413227017506799 ], [ 74.603714173557222, 30.413316848704998 ], [ 74.603624342359026, 30.413316848704998 ], [ 74.603624342359026, 30.413406679903197 ], [ 74.603534511160831, 30.413406679903197 ], [ 74.603534511160831, 30.413496511101396 ], [ 74.603444679962635, 30.413496511101396 ], [ 74.603444679962635, 30.413586342299599 ], [ 74.603354848764425, 30.413586342299599 ], [ 74.603354848764425, 30.413676173497798 ], [ 74.60326501756623, 30.413676173497798 ], [ 74.60326501756623, 30.413766004695997 ], [ 74.603175186368034, 30.413766004695997 ], [ 74.603175186368034, 30.413855835894196 ], [ 74.603085355169824, 30.413855835894196 ], [ 74.603085355169824, 30.413945667092399 ], [ 74.603444679962635, 30.413945667092399 ], [ 74.603444679962635, 30.413855835894196 ], [ 74.603804004755432, 30.413855835894196 ], [ 74.603804004755432, 30.413945667092399 ], [ 74.604881979133822, 30.413945667092399 ], [ 74.604881979133822, 30.413766004695997 ], [ 74.604792147935626, 30.413766004695997 ], [ 74.604792147935626, 30.413676173497798 ], [ 74.60443282314283, 30.413676173497798 ], [ 74.60443282314283, 30.413586342299599 ], [ 74.604971810332032, 30.413586342299599 ], [ 74.604971810332032, 30.413676173497798 ], [ 74.605151472728423, 30.413676173497798 ], [ 74.605151472728423, 30.413766004695997 ], [ 74.604971810332032, 30.413766004695997 ], [ 74.604971810332032, 30.414125329488797 ], [ 74.605420966323024, 30.414125329488797 ], [ 74.605420966323024, 30.414215160686997 ], [ 74.604971810332032, 30.414215160686997 ], [ 74.604971810332032, 30.414664316678 ], [ 74.605061641530227, 30.414664316678 ], [ 74.605061641530227, 30.414754147876199 ], [ 74.604971810332032, 30.414754147876199 ], [ 74.604971810332032, 30.415921953452798 ], [ 74.604881979133822, 30.415921953452798 ], [ 74.604881979133822, 30.415472797461799 ], [ 74.604792147935626, 30.415472797461799 ], [ 74.604792147935626, 30.415382966263596 ], [ 74.604881979133822, 30.415382966263596 ], [ 74.604881979133822, 30.414125329488797 ], [ 74.604792147935626, 30.414125329488797 ], [ 74.604792147935626, 30.414035498290598 ], [ 74.60443282314283, 30.414035498290598 ], [ 74.60443282314283, 30.414125329488797 ], [ 74.604253160746424, 30.414125329488797 ], [ 74.604253160746424, 30.414035498290598 ], [ 74.602905692773433, 30.414035498290598 ], [ 74.602905692773433, 30.416011784650998 ], [ 74.602815861575223, 30.416011784650998 ], [ 74.602815861575223, 30.416371109443798 ], [ 74.602995523971629, 30.416371109443798 ], [ 74.602995523971629, 30.416460940641997 ], [ 74.603085355169824, 30.416460940641997 ], [ 74.603085355169824, 30.416371109443798 ], [ 74.603175186368034, 30.416371109443798 ], [ 74.603175186368034, 30.416640603038399 ] ], [ [ 74.603175186368034, 30.416101615849197 ], [ 74.60326501756623, 30.416101615849197 ], [ 74.60326501756623, 30.416371109443798 ], [ 74.603175186368034, 30.416371109443798 ], [ 74.603175186368034, 30.416101615849197 ] ], [ [ 74.603444679962635, 30.414754147876199 ], [ 74.603534511160831, 30.414754147876199 ], [ 74.603534511160831, 30.414933810272597 ], [ 74.603444679962635, 30.414933810272597 ], [ 74.603444679962635, 30.414754147876199 ] ], [ [ 74.604253160746424, 30.414215160686997 ], [ 74.604342991944634, 30.414215160686997 ], [ 74.604342991944634, 30.414843979074398 ], [ 74.604253160746424, 30.414843979074398 ], [ 74.604253160746424, 30.414215160686997 ] ], [ [ 74.605600628719429, 30.414215160686997 ], [ 74.605510797521234, 30.414215160686997 ], [ 74.605510797521234, 30.414125329488797 ], [ 74.605690459917625, 30.414125329488797 ], [ 74.605690459917625, 30.414304991885199 ], [ 74.605600628719429, 30.414304991885199 ], [ 74.605600628719429, 30.414215160686997 ] ], [ [ 74.604342991944634, 30.4131371863086 ], [ 74.604612485539235, 30.4131371863086 ], [ 74.604612485539235, 30.413227017506799 ], [ 74.604342991944634, 30.413227017506799 ], [ 74.604342991944634, 30.4131371863086 ] ] ] } },
{ "type": "Feature", "properties": { "source_field_id": "1706148", "source_area_m2": 133824.41, "confidence": null, "determination_datetime": "2024-01-01T05:30:00+05:30", "determination_method": "auto-imagery", "xmin": 74.68034018562183, "ymin": 30.417898239813198, "xmax": 74.683753771153434, "ymax": 30.422659293317796, "area_m2": 133720.44488936421, "area_ha": 13.372044488936421, "field_id": "FTW-IN-PB-1706148", "boundary_source": "FIELDS_OF_THE_WORLD_GLOBAL_PRUE_2024_2025", "boundary_type": "RESEARCH_FIELD_BOUNDARY", "research_boundary_disclaimer": "Model-derived remote-sensing field unit; not a cadastral or ownership boundary.", "source_provider": "Fields of The World / Source Cooperative", "source_dataset": "Global Fields of The World, Punjab partition", "source_url": "https://data.source.coop/ftw/global-data/predictions/vectors/alpha/results-by-admin-conf/admin:country_code=IN/IN_PB.parquet", "real_or_synthetic": "REAL", "centroid_lon": 74.682071122716536, "centroid_lat": 30.420446702137671, "data_status": "REAL_SATELLITE_OBSERVATIONS", "ground_truth_status": "NO_GROUND_TRUTH_WEAK_PROXY_LABELS_ONLY", "demo_rank": 9, "demo_category": "BURN_SCAR_CANDIDATE_CORROBORATED_BY_FIRE_PRODUCTS", "demo_score": 11.0, "cropland_fraction": 1.0 }, "geometry": { "type": "Polygon", "coordinates": [ [ [ 74.680879172811032, 30.422659293317796 ], [ 74.680879172811032, 30.421221994146599 ], [ 74.680789341612837, 30.421221994146599 ], [ 74.680789341612837, 30.421132162948396 ], [ 74.680609679216431, 30.421132162948396 ], [ 74.680609679216431, 30.421042331750197 ], [ 74.680789341612837, 30.421042331750197 ], [ 74.680789341612837, 30.420952500551998 ], [ 74.680969004009228, 30.420952500551998 ], [ 74.680969004009228, 30.421042331750197 ], [ 74.681058835207423, 30.421042331750197 ], [ 74.681058835207423, 30.422569462119597 ], [ 74.681777484793031, 30.422569462119597 ], [ 74.681777484793031, 30.422659293317796 ], [ 74.682945290369631, 30.422659293317796 ], [ 74.682945290369631, 30.422569462119597 ], [ 74.683035121567826, 30.422569462119597 ], [ 74.683035121567826, 30.422659293317796 ], [ 74.683574108757028, 30.422659293317796 ], [ 74.683574108757028, 30.422479630921398 ], [ 74.683663939955224, 30.422479630921398 ], [ 74.683663939955224, 30.420593175759198 ], [ 74.682585965576834, 30.420593175759198 ], [ 74.682585965576834, 30.420413513362799 ], [ 74.683214783964232, 30.420413513362799 ], [ 74.683214783964232, 30.420503344560998 ], [ 74.683304615162427, 30.420503344560998 ], [ 74.683304615162427, 30.420413513362799 ], [ 74.683394446360623, 30.420413513362799 ], [ 74.683394446360623, 30.420503344560998 ], [ 74.683663939955224, 30.420503344560998 ], [ 74.683663939955224, 30.419605032578996 ], [ 74.683124952766036, 30.419605032578996 ], [ 74.683124952766036, 30.419784694975398 ], [ 74.683035121567826, 30.419784694975398 ], [ 74.683035121567826, 30.419425370182598 ], [ 74.683124952766036, 30.419425370182598 ], [ 74.683124952766036, 30.419515201380797 ], [ 74.683663939955224, 30.419515201380797 ], [ 74.683663939955224, 30.419425370182598 ], [ 74.683753771153434, 30.419425370182598 ], [ 74.683753771153434, 30.418976214191598 ], [ 74.683663939955224, 30.418976214191598 ], [ 74.683663939955224, 30.418886382993399 ], [ 74.683394446360623, 30.418886382993399 ], [ 74.683394446360623, 30.418976214191598 ], [ 74.683124952766036, 30.418976214191598 ], [ 74.683124952766036, 30.419066045389798 ], [ 74.682406303180429, 30.419066045389798 ], [ 74.682406303180429, 30.421042331750197 ], [ 74.682316471982233, 30.421042331750197 ], [ 74.682316471982233, 30.4207728381556 ], [ 74.682226640784023, 30.4207728381556 ], [ 74.682226640784023, 30.420683006957397 ], [ 74.682136809585828, 30.420683006957397 ], [ 74.682136809585828, 30.420593175759198 ], [ 74.682226640784023, 30.420593175759198 ], [ 74.682226640784023, 30.420413513362799 ], [ 74.682316471982233, 30.420413513362799 ], [ 74.682316471982233, 30.419964357371796 ], [ 74.682226640784023, 30.419964357371796 ], [ 74.682226640784023, 30.419335538984399 ], [ 74.682316471982233, 30.419335538984399 ], [ 74.682316471982233, 30.4192457077862 ], [ 74.682226640784023, 30.4192457077862 ], [ 74.682226640784023, 30.419155876587997 ], [ 74.682316471982233, 30.419155876587997 ], [ 74.682316471982233, 30.418976214191598 ], [ 74.682226640784023, 30.418976214191598 ], [ 74.682226640784023, 30.418796551795197 ], [ 74.682406303180429, 30.418796551795197 ], [ 74.682406303180429, 30.418886382993399 ], [ 74.682765627973225, 30.418886382993399 ], [ 74.682765627973225, 30.418976214191598 ], [ 74.682945290369631, 30.418976214191598 ], [ 74.682945290369631, 30.418616889398798 ], [ 74.683035121567826, 30.418616889398798 ], [ 74.683035121567826, 30.417988071011397 ], [ 74.682945290369631, 30.417988071011397 ], [ 74.682945290369631, 30.417898239813198 ], [ 74.681777484793031, 30.417898239813198 ], [ 74.681777484793031, 30.418077902209596 ], [ 74.681687653594835, 30.418077902209596 ], [ 74.681687653594835, 30.417898239813198 ], [ 74.68034018562183, 30.417898239813198 ], [ 74.68034018562183, 30.418437227002396 ], [ 74.681058835207423, 30.418437227002396 ], [ 74.681058835207423, 30.418527058200599 ], [ 74.681238497603829, 30.418527058200599 ], [ 74.681238497603829, 30.418616889398798 ], [ 74.681058835207423, 30.418616889398798 ], [ 74.681058835207423, 30.419964357371796 ], [ 74.681687653594835, 30.419964357371796 ], [ 74.681687653594835, 30.420054188569999 ], [ 74.681238497603829, 30.420054188569999 ], [ 74.681238497603829, 30.420144019768198 ], [ 74.681058835207423, 30.420144019768198 ], [ 74.681058835207423, 30.420233850966397 ], [ 74.680969004009228, 30.420233850966397 ], [ 74.680969004009228, 30.420144019768198 ], [ 74.680430016820026, 30.420144019768198 ], [ 74.680430016820026, 30.420233850966397 ], [ 74.68034018562183, 30.420233850966397 ], [ 74.68034018562183, 30.421042331750197 ], [ 74.680430016820026, 30.421042331750197 ], [ 74.680430016820026, 30.421221994146599 ], [ 74.68034018562183, 30.421221994146599 ], [ 74.68034018562183, 30.422569462119597 ], [ 74.680699510414627, 30.422569462119597 ], [ 74.680699510414627, 30.422659293317796 ], [ 74.680879172811032, 30.422659293317796 ] ], [ [ 74.681597822396625, 30.421042331750197 ], [ 74.681687653594835, 30.421042331750197 ], [ 74.681687653594835, 30.421401656542997 ], [ 74.681597822396625, 30.421401656542997 ], [ 74.681597822396625, 30.421042331750197 ] ], [ [ 74.681597822396625, 30.420683006957397 ], [ 74.681687653594835, 30.420683006957397 ], [ 74.681687653594835, 30.4207728381556 ], [ 74.681597822396625, 30.4207728381556 ], [ 74.681597822396625, 30.420683006957397 ] ], [ [ 74.682046978387632, 30.418796551795197 ], [ 74.682046978387632, 30.418886382993399 ], [ 74.681687653594835, 30.418886382993399 ], [ 74.681687653594835, 30.418796551795197 ], [ 74.682046978387632, 30.418796551795197 ] ], [ [ 74.681597822396625, 30.418796551795197 ], [ 74.681597822396625, 30.418706720596997 ], [ 74.681418160000234, 30.418706720596997 ], [ 74.681418160000234, 30.418616889398798 ], [ 74.681687653594835, 30.418616889398798 ], [ 74.681687653594835, 30.418796551795197 ], [ 74.681597822396625, 30.418796551795197 ] ], [ [ 74.681597822396625, 30.418167733407799 ], [ 74.681687653594835, 30.418167733407799 ], [ 74.681687653594835, 30.418347395804197 ], [ 74.681597822396625, 30.418347395804197 ], [ 74.681597822396625, 30.418167733407799 ] ] ] } },
{ "type": "Feature", "properties": { "source_field_id": "1682529", "source_area_m2": 75358.133, "confidence": null, "determination_datetime": "2024-01-01T05:30:00+05:30", "determination_method": "auto-imagery", "xmin": 74.771339189398432, "ymin": 30.331660289541198, "xmax": 74.774842606128232, "ymax": 30.334804381478197, "area_m2": 75298.744601558428, "area_ha": 7.5298744601558427, "field_id": "FTW-IN-PB-1682529", "boundary_source": "FIELDS_OF_THE_WORLD_GLOBAL_PRUE_2024_2025", "boundary_type": "RESEARCH_FIELD_BOUNDARY", "research_boundary_disclaimer": "Model-derived remote-sensing field unit; not a cadastral or ownership boundary.", "source_provider": "Fields of The World / Source Cooperative", "source_dataset": "Global Fields of The World, Punjab partition", "source_url": "https://data.source.coop/ftw/global-data/predictions/vectors/alpha/results-by-admin-conf/admin:country_code=IN/IN_PB.parquet", "real_or_synthetic": "REAL", "centroid_lon": 74.772795966281777, "centroid_lat": 30.333475881984761, "data_status": "REAL_SATELLITE_OBSERVATIONS", "ground_truth_status": "NO_GROUND_TRUTH_WEAK_PROXY_LABELS_ONLY", "demo_rank": 10, "demo_category": "BURN_SCAR_CANDIDATE_CORROBORATED_BY_FIRE_PRODUCTS", "demo_score": 10.506, "cropland_fraction": 1.0 }, "geometry": { "type": "Polygon", "coordinates": [ [ [ 74.772147670182235, 30.334804381478197 ], [ 74.772147670182235, 30.334714550279998 ], [ 74.772237501380431, 30.334714550279998 ], [ 74.772237501380431, 30.334804381478197 ], [ 74.772956150966024, 30.334804381478197 ], [ 74.772956150966024, 30.334714550279998 ], [ 74.773045982164234, 30.334714550279998 ], [ 74.773045982164234, 30.334804381478197 ], [ 74.774662943731826, 30.334804381478197 ], [ 74.774662943731826, 30.334624719081798 ], [ 74.774752774930036, 30.334624719081798 ], [ 74.774752774930036, 30.334804381478197 ], [ 74.774842606128232, 30.334804381478197 ], [ 74.774842606128232, 30.334534887883599 ], [ 74.774662943731826, 30.334534887883599 ], [ 74.774662943731826, 30.334445056685396 ], [ 74.774573112533631, 30.334445056685396 ], [ 74.774573112533631, 30.334355225487197 ], [ 74.77430361893903, 30.334355225487197 ], [ 74.77430361893903, 30.334265394288998 ], [ 74.774842606128232, 30.334265394288998 ], [ 74.774842606128232, 30.334085731892596 ], [ 74.774752774930036, 30.334085731892596 ], [ 74.774752774930036, 30.333726407099796 ], [ 74.774662943731826, 30.333726407099796 ], [ 74.774662943731826, 30.333636575901597 ], [ 74.774573112533631, 30.333636575901597 ], [ 74.774573112533631, 30.333546744703398 ], [ 74.774393450137225, 30.333546744703398 ], [ 74.774393450137225, 30.333367082306999 ], [ 74.77430361893903, 30.333367082306999 ], [ 74.77430361893903, 30.333277251108797 ], [ 74.774123956542624, 30.333277251108797 ], [ 74.774123956542624, 30.333187419910598 ], [ 74.773944294146233, 30.333187419910598 ], [ 74.773944294146233, 30.333097588712398 ], [ 74.773854462948023, 30.333097588712398 ], [ 74.773854462948023, 30.333007757514199 ], [ 74.773764631749827, 30.333007757514199 ], [ 74.773764631749827, 30.332917926315996 ], [ 74.773674800551632, 30.332917926315996 ], [ 74.773674800551632, 30.332828095117797 ], [ 74.773584969353436, 30.332828095117797 ], [ 74.773584969353436, 30.332738263919598 ], [ 74.773495138155226, 30.332738263919598 ], [ 74.773495138155226, 30.332648432721399 ], [ 74.773315475758835, 30.332648432721399 ], [ 74.773315475758835, 30.332558601523196 ], [ 74.77313581336243, 30.332558601523196 ], [ 74.77313581336243, 30.332468770324997 ], [ 74.773045982164234, 30.332468770324997 ], [ 74.773045982164234, 30.332378939126798 ], [ 74.772956150966024, 30.332378939126798 ], [ 74.772956150966024, 30.332289107928599 ], [ 74.772866319767829, 30.332289107928599 ], [ 74.772866319767829, 30.3321992767304 ], [ 74.772776488569633, 30.3321992767304 ], [ 74.772776488569633, 30.332109445532197 ], [ 74.772686657371423, 30.332109445532197 ], [ 74.772686657371423, 30.332019614333998 ], [ 74.772506994975032, 30.332019614333998 ], [ 74.772506994975032, 30.331929783135799 ], [ 74.772417163776836, 30.331929783135799 ], [ 74.772417163776836, 30.331839951937599 ], [ 74.772327332578627, 30.331839951937599 ], [ 74.772327332578627, 30.331750120739397 ], [ 74.772147670182235, 30.331750120739397 ], [ 74.772147670182235, 30.331660289541198 ], [ 74.771339189398432, 30.331660289541198 ], [ 74.771339189398432, 30.332289107928599 ], [ 74.771429020596628, 30.332289107928599 ], [ 74.771429020596628, 30.332378939126798 ], [ 74.771339189398432, 30.332378939126798 ], [ 74.771339189398432, 30.333277251108797 ], [ 74.771429020596628, 30.333277251108797 ], [ 74.771429020596628, 30.333456913505199 ], [ 74.772956150966024, 30.333456913505199 ], [ 74.772956150966024, 30.333367082306999 ], [ 74.773045982164234, 30.333367082306999 ], [ 74.773045982164234, 30.333456913505199 ], [ 74.774213787740834, 30.333456913505199 ], [ 74.774213787740834, 30.333546744703398 ], [ 74.773584969353436, 30.333546744703398 ], [ 74.773584969353436, 30.333636575901597 ], [ 74.773315475758835, 30.333636575901597 ], [ 74.773315475758835, 30.333546744703398 ], [ 74.772237501380431, 30.333546744703398 ], [ 74.772237501380431, 30.334265394288998 ], [ 74.774213787740834, 30.334265394288998 ], [ 74.774213787740834, 30.334355225487197 ], [ 74.77313581336243, 30.334355225487197 ], [ 74.77313581336243, 30.334445056685396 ], [ 74.772866319767829, 30.334445056685396 ], [ 74.772866319767829, 30.334355225487197 ], [ 74.772237501380431, 30.334355225487197 ], [ 74.772237501380431, 30.334624719081798 ], [ 74.772147670182235, 30.334624719081798 ], [ 74.772147670182235, 30.333816238297999 ], [ 74.772057838984026, 30.333816238297999 ], [ 74.772057838984026, 30.333546744703398 ], [ 74.771518851794823, 30.333546744703398 ], [ 74.771518851794823, 30.334804381478197 ], [ 74.772147670182235, 30.334804381478197 ] ], [ [ 74.772956150966024, 30.334534887883599 ], [ 74.773045982164234, 30.334534887883599 ], [ 74.773045982164234, 30.334624719081798 ], [ 74.772956150966024, 30.334624719081798 ], [ 74.772956150966024, 30.334534887883599 ] ], [ [ 74.772057838984026, 30.332289107928599 ], [ 74.772147670182235, 30.332289107928599 ], [ 74.772147670182235, 30.332378939126798 ], [ 74.772057838984026, 30.332378939126798 ], [ 74.772057838984026, 30.332289107928599 ] ] ] } },
{ "type": "Feature", "properties": { "source_field_id": "1633074", "source_area_m2": 65574.156, "confidence": null, "determination_datetime": "2024-01-01T05:30:00+05:30", "determination_method": "auto-imagery", "xmin": 74.539395035646024, "ymin": 30.297434603026996, "xmax": 74.543257777168634, "ymax": 30.299500720585598, "area_m2": 65524.85633085174, "area_ha": 6.5524856330851744, "field_id": "FTW-IN-PB-1633074", "boundary_source": "FIELDS_OF_THE_WORLD_GLOBAL_PRUE_2024_2025", "boundary_type": "RESEARCH_FIELD_BOUNDARY", "research_boundary_disclaimer": "Model-derived remote-sensing field unit; not a cadastral or ownership boundary.", "source_provider": "Fields of The World / Source Cooperative", "source_dataset": "Global Fields of The World, Punjab partition", "source_url": "https://data.source.coop/ftw/global-data/predictions/vectors/alpha/results-by-admin-conf/admin:country_code=IN/IN_PB.parquet", "real_or_synthetic": "REAL", "centroid_lon": 74.541185883648282, "centroid_lat": 30.298392920906931, "data_status": "REAL_SATELLITE_OBSERVATIONS", "ground_truth_status": "NO_GROUND_TRUTH_WEAK_PROXY_LABELS_ONLY", "demo_rank": 11, "demo_category": "BURN_SCAR_CANDIDATE_CORROBORATED_BY_FIRE_PRODUCTS", "demo_score": 10.31, "cropland_fraction": 1.0 }, "geometry": { "type": "Polygon", "coordinates": [ [ [ 74.540023854033421, 30.299500720585598 ], [ 74.540023854033421, 30.299410889387399 ], [ 74.540203516429827, 30.299410889387399 ], [ 74.540203516429827, 30.299500720585598 ], [ 74.540473010024428, 30.299500720585598 ], [ 74.540473010024428, 30.299410889387399 ], [ 74.540652672420833, 30.299410889387399 ], [ 74.540652672420833, 30.299500720585598 ], [ 74.541461153204622, 30.299500720585598 ], [ 74.541461153204622, 30.299410889387399 ], [ 74.541550984402832, 30.299410889387399 ], [ 74.541550984402832, 30.299231226990997 ], [ 74.541461153204622, 30.299231226990997 ], [ 74.541461153204622, 30.298063421414398 ], [ 74.541640815601028, 30.298063421414398 ], [ 74.541640815601028, 30.299410889387399 ], [ 74.541910309195629, 30.299410889387399 ], [ 74.541910309195629, 30.299500720585598 ], [ 74.542449296384831, 30.299500720585598 ], [ 74.542449296384831, 30.299410889387399 ], [ 74.542539127583026, 30.299410889387399 ], [ 74.542539127583026, 30.299141395792798 ], [ 74.542628958781222, 30.299141395792798 ], [ 74.542628958781222, 30.298871902198197 ], [ 74.542718789979432, 30.298871902198197 ], [ 74.542718789979432, 30.298602408603596 ], [ 74.542808621177628, 30.298602408603596 ], [ 74.542808621177628, 30.298332915008999 ], [ 74.542089971592034, 30.298332915008999 ], [ 74.542089971592034, 30.298243083810799 ], [ 74.542449296384831, 30.298243083810799 ], [ 74.542449296384831, 30.298153252612597 ], [ 74.542718789979432, 30.298153252612597 ], [ 74.542718789979432, 30.298243083810799 ], [ 74.542808621177628, 30.298243083810799 ], [ 74.542808621177628, 30.298153252612597 ], [ 74.542988283574033, 30.298153252612597 ], [ 74.542988283574033, 30.297973590216198 ], [ 74.543078114772229, 30.297973590216198 ], [ 74.543078114772229, 30.297793927819797 ], [ 74.543167945970424, 30.297793927819797 ], [ 74.543167945970424, 30.297614265423398 ], [ 74.543257777168634, 30.297614265423398 ], [ 74.543257777168634, 30.297524434225199 ], [ 74.543167945970424, 30.297524434225199 ], [ 74.543167945970424, 30.297434603026996 ], [ 74.542359465186635, 30.297434603026996 ], [ 74.542359465186635, 30.297524434225199 ], [ 74.54217980279023, 30.297524434225199 ], [ 74.54217980279023, 30.297434603026996 ], [ 74.540922166015434, 30.297434603026996 ], [ 74.540922166015434, 30.297793927819797 ], [ 74.540832334817225, 30.297793927819797 ], [ 74.540832334817225, 30.297434603026996 ], [ 74.540203516429827, 30.297434603026996 ], [ 74.540203516429827, 30.297524434225199 ], [ 74.540023854033421, 30.297524434225199 ], [ 74.540023854033421, 30.297434603026996 ], [ 74.539484866844234, 30.297434603026996 ], [ 74.539484866844234, 30.297524434225199 ], [ 74.539395035646024, 30.297524434225199 ], [ 74.539395035646024, 30.297704096621597 ], [ 74.539484866844234, 30.297704096621597 ], [ 74.539484866844234, 30.298422746207198 ], [ 74.539574698042429, 30.298422746207198 ], [ 74.539574698042429, 30.298512577405397 ], [ 74.539754360438835, 30.298512577405397 ], [ 74.539754360438835, 30.298602408603596 ], [ 74.539574698042429, 30.298602408603596 ], [ 74.539574698042429, 30.299410889387399 ], [ 74.539664529240625, 30.299410889387399 ], [ 74.539664529240625, 30.299500720585598 ], [ 74.540023854033421, 30.299500720585598 ] ], [ [ 74.540113685231631, 30.298602408603596 ], [ 74.540023854033421, 30.298602408603596 ], [ 74.540023854033421, 30.298422746207198 ], [ 74.540203516429827, 30.298422746207198 ], [ 74.540203516429827, 30.298512577405397 ], [ 74.540293347628023, 30.298512577405397 ], [ 74.540293347628023, 30.298602408603596 ], [ 74.540203516429827, 30.298602408603596 ], [ 74.540203516429827, 30.298961733396396 ], [ 74.540293347628023, 30.298961733396396 ], [ 74.540293347628023, 30.299051564594599 ], [ 74.540203516429827, 30.299051564594599 ], [ 74.540203516429827, 30.299321058189197 ], [ 74.540113685231631, 30.299321058189197 ], [ 74.540113685231631, 30.298602408603596 ] ], [ [ 74.540473010024428, 30.298961733396396 ], [ 74.540652672420833, 30.298961733396396 ], [ 74.540652672420833, 30.299051564594599 ], [ 74.540562841222624, 30.299051564594599 ], [ 74.540562841222624, 30.299141395792798 ], [ 74.540473010024428, 30.299141395792798 ], [ 74.540473010024428, 30.298961733396396 ] ], [ [ 74.540742503619029, 30.298961733396396 ], [ 74.540922166015434, 30.298961733396396 ], [ 74.540922166015434, 30.299051564594599 ], [ 74.540742503619029, 30.299051564594599 ], [ 74.540742503619029, 30.298961733396396 ] ], [ [ 74.540562841222624, 30.298512577405397 ], [ 74.540652672420833, 30.298512577405397 ], [ 74.540652672420833, 30.298422746207198 ], [ 74.540742503619029, 30.298422746207198 ], [ 74.540742503619029, 30.298332915008999 ], [ 74.540922166015434, 30.298332915008999 ], [ 74.540922166015434, 30.298422746207198 ], [ 74.540832334817225, 30.298422746207198 ], [ 74.540832334817225, 30.298512577405397 ], [ 74.540742503619029, 30.298512577405397 ], [ 74.540742503619029, 30.298602408603596 ], [ 74.540562841222624, 30.298602408603596 ], [ 74.540562841222624, 30.298512577405397 ] ] ] } },
{ "type": "Feature", "properties": { "source_field_id": "1654258", "source_area_m2": 125844.47, "confidence": null, "determination_datetime": "2025-01-01T05:30:00+05:30", "determination_method": "auto-imagery", "xmin": 74.602905692773433, "ymin": 30.406489677641797, "xmax": 74.605600628719429, "ymax": 30.413227017506799, "area_m2": 125748.29452810498, "area_ha": 12.574829452810498, "field_id": "FTW-IN-PB-1654258", "boundary_source": "FIELDS_OF_THE_WORLD_GLOBAL_PRUE_2024_2025", "boundary_type": "RESEARCH_FIELD_BOUNDARY", "research_boundary_disclaimer": "Model-derived remote-sensing field unit; not a cadastral or ownership boundary.", "source_provider": "Fields of The World / Source Cooperative", "source_dataset": "Global Fields of The World, Punjab partition", "source_url": "https://data.source.coop/ftw/global-data/predictions/vectors/alpha/results-by-admin-conf/admin:country_code=IN/IN_PB.parquet", "real_or_synthetic": "REAL", "centroid_lon": 74.603999620988972, "centroid_lat": 30.409827276031685, "data_status": "REAL_SATELLITE_OBSERVATIONS", "ground_truth_status": "NO_GROUND_TRUTH_WEAK_PROXY_LABELS_ONLY", "demo_rank": 12, "demo_category": "HARVESTED_NO_BURN_CANDIDATE_NO_FIRE_DETECTIONS", "demo_score": 10.0, "cropland_fraction": 0.98888888888888893 }, "geometry": { "type": "Polygon", "coordinates": [ [ [ 74.603175186368034, 30.413227017506799 ], [ 74.603175186368034, 30.4131371863086 ], [ 74.60326501756623, 30.4131371863086 ], [ 74.60326501756623, 30.413047355110397 ], [ 74.603354848764425, 30.413047355110397 ], [ 74.603354848764425, 30.412957523912198 ], [ 74.603444679962635, 30.412957523912198 ], [ 74.603444679962635, 30.412867692713998 ], [ 74.603534511160831, 30.412867692713998 ], [ 74.603534511160831, 30.412777861515799 ], [ 74.603624342359026, 30.412777861515799 ], [ 74.603624342359026, 30.412688030317597 ], [ 74.603714173557222, 30.412688030317597 ], [ 74.603714173557222, 30.412598199119397 ], [ 74.603804004755432, 30.412598199119397 ], [ 74.603804004755432, 30.412508367921198 ], [ 74.603893835953627, 30.412508367921198 ], [ 74.603893835953627, 30.412418536722999 ], [ 74.603983667151823, 30.412418536722999 ], [ 74.603983667151823, 30.412328705524796 ], [ 74.604073498350033, 30.412328705524796 ], [ 74.604073498350033, 30.412238874326597 ], [ 74.604163329548228, 30.412238874326597 ], [ 74.604163329548228, 30.412149043128398 ], [ 74.604253160746424, 30.412149043128398 ], [ 74.604253160746424, 30.412059211930199 ], [ 74.604342991944634, 30.412059211930199 ], [ 74.604342991944634, 30.411969380731996 ], [ 74.604522654341025, 30.411969380731996 ], [ 74.604522654341025, 30.411879549533797 ], [ 74.604612485539235, 30.411879549533797 ], [ 74.604612485539235, 30.411789718335598 ], [ 74.604702316737431, 30.411789718335598 ], [ 74.604702316737431, 30.411699887137399 ], [ 74.604881979133822, 30.411699887137399 ], [ 74.604881979133822, 30.4116100559392 ], [ 74.604971810332032, 30.4116100559392 ], [ 74.604971810332032, 30.411520224740997 ], [ 74.605061641530227, 30.411520224740997 ], [ 74.605061641530227, 30.411430393542798 ], [ 74.605151472728423, 30.411430393542798 ], [ 74.605151472728423, 30.411340562344598 ], [ 74.605241303926633, 30.411340562344598 ], [ 74.605241303926633, 30.411250731146399 ], [ 74.605331135124828, 30.411250731146399 ], [ 74.605331135124828, 30.411160899948197 ], [ 74.605420966323024, 30.411160899948197 ], [ 74.605420966323024, 30.411071068749997 ], [ 74.605510797521234, 30.411071068749997 ], [ 74.605510797521234, 30.410801575155396 ], [ 74.605600628719429, 30.410801575155396 ], [ 74.605600628719429, 30.410621912758998 ], [ 74.605510797521234, 30.410621912758998 ], [ 74.605510797521234, 30.410532081560799 ], [ 74.605600628719429, 30.410532081560799 ], [ 74.605600628719429, 30.410172756767999 ], [ 74.605510797521234, 30.410172756767999 ], [ 74.605510797521234, 30.409633769578797 ], [ 74.605600628719429, 30.409633769578797 ], [ 74.605600628719429, 30.409364275984199 ], [ 74.605510797521234, 30.409364275984199 ], [ 74.605510797521234, 30.409094782389598 ], [ 74.605600628719429, 30.409094782389598 ], [ 74.605600628719429, 30.408825288794997 ], [ 74.605510797521234, 30.408825288794997 ], [ 74.605510797521234, 30.408645626398599 ], [ 74.605600628719429, 30.408645626398599 ], [ 74.605600628719429, 30.4085557952004 ], [ 74.605510797521234, 30.4085557952004 ], [ 74.605510797521234, 30.408465964002197 ], [ 74.604612485539235, 30.408465964002197 ], [ 74.604612485539235, 30.4085557952004 ], [ 74.604163329548228, 30.4085557952004 ], [ 74.604163329548228, 30.408465964002197 ], [ 74.604253160746424, 30.408465964002197 ], [ 74.604253160746424, 30.408376132803998 ], [ 74.604342991944634, 30.408376132803998 ], [ 74.604342991944634, 30.406489677641797 ], [ 74.603804004755432, 30.406489677641797 ], [ 74.603804004755432, 30.406579508839997 ], [ 74.603624342359026, 30.406579508839997 ], [ 74.603624342359026, 30.406669340038199 ], [ 74.602905692773433, 30.406669340038199 ], [ 74.602905692773433, 30.406849002434598 ], [ 74.602995523971629, 30.406849002434598 ], [ 74.602995523971629, 30.407477820821999 ], [ 74.602905692773433, 30.407477820821999 ], [ 74.602905692773433, 30.408196470407599 ], [ 74.602995523971629, 30.408196470407599 ], [ 74.602995523971629, 30.4085557952004 ], [ 74.602905692773433, 30.4085557952004 ], [ 74.602905692773433, 30.413227017506799 ], [ 74.603175186368034, 30.413227017506799 ] ], [ [ 74.603893835953627, 30.410981237551798 ], [ 74.603804004755432, 30.410981237551798 ], [ 74.603804004755432, 30.408735457596798 ], [ 74.603893835953627, 30.408735457596798 ], [ 74.603893835953627, 30.4085557952004 ], [ 74.603804004755432, 30.4085557952004 ], [ 74.603804004755432, 30.408465964002197 ], [ 74.604073498350033, 30.408465964002197 ], [ 74.604073498350033, 30.4085557952004 ], [ 74.603983667151823, 30.4085557952004 ], [ 74.603983667151823, 30.408825288794997 ], [ 74.603893835953627, 30.408825288794997 ], [ 74.603893835953627, 30.4100829255698 ], [ 74.603983667151823, 30.4100829255698 ], [ 74.603983667151823, 30.410172756767999 ], [ 74.604163329548228, 30.410172756767999 ], [ 74.604163329548228, 30.410262587966198 ], [ 74.603893835953627, 30.410262587966198 ], [ 74.603893835953627, 30.410891406353599 ], [ 74.603983667151823, 30.410891406353599 ], [ 74.603983667151823, 30.411160899948197 ], [ 74.603893835953627, 30.411160899948197 ], [ 74.603893835953627, 30.410981237551798 ] ], [ [ 74.604612485539235, 30.409184613587797 ], [ 74.604522654341025, 30.409184613587797 ], [ 74.604522654341025, 30.408825288794997 ], [ 74.60443282314283, 30.408825288794997 ], [ 74.60443282314283, 30.408735457596798 ], [ 74.604342991944634, 30.408735457596798 ], [ 74.604342991944634, 30.408645626398599 ], [ 74.604612485539235, 30.408645626398599 ], [ 74.604612485539235, 30.409094782389598 ], [ 74.604702316737431, 30.409094782389598 ], [ 74.604702316737431, 30.409184613587797 ], [ 74.604971810332032, 30.409184613587797 ], [ 74.604971810332032, 30.409274444785996 ], [ 74.604612485539235, 30.409274444785996 ], [ 74.604612485539235, 30.409184613587797 ] ], [ [ 74.605061641530227, 30.409184613587797 ], [ 74.605241303926633, 30.409184613587797 ], [ 74.605241303926633, 30.409274444785996 ], [ 74.605061641530227, 30.409274444785996 ], [ 74.605061641530227, 30.409184613587797 ] ], [ [ 74.605331135124828, 30.409184613587797 ], [ 74.605420966323024, 30.409184613587797 ], [ 74.605420966323024, 30.409274444785996 ], [ 74.605331135124828, 30.409274444785996 ], [ 74.605331135124828, 30.409184613587797 ] ], [ [ 74.603444679962635, 30.408376132803998 ], [ 74.603624342359026, 30.408376132803998 ], [ 74.603624342359026, 30.408465964002197 ], [ 74.603444679962635, 30.408465964002197 ], [ 74.603444679962635, 30.408376132803998 ] ], [ [ 74.603444679962635, 30.406759171236398 ], [ 74.603534511160831, 30.406759171236398 ], [ 74.603534511160831, 30.408106639209397 ], [ 74.603444679962635, 30.408106639209397 ], [ 74.603444679962635, 30.406759171236398 ] ] ] } },
{ "type": "Feature", "properties": { "source_field_id": "1652470", "source_area_m2": 139695.41, "confidence": null, "determination_datetime": "2024-01-01T05:30:00+05:30", "determination_method": "auto-imagery", "xmin": 74.557630768880628, "ymin": 30.399932000173198, "xmax": 74.563290134367222, "ymax": 30.404064235290399, "area_m2": 139589.80183569502, "area_ha": 13.958980183569501, "field_id": "FTW-IN-PB-1652470", "boundary_source": "FIELDS_OF_THE_WORLD_GLOBAL_PRUE_2024_2025", "boundary_type": "RESEARCH_FIELD_BOUNDARY", "research_boundary_disclaimer": "Model-derived remote-sensing field unit; not a cadastral or ownership boundary.", "source_provider": "Fields of The World / Source Cooperative", "source_dataset": "Global Fields of The World, Punjab partition", "source_url": "https://data.source.coop/ftw/global-data/predictions/vectors/alpha/results-by-admin-conf/admin:country_code=IN/IN_PB.parquet", "real_or_synthetic": "REAL", "centroid_lon": 74.560647616858716, "centroid_lat": 30.401543016838975, "data_status": "REAL_SATELLITE_OBSERVATIONS", "ground_truth_status": "NO_GROUND_TRUTH_WEAK_PROXY_LABELS_ONLY", "demo_rank": 13, "demo_category": "OTHER", "demo_score": 9.0, "cropland_fraction": 1.0 }, "geometry": { "type": "Polygon", "coordinates": [ [ [ 74.562571484781628, 30.404064235290399 ], [ 74.562571484781628, 30.4039744040922 ], [ 74.563290134367222, 30.4039744040922 ], [ 74.563290134367222, 30.403794741695798 ], [ 74.563200303169026, 30.403794741695798 ], [ 74.563200303169026, 30.403704910497598 ], [ 74.56311047197083, 30.403704910497598 ], [ 74.56311047197083, 30.403345585704798 ], [ 74.563020640772635, 30.403345585704798 ], [ 74.563020640772635, 30.403165923308396 ], [ 74.562930809574425, 30.403165923308396 ], [ 74.562930809574425, 30.402806598515596 ], [ 74.562840978376229, 30.402806598515596 ], [ 74.562840978376229, 30.4024472737228 ], [ 74.562751147178034, 30.4024472737228 ], [ 74.562751147178034, 30.402177780128198 ], [ 74.562661315979824, 30.402177780128198 ], [ 74.562661315979824, 30.402087948929999 ], [ 74.561403679205029, 30.402087948929999 ], [ 74.561403679205029, 30.401998117731797 ], [ 74.560954523214022, 30.401998117731797 ], [ 74.560954523214022, 30.401908286533597 ], [ 74.561763003997825, 30.401908286533597 ], [ 74.561763003997825, 30.401998117731797 ], [ 74.562661315979824, 30.401998117731797 ], [ 74.562661315979824, 30.401459130542598 ], [ 74.562391822385223, 30.401459130542598 ], [ 74.562391822385223, 30.401369299344399 ], [ 74.562661315979824, 30.401369299344399 ], [ 74.562661315979824, 30.401009974551599 ], [ 74.559607055241031, 30.401009974551599 ], [ 74.559607055241031, 30.4009201433534 ], [ 74.558349418466221, 30.4009201433534 ], [ 74.558349418466221, 30.401009974551599 ], [ 74.55816975606983, 30.401009974551599 ], [ 74.55816975606983, 30.4009201433534 ], [ 74.557990093673425, 30.4009201433534 ], [ 74.557990093673425, 30.400830312155197 ], [ 74.558259587268026, 30.400830312155197 ], [ 74.558259587268026, 30.400740480956998 ], [ 74.558349418466221, 30.400740480956998 ], [ 74.558349418466221, 30.400830312155197 ], [ 74.559966380033828, 30.400830312155197 ], [ 74.559966380033828, 30.400201493767799 ], [ 74.560056211232023, 30.400201493767799 ], [ 74.560056211232023, 30.400830312155197 ], [ 74.562661315979824, 30.400830312155197 ], [ 74.562661315979824, 30.400560818560599 ], [ 74.562571484781628, 30.400560818560599 ], [ 74.562571484781628, 30.400470987362397 ], [ 74.562661315979824, 30.400470987362397 ], [ 74.562661315979824, 30.399932000173198 ], [ 74.561403679205029, 30.399932000173198 ], [ 74.561403679205029, 30.400021831371397 ], [ 74.561313848006833, 30.400021831371397 ], [ 74.561313848006833, 30.399932000173198 ], [ 74.560056211232023, 30.399932000173198 ], [ 74.560056211232023, 30.400021831371397 ], [ 74.559966380033828, 30.400021831371397 ], [ 74.559966380033828, 30.399932000173198 ], [ 74.557720600078824, 30.399932000173198 ], [ 74.557720600078824, 30.400021831371397 ], [ 74.557630768880628, 30.400021831371397 ], [ 74.557630768880628, 30.400740480956998 ], [ 74.557720600078824, 30.400740480956998 ], [ 74.557720600078824, 30.401459130542598 ], [ 74.557810431277034, 30.401459130542598 ], [ 74.557810431277034, 30.401818455335398 ], [ 74.557900262475229, 30.401818455335398 ], [ 74.557900262475229, 30.401908286533597 ], [ 74.558439249664431, 30.401908286533597 ], [ 74.558439249664431, 30.401998117731797 ], [ 74.559517224042821, 30.401998117731797 ], [ 74.559517224042821, 30.401459130542598 ], [ 74.559607055241031, 30.401459130542598 ], [ 74.559607055241031, 30.401369299344399 ], [ 74.559786717637422, 30.401369299344399 ], [ 74.559786717637422, 30.401459130542598 ], [ 74.559696886439227, 30.401459130542598 ], [ 74.559696886439227, 30.401548961740797 ], [ 74.559607055241031, 30.401548961740797 ], [ 74.559607055241031, 30.401908286533597 ], [ 74.559696886439227, 30.401908286533597 ], [ 74.559696886439227, 30.401998117731797 ], [ 74.559966380033828, 30.401998117731797 ], [ 74.559966380033828, 30.401908286533597 ], [ 74.560415536024834, 30.401908286533597 ], [ 74.560415536024834, 30.401998117731797 ], [ 74.56050536722303, 30.401998117731797 ], [ 74.56050536722303, 30.402087948929999 ], [ 74.560235873628429, 30.402087948929999 ], [ 74.560235873628429, 30.402177780128198 ], [ 74.560146042430233, 30.402177780128198 ], [ 74.560146042430233, 30.403076092110197 ], [ 74.560864692015826, 30.403076092110197 ], [ 74.560864692015826, 30.402986260911998 ], [ 74.561134185610427, 30.402986260911998 ], [ 74.561134185610427, 30.403076092110197 ], [ 74.561313848006833, 30.403076092110197 ], [ 74.561313848006833, 30.402986260911998 ], [ 74.562122328790622, 30.402986260911998 ], [ 74.562122328790622, 30.403076092110197 ], [ 74.562301991187027, 30.403076092110197 ], [ 74.562301991187027, 30.403165923308396 ], [ 74.561403679205029, 30.403165923308396 ], [ 74.561403679205029, 30.403345585704798 ], [ 74.561493510403224, 30.403345585704798 ], [ 74.561493510403224, 30.403525248101197 ], [ 74.561852835196035, 30.403525248101197 ], [ 74.561852835196035, 30.403615079299399 ], [ 74.562391822385223, 30.403615079299399 ], [ 74.562391822385223, 30.403704910497598 ], [ 74.561493510403224, 30.403704910497598 ], [ 74.561493510403224, 30.404064235290399 ], [ 74.562571484781628, 30.404064235290399 ] ], [ [ 74.561942666394231, 30.401459130542598 ], [ 74.562212159988832, 30.401459130542598 ], [ 74.562212159988832, 30.401548961740797 ], [ 74.561942666394231, 30.401548961740797 ], [ 74.561942666394231, 30.401459130542598 ] ], [ [ 74.561224016808623, 30.400470987362397 ], [ 74.561313848006833, 30.400470987362397 ], [ 74.561313848006833, 30.400650649758798 ], [ 74.561224016808623, 30.400650649758798 ], [ 74.561224016808623, 30.400470987362397 ] ] ] } },
{ "type": "Feature", "properties": { "source_field_id": "1654017", "source_area_m2": 143831.7, "confidence": null, "determination_datetime": "2024-01-01T05:30:00+05:30", "determination_method": "auto-imagery", "xmin": 74.595809028115625, "ymin": 30.392476010722596, "xmax": 74.601378562404022, "ymax": 30.397326895425397, "area_m2": 143721.92257954189, "area_ha": 14.37219225795419, "field_id": "FTW-IN-PB-1654017", "boundary_source": "FIELDS_OF_THE_WORLD_GLOBAL_PRUE_2024_2025", "boundary_type": "RESEARCH_FIELD_BOUNDARY", "research_boundary_disclaimer": "Model-derived remote-sensing field unit; not a cadastral or ownership boundary.", "source_provider": "Fields of The World / Source Cooperative", "source_dataset": "Global Fields of The World, Punjab partition", "source_url": "https://data.source.coop/ftw/global-data/predictions/vectors/alpha/results-by-admin-conf/admin:country_code=IN/IN_PB.parquet", "real_or_synthetic": "REAL", "centroid_lon": 74.599296942324131, "centroid_lat": 30.394559169120008, "data_status": "REAL_SATELLITE_OBSERVATIONS", "ground_truth_status": "NO_GROUND_TRUTH_WEAK_PROXY_LABELS_ONLY", "demo_rank": 14, "demo_category": "OTHER", "demo_score": 9.0, "cropland_fraction": 1.0 }, "geometry": { "type": "Polygon", "coordinates": [ [ [ 74.59976160083643, 30.397326895425397 ], [ 74.59976160083643, 30.396787908236199 ], [ 74.598503964061635, 30.396787908236199 ], [ 74.598503964061635, 30.396698077037996 ], [ 74.599222613647228, 30.396698077037996 ], [ 74.599222613647228, 30.396608245839797 ], [ 74.599402276043634, 30.396608245839797 ], [ 74.599402276043634, 30.396698077037996 ], [ 74.599941263232822, 30.396698077037996 ], [ 74.599941263232822, 30.396787908236199 ], [ 74.601019237611226, 30.396787908236199 ], [ 74.601019237611226, 30.396698077037996 ], [ 74.601378562404022, 30.396698077037996 ], [ 74.601378562404022, 30.395260777866799 ], [ 74.601288731205827, 30.395260777866799 ], [ 74.601288731205827, 30.395170946668596 ], [ 74.601378562404022, 30.395170946668596 ], [ 74.601378562404022, 30.394542128281199 ], [ 74.601288731205827, 30.394542128281199 ], [ 74.601288731205827, 30.394452297082999 ], [ 74.601378562404022, 30.394452297082999 ], [ 74.601378562404022, 30.393553985100997 ], [ 74.600749744016625, 30.393553985100997 ], [ 74.600749744016625, 30.3932844915064 ], [ 74.600210756827423, 30.3932844915064 ], [ 74.600210756827423, 30.393374322704599 ], [ 74.597246327286825, 30.393374322704599 ], [ 74.597246327286825, 30.3932844915064 ], [ 74.596617508899428, 30.3932844915064 ], [ 74.596617508899428, 30.393194660308197 ], [ 74.597425989683231, 30.393194660308197 ], [ 74.597425989683231, 30.3932844915064 ], [ 74.600120925629227, 30.3932844915064 ], [ 74.600120925629227, 30.393194660308197 ], [ 74.600839575214835, 30.393194660308197 ], [ 74.600839575214835, 30.392476010722596 ], [ 74.600120925629227, 30.392476010722596 ], [ 74.600120925629227, 30.392565841920799 ], [ 74.599492107241829, 30.392565841920799 ], [ 74.599492107241829, 30.392655673118998 ], [ 74.595809028115625, 30.392655673118998 ], [ 74.595809028115625, 30.393014997911799 ], [ 74.595898859313834, 30.393014997911799 ], [ 74.595898859313834, 30.3932844915064 ], [ 74.595809028115625, 30.3932844915064 ], [ 74.595809028115625, 30.393464153902798 ], [ 74.595898859313834, 30.393464153902798 ], [ 74.595898859313834, 30.393913309893797 ], [ 74.59715649608863, 30.393913309893797 ], [ 74.59715649608863, 30.393823478695598 ], [ 74.597336158485035, 30.393823478695598 ], [ 74.597336158485035, 30.393913309893797 ], [ 74.599581938440025, 30.393913309893797 ], [ 74.599581938440025, 30.394003141091996 ], [ 74.599941263232822, 30.394003141091996 ], [ 74.599941263232822, 30.393913309893797 ], [ 74.600120925629227, 30.393913309893797 ], [ 74.600120925629227, 30.394092972290199 ], [ 74.600031094431031, 30.394092972290199 ], [ 74.600031094431031, 30.394452297082999 ], [ 74.600120925629227, 30.394452297082999 ], [ 74.600120925629227, 30.394991284272198 ], [ 74.600031094431031, 30.394991284272198 ], [ 74.600031094431031, 30.394901453073999 ], [ 74.599941263232822, 30.394901453073999 ], [ 74.599941263232822, 30.394092972290199 ], [ 74.599132782449033, 30.394092972290199 ], [ 74.599132782449033, 30.394452297082999 ], [ 74.599222613647228, 30.394452297082999 ], [ 74.599222613647228, 30.395260777866799 ], [ 74.599312444845424, 30.395260777866799 ], [ 74.599312444845424, 30.395620102659599 ], [ 74.599851432034626, 30.395620102659599 ], [ 74.599851432034626, 30.395530271461396 ], [ 74.600031094431031, 30.395530271461396 ], [ 74.600031094431031, 30.395620102659599 ], [ 74.600120925629227, 30.395620102659599 ], [ 74.600120925629227, 30.395709933857798 ], [ 74.599581938440025, 30.395709933857798 ], [ 74.599581938440025, 30.395799765055997 ], [ 74.598144639268824, 30.395799765055997 ], [ 74.598144639268824, 30.396159089848798 ], [ 74.598234470467034, 30.396159089848798 ], [ 74.598234470467034, 30.396787908236199 ], [ 74.59832430166523, 30.396787908236199 ], [ 74.59832430166523, 30.396877739434398 ], [ 74.598234470467034, 30.396877739434398 ], [ 74.598234470467034, 30.397237064227198 ], [ 74.598683626458026, 30.397237064227198 ], [ 74.598683626458026, 30.397326895425397 ], [ 74.59976160083643, 30.397326895425397 ] ], [ [ 74.599222613647228, 30.396069258650598 ], [ 74.599312444845424, 30.396069258650598 ], [ 74.599312444845424, 30.396248921046997 ], [ 74.599402276043634, 30.396248921046997 ], [ 74.599402276043634, 30.3963387522452 ], [ 74.599312444845424, 30.3963387522452 ], [ 74.599312444845424, 30.396428583443399 ], [ 74.599222613647228, 30.396428583443399 ], [ 74.599222613647228, 30.396069258650598 ] ], [ [ 74.600031094431031, 30.396248921046997 ], [ 74.600210756827423, 30.396248921046997 ], [ 74.600210756827423, 30.3963387522452 ], [ 74.600031094431031, 30.3963387522452 ], [ 74.600031094431031, 30.396248921046997 ] ], [ [ 74.600570081620234, 30.395260777866799 ], [ 74.600839575214835, 30.395260777866799 ], [ 74.600839575214835, 30.395350609064998 ], [ 74.600570081620234, 30.395350609064998 ], [ 74.600570081620234, 30.395260777866799 ] ], [ [ 74.597246327286825, 30.393464153902798 ], [ 74.597336158485035, 30.393464153902798 ], [ 74.597336158485035, 30.393733647497399 ], [ 74.597246327286825, 30.393733647497399 ], [ 74.597246327286825, 30.393464153902798 ] ] ] } },
{ "type": "Feature", "properties": { "source_field_id": "1654485", "source_area_m2": 118639.24, "confidence": null, "determination_datetime": "2025-01-01T05:30:00+05:30", "determination_method": "auto-imagery", "xmin": 74.635604248918227, "ymin": 30.321329701748198, "xmax": 74.637400872882225, "ymax": 30.327797548018598, "area_m2": 118547.91108146516, "area_ha": 11.854791108146516, "field_id": "FTW-IN-PB-1654485", "boundary_source": "FIELDS_OF_THE_WORLD_GLOBAL_PRUE_2024_2025", "boundary_type": "RESEARCH_FIELD_BOUNDARY", "research_boundary_disclaimer": "Model-derived remote-sensing field unit; not a cadastral or ownership boundary.", "source_provider": "Fields of The World / Source Cooperative", "source_dataset": "Global Fields of The World, Punjab partition", "source_url": "https://data.source.coop/ftw/global-data/predictions/vectors/alpha/results-by-admin-conf/admin:country_code=IN/IN_PB.parquet", "real_or_synthetic": "REAL", "centroid_lon": 74.636506698169626, "centroid_lat": 30.324583688695391, "data_status": "REAL_SATELLITE_OBSERVATIONS", "ground_truth_status": "NO_GROUND_TRUTH_WEAK_PROXY_LABELS_ONLY", "demo_rank": 15, "demo_category": "OTHER", "demo_score": 9.0, "cropland_fraction": 1.0 }, "geometry": { "type": "Polygon", "coordinates": [ [ [ 74.63641272970203, 30.327797548018598 ], [ 74.63641272970203, 30.327707716820399 ], [ 74.636592392098436, 30.327707716820399 ], [ 74.636592392098436, 30.327797548018598 ], [ 74.637311041684029, 30.327797548018598 ], [ 74.637311041684029, 30.327707716820399 ], [ 74.637400872882225, 30.327707716820399 ], [ 74.637400872882225, 30.327258560829399 ], [ 74.636143236107429, 30.327258560829399 ], [ 74.636143236107429, 30.327168729631197 ], [ 74.637400872882225, 30.327168729631197 ], [ 74.637400872882225, 30.323395819306796 ], [ 74.637311041684029, 30.323395819306796 ], [ 74.637311041684029, 30.323305988108597 ], [ 74.637400872882225, 30.323305988108597 ], [ 74.637400872882225, 30.322767000919399 ], [ 74.637311041684029, 30.322767000919399 ], [ 74.637311041684029, 30.322587338522997 ], [ 74.637400872882225, 30.322587338522997 ], [ 74.637400872882225, 30.321329701748198 ], [ 74.636233067305625, 30.321329701748198 ], [ 74.636233067305625, 30.323305988108597 ], [ 74.636322898503835, 30.323305988108597 ], [ 74.636322898503835, 30.324473793685197 ], [ 74.636233067305625, 30.324473793685197 ], [ 74.636233067305625, 30.323485650504999 ], [ 74.636143236107429, 30.323485650504999 ], [ 74.636143236107429, 30.322407676126598 ], [ 74.636053404909234, 30.322407676126598 ], [ 74.636053404909234, 30.322228013730196 ], [ 74.636143236107429, 30.322228013730196 ], [ 74.636143236107429, 30.321329701748198 ], [ 74.635604248918227, 30.321329701748198 ], [ 74.635604248918227, 30.322317844928399 ], [ 74.635783911314633, 30.322317844928399 ], [ 74.635783911314633, 30.322407676126598 ], [ 74.635604248918227, 30.322407676126598 ], [ 74.635604248918227, 30.327797548018598 ], [ 74.63641272970203, 30.327797548018598 ] ] ] } },
{ "type": "Feature", "properties": { "source_field_id": "1660447", "source_area_m2": 139426.92, "confidence": null, "determination_datetime": "2024-01-01T05:30:00+05:30", "determination_method": "auto-imagery", "xmin": 74.638478847260629, "ymin": 30.406310015245399, "xmax": 74.642700913576036, "ymax": 30.411969380731996, "area_m2": 139319.49653172184, "area_ha": 13.931949653172184, "field_id": "FTW-IN-PB-1660447", "boundary_source": "FIELDS_OF_THE_WORLD_GLOBAL_PRUE_2024_2025", "boundary_type": "RESEARCH_FIELD_BOUNDARY", "research_boundary_disclaimer": "Model-derived remote-sensing field unit; not a cadastral or ownership boundary.", "source_provider": "Fields of The World / Source Cooperative", "source_dataset": "Global Fields of The World, Punjab partition", "source_url": "https://data.source.coop/ftw/global-data/predictions/vectors/alpha/results-by-admin-conf/admin:country_code=IN/IN_PB.parquet", "real_or_synthetic": "REAL", "centroid_lon": 74.64096598411858, "centroid_lat": 30.409195455663262, "data_status": "REAL_SATELLITE_OBSERVATIONS", "ground_truth_status": "NO_GROUND_TRUTH_WEAK_PROXY_LABELS_ONLY", "demo_rank": 16, "demo_category": "BURN_SCAR_CANDIDATE_UNCORROBORATED", "demo_score": 9.0, "cropland_fraction": 1.0 }, "geometry": { "type": "Polygon", "coordinates": [ [ [ 74.640634796017423, 30.409454107182398 ], [ 74.640634796017423, 30.409813431975198 ], [ 74.640724627215633, 30.409813431975198 ], [ 74.640724627215633, 30.409993094371597 ], [ 74.642341588783225, 30.409993094371597 ], [ 74.642341588783225, 30.4100829255698 ], [ 74.641083952008429, 30.4100829255698 ], [ 74.641083952008429, 30.410172756767999 ], [ 74.640544964819227, 30.410172756767999 ], [ 74.640544964819227, 30.411250731146399 ], [ 74.640634796017423, 30.411250731146399 ], [ 74.640634796017423, 30.411969380731996 ], [ 74.641263614404835, 30.411969380731996 ], [ 74.641263614404835, 30.411879549533797 ], [ 74.641622939197632, 30.411879549533797 ], [ 74.641622939197632, 30.411789718335598 ], [ 74.641802601594037, 30.411789718335598 ], [ 74.641802601594037, 30.411699887137399 ], [ 74.641982263990428, 30.411699887137399 ], [ 74.641982263990428, 30.411789718335598 ], [ 74.642072095188624, 30.411789718335598 ], [ 74.642072095188624, 30.411699887137399 ], [ 74.642431419981435, 30.411699887137399 ], [ 74.642431419981435, 30.4116100559392 ], [ 74.642611082377826, 30.4116100559392 ], [ 74.642611082377826, 30.411520224740997 ], [ 74.642700913576036, 30.411520224740997 ], [ 74.642700913576036, 30.411430393542798 ], [ 74.642611082377826, 30.411430393542798 ], [ 74.642611082377826, 30.410621912758998 ], [ 74.64252125117963, 30.410621912758998 ], [ 74.64252125117963, 30.410532081560799 ], [ 74.642161926386834, 30.410532081560799 ], [ 74.642161926386834, 30.410442250362596 ], [ 74.642611082377826, 30.410442250362596 ], [ 74.642611082377826, 30.410262587966198 ], [ 74.64252125117963, 30.410262587966198 ], [ 74.64252125117963, 30.409094782389598 ], [ 74.642431419981435, 30.409094782389598 ], [ 74.642431419981435, 30.409004951191399 ], [ 74.64252125117963, 30.409004951191399 ], [ 74.64252125117963, 30.407747314416596 ], [ 74.642611082377826, 30.407747314416596 ], [ 74.642611082377826, 30.407567652020198 ], [ 74.64252125117963, 30.407567652020198 ], [ 74.64252125117963, 30.407477820821999 ], [ 74.642611082377826, 30.407477820821999 ], [ 74.642611082377826, 30.407208327227398 ], [ 74.64252125117963, 30.407208327227398 ], [ 74.64252125117963, 30.407028664831 ], [ 74.642611082377826, 30.407028664831 ], [ 74.642611082377826, 30.406938833632797 ], [ 74.64252125117963, 30.406938833632797 ], [ 74.64252125117963, 30.406849002434598 ], [ 74.641443276801226, 30.406849002434598 ], [ 74.641443276801226, 30.406759171236398 ], [ 74.641622939197632, 30.406759171236398 ], [ 74.641622939197632, 30.406669340038199 ], [ 74.641892432792233, 30.406669340038199 ], [ 74.641892432792233, 30.406310015245399 ], [ 74.640544964819227, 30.406310015245399 ], [ 74.640544964819227, 30.406579508839997 ], [ 74.640634796017423, 30.406579508839997 ], [ 74.640634796017423, 30.407208327227398 ], [ 74.640724627215633, 30.407208327227398 ], [ 74.640724627215633, 30.407298158425597 ], [ 74.640814458413828, 30.407298158425597 ], [ 74.640814458413828, 30.407208327227398 ], [ 74.641443276801226, 30.407208327227398 ], [ 74.641443276801226, 30.407298158425597 ], [ 74.641353445603031, 30.407298158425597 ], [ 74.641353445603031, 30.407926976812998 ], [ 74.641892432792233, 30.407926976812998 ], [ 74.641892432792233, 30.407837145614799 ], [ 74.642341588783225, 30.407837145614799 ], [ 74.642341588783225, 30.407926976812998 ], [ 74.642072095188624, 30.407926976812998 ], [ 74.642072095188624, 30.408016808011197 ], [ 74.641533107999436, 30.408016808011197 ], [ 74.641533107999436, 30.408106639209397 ], [ 74.641353445603031, 30.408106639209397 ], [ 74.641353445603031, 30.408376132803998 ], [ 74.641443276801226, 30.408376132803998 ], [ 74.641443276801226, 30.408465964002197 ], [ 74.641353445603031, 30.408465964002197 ], [ 74.641353445603031, 30.4085557952004 ], [ 74.641263614404835, 30.4085557952004 ], [ 74.641263614404835, 30.408106639209397 ], [ 74.640544964819227, 30.408106639209397 ], [ 74.640544964819227, 30.408016808011197 ], [ 74.640185640026431, 30.408016808011197 ], [ 74.640185640026431, 30.408286301605798 ], [ 74.640275471224626, 30.408286301605798 ], [ 74.640275471224626, 30.408465964002197 ], [ 74.640005977630025, 30.408465964002197 ], [ 74.640005977630025, 30.408286301605798 ], [ 74.640095808828235, 30.408286301605798 ], [ 74.640095808828235, 30.408016808011197 ], [ 74.639826315233634, 30.408016808011197 ], [ 74.639826315233634, 30.407926976812998 ], [ 74.638478847260629, 30.407926976812998 ], [ 74.638478847260629, 30.408106639209397 ], [ 74.638568678458824, 30.408106639209397 ], [ 74.638568678458824, 30.408286301605798 ], [ 74.638658509657034, 30.408286301605798 ], [ 74.638658509657034, 30.408376132803998 ], [ 74.639287328044432, 30.408376132803998 ], [ 74.639287328044432, 30.408465964002197 ], [ 74.638568678458824, 30.408465964002197 ], [ 74.638568678458824, 30.409094782389598 ], [ 74.638478847260629, 30.409094782389598 ], [ 74.638478847260629, 30.409903263173398 ], [ 74.638568678458824, 30.409903263173398 ], [ 74.638568678458824, 30.409993094371597 ], [ 74.639017834449831, 30.409993094371597 ], [ 74.639017834449831, 30.409903263173398 ], [ 74.639197496846236, 30.409903263173398 ], [ 74.639197496846236, 30.409993094371597 ], [ 74.640455133621032, 30.409993094371597 ], [ 74.640455133621032, 30.409903263173398 ], [ 74.640544964819227, 30.409903263173398 ], [ 74.640544964819227, 30.409454107182398 ], [ 74.640634796017423, 30.409454107182398 ] ], [ [ 74.642161926386834, 30.410621912758998 ], [ 74.641533107999436, 30.410621912758998 ], [ 74.641533107999436, 30.410532081560799 ], [ 74.642161926386834, 30.410532081560799 ], [ 74.642161926386834, 30.410621912758998 ] ], [ [ 74.640455133621032, 30.409454107182398 ], [ 74.640455133621032, 30.409094782389598 ], [ 74.640544964819227, 30.409094782389598 ], [ 74.640544964819227, 30.409454107182398 ], [ 74.640455133621032, 30.409454107182398 ] ], [ [ 74.641802601594037, 30.411430393542798 ], [ 74.641892432792233, 30.411430393542798 ], [ 74.641892432792233, 30.411520224740997 ], [ 74.641802601594037, 30.411520224740997 ], [ 74.641802601594037, 30.411430393542798 ] ], [ [ 74.641802601594037, 30.410981237551798 ], [ 74.641892432792233, 30.410981237551798 ], [ 74.641892432792233, 30.411071068749997 ], [ 74.641982263990428, 30.411071068749997 ], [ 74.641982263990428, 30.411160899948197 ], [ 74.641892432792233, 30.411160899948197 ], [ 74.641892432792233, 30.411250731146399 ], [ 74.641802601594037, 30.411250731146399 ], [ 74.641802601594037, 30.410981237551798 ] ], [ [ 74.640365302422836, 30.408915119993196 ], [ 74.640455133621032, 30.408915119993196 ], [ 74.640455133621032, 30.409004951191399 ], [ 74.640365302422836, 30.409004951191399 ], [ 74.640365302422836, 30.408915119993196 ] ], [ [ 74.639107665648027, 30.408735457596798 ], [ 74.639197496846236, 30.408735457596798 ], [ 74.639197496846236, 30.408825288794997 ], [ 74.639107665648027, 30.408825288794997 ], [ 74.639107665648027, 30.408735457596798 ] ], [ [ 74.639556821639033, 30.408376132803998 ], [ 74.63991614643183, 30.408376132803998 ], [ 74.63991614643183, 30.408465964002197 ], [ 74.639556821639033, 30.408465964002197 ], [ 74.639556821639033, 30.408376132803998 ] ], [ [ 74.640455133621032, 30.408376132803998 ], [ 74.640634796017423, 30.408376132803998 ], [ 74.640634796017423, 30.408465964002197 ], [ 74.640455133621032, 30.408465964002197 ], [ 74.640455133621032, 30.408376132803998 ] ], [ [ 74.641802601594037, 30.407208327227398 ], [ 74.641892432792233, 30.407208327227398 ], [ 74.641892432792233, 30.407298158425597 ], [ 74.641802601594037, 30.407298158425597 ], [ 74.641802601594037, 30.407208327227398 ] ] ] } },
{ "type": "Feature", "properties": { "source_field_id": "1663238", "source_area_m2": 132297.23, "confidence": null, "determination_datetime": "2024-01-01T05:30:00+05:30", "determination_method": "auto-imagery", "xmin": 74.697947100469037, "ymin": 30.404333728884996, "xmax": 74.70477427153223, "ymax": 30.406938833632797, "area_m2": 132194.10450080674, "area_ha": 13.219410450080675, "field_id": "FTW-IN-PB-1663238", "boundary_source": "FIELDS_OF_THE_WORLD_GLOBAL_PRUE_2024_2025", "boundary_type": "RESEARCH_FIELD_BOUNDARY", "research_boundary_disclaimer": "Model-derived remote-sensing field unit; not a cadastral or ownership boundary.", "source_provider": "Fields of The World / Source Cooperative", "source_dataset": "Global Fields of The World, Punjab partition", "source_url": "https://data.source.coop/ftw/global-data/predictions/vectors/alpha/results-by-admin-conf/admin:country_code=IN/IN_PB.parquet", "real_or_synthetic": "REAL", "centroid_lon": 74.701421824712853, "centroid_lat": 30.405429664207521, "data_status": "REAL_SATELLITE_OBSERVATIONS", "ground_truth_status": "NO_GROUND_TRUTH_WEAK_PROXY_LABELS_ONLY", "demo_rank": 17, "demo_category": "OTHER", "demo_score": 9.0, "cropland_fraction": 1.0 }, "geometry": { "type": "Polygon", "coordinates": [ [ [ 74.704235284343028, 30.404333728884996 ], [ 74.703875959550231, 30.404333728884996 ], [ 74.703875959550231, 30.404423560083199 ], [ 74.703696297153826, 30.404423560083199 ], [ 74.703696297153826, 30.404333728884996 ], [ 74.702708153973632, 30.404333728884996 ], [ 74.702708153973632, 30.404423560083199 ], [ 74.702618322775436, 30.404423560083199 ], [ 74.702618322775436, 30.404333728884996 ], [ 74.701270854802431, 30.404333728884996 ], [ 74.701270854802431, 30.404782884875999 ], [ 74.701360686000626, 30.404782884875999 ], [ 74.701360686000626, 30.404872716074198 ], [ 74.701181023604235, 30.404872716074198 ], [ 74.701181023604235, 30.404962547272397 ], [ 74.701091192406025, 30.404962547272397 ], [ 74.701091192406025, 30.405232040866998 ], [ 74.70100136120783, 30.405232040866998 ], [ 74.70100136120783, 30.405321872065198 ], [ 74.700911530009634, 30.405321872065198 ], [ 74.700911530009634, 30.405232040866998 ], [ 74.700372542820432, 30.405232040866998 ], [ 74.700372542820432, 30.405142209668799 ], [ 74.700462374018628, 30.405142209668799 ], [ 74.700462374018628, 30.405052378470597 ], [ 74.700552205216823, 30.405052378470597 ], [ 74.700552205216823, 30.404962547272397 ], [ 74.700642036415033, 30.404962547272397 ], [ 74.700642036415033, 30.405052378470597 ], [ 74.700731867613229, 30.405052378470597 ], [ 74.700731867613229, 30.405142209668799 ], [ 74.700911530009634, 30.405142209668799 ], [ 74.700911530009634, 30.404872716074198 ], [ 74.70100136120783, 30.404872716074198 ], [ 74.70100136120783, 30.404333728884996 ], [ 74.700642036415033, 30.404333728884996 ], [ 74.700642036415033, 30.404603222479597 ], [ 74.700552205216823, 30.404603222479597 ], [ 74.700552205216823, 30.404333728884996 ], [ 74.699653893234824, 30.404333728884996 ], [ 74.699653893234824, 30.404423560083199 ], [ 74.699564062036629, 30.404423560083199 ], [ 74.699564062036629, 30.404333728884996 ], [ 74.699204737243832, 30.404333728884996 ], [ 74.699204737243832, 30.404423560083199 ], [ 74.699114906045637, 30.404423560083199 ], [ 74.699114906045637, 30.405052378470597 ], [ 74.699204737243832, 30.405052378470597 ], [ 74.699204737243832, 30.405142209668799 ], [ 74.699564062036629, 30.405142209668799 ], [ 74.699564062036629, 30.405052378470597 ], [ 74.699653893234824, 30.405052378470597 ], [ 74.699653893234824, 30.405142209668799 ], [ 74.699743724433034, 30.405142209668799 ], [ 74.699743724433034, 30.405232040866998 ], [ 74.699204737243832, 30.405232040866998 ], [ 74.699204737243832, 30.405321872065198 ], [ 74.699114906045637, 30.405321872065198 ], [ 74.699114906045637, 30.405411703263397 ], [ 74.699025074847427, 30.405411703263397 ], [ 74.699025074847427, 30.405321872065198 ], [ 74.698935243649231, 30.405321872065198 ], [ 74.698935243649231, 30.405052378470597 ], [ 74.699025074847427, 30.405052378470597 ], [ 74.699025074847427, 30.404423560083199 ], [ 74.698396256460029, 30.404423560083199 ], [ 74.698396256460029, 30.404333728884996 ], [ 74.697947100469037, 30.404333728884996 ], [ 74.697947100469037, 30.405860859254396 ], [ 74.698935243649231, 30.405860859254396 ], [ 74.698935243649231, 30.405771028056197 ], [ 74.699114906045637, 30.405771028056197 ], [ 74.699114906045637, 30.405860859254396 ], [ 74.699384399640223, 30.405860859254396 ], [ 74.699384399640223, 30.405771028056197 ], [ 74.699564062036629, 30.405771028056197 ], [ 74.699564062036629, 30.405860859254396 ], [ 74.699653893234824, 30.405860859254396 ], [ 74.699653893234824, 30.405950690452599 ], [ 74.699564062036629, 30.405950690452599 ], [ 74.699564062036629, 30.406130352848997 ], [ 74.699474230838433, 30.406130352848997 ], [ 74.699474230838433, 30.405950690452599 ], [ 74.697947100469037, 30.405950690452599 ], [ 74.697947100469037, 30.406669340038199 ], [ 74.698396256460029, 30.406669340038199 ], [ 74.698396256460029, 30.406579508839997 ], [ 74.698755581252826, 30.406579508839997 ], [ 74.698755581252826, 30.406489677641797 ], [ 74.699025074847427, 30.406489677641797 ], [ 74.699025074847427, 30.406399846443598 ], [ 74.699474230838433, 30.406399846443598 ], [ 74.699474230838433, 30.406310015245399 ], [ 74.69983355563123, 30.406310015245399 ], [ 74.69983355563123, 30.406220184047196 ], [ 74.700372542820432, 30.406220184047196 ], [ 74.700372542820432, 30.406130352848997 ], [ 74.700731867613229, 30.406130352848997 ], [ 74.700731867613229, 30.406040521650798 ], [ 74.701091192406025, 30.406040521650798 ], [ 74.701091192406025, 30.405950690452599 ], [ 74.701630179595227, 30.405950690452599 ], [ 74.701630179595227, 30.405860859254396 ], [ 74.702258997982625, 30.405860859254396 ], [ 74.702258997982625, 30.405771028056197 ], [ 74.702528491577226, 30.405771028056197 ], [ 74.702528491577226, 30.404513391281398 ], [ 74.702618322775436, 30.404513391281398 ], [ 74.702618322775436, 30.405681196857998 ], [ 74.703067478766428, 30.405681196857998 ], [ 74.703067478766428, 30.405591365659799 ], [ 74.703426803559225, 30.405591365659799 ], [ 74.703426803559225, 30.405681196857998 ], [ 74.703336972361029, 30.405681196857998 ], [ 74.703336972361029, 30.405771028056197 ], [ 74.703067478766428, 30.405771028056197 ], [ 74.703067478766428, 30.405860859254396 ], [ 74.702797985171827, 30.405860859254396 ], [ 74.702797985171827, 30.405950690452599 ], [ 74.702708153973632, 30.405950690452599 ], [ 74.702708153973632, 30.406849002434598 ], [ 74.703516634757435, 30.406849002434598 ], [ 74.703516634757435, 30.406938833632797 ], [ 74.704594609135825, 30.406938833632797 ], [ 74.704594609135825, 30.406849002434598 ], [ 74.704684440334034, 30.406849002434598 ], [ 74.704684440334034, 30.406489677641797 ], [ 74.704594609135825, 30.406489677641797 ], [ 74.704594609135825, 30.406310015245399 ], [ 74.704504777937629, 30.406310015245399 ], [ 74.704504777937629, 30.406220184047196 ], [ 74.704325115541224, 30.406220184047196 ], [ 74.704325115541224, 30.406130352848997 ], [ 74.704145453144832, 30.406130352848997 ], [ 74.704145453144832, 30.406040521650798 ], [ 74.704055621946637, 30.406040521650798 ], [ 74.704055621946637, 30.405950690452599 ], [ 74.703965790748427, 30.405950690452599 ], [ 74.703965790748427, 30.405860859254396 ], [ 74.703875959550231, 30.405860859254396 ], [ 74.703875959550231, 30.405771028056197 ], [ 74.704145453144832, 30.405771028056197 ], [ 74.704145453144832, 30.405950690452599 ], [ 74.704235284343028, 30.405950690452599 ], [ 74.704235284343028, 30.406040521650798 ], [ 74.704414946739433, 30.406040521650798 ], [ 74.704414946739433, 30.406130352848997 ], [ 74.704684440334034, 30.406130352848997 ], [ 74.704684440334034, 30.405052378470597 ], [ 74.70477427153223, 30.405052378470597 ], [ 74.70477427153223, 30.404782884875999 ], [ 74.704594609135825, 30.404782884875999 ], [ 74.704594609135825, 30.404693053677796 ], [ 74.704235284343028, 30.404693053677796 ], [ 74.704235284343028, 30.404333728884996 ] ], [ [ 74.703786128352036, 30.405771028056197 ], [ 74.703786128352036, 30.405591365659799 ], [ 74.703875959550231, 30.405591365659799 ], [ 74.703875959550231, 30.405771028056197 ], [ 74.703786128352036, 30.405771028056197 ] ], [ [ 74.704235284343028, 30.405232040866998 ], [ 74.704145453144832, 30.405232040866998 ], [ 74.704145453144832, 30.404693053677796 ], [ 74.704235284343028, 30.404693053677796 ], [ 74.704235284343028, 30.405232040866998 ] ], [ [ 74.698306425261833, 30.405232040866998 ], [ 74.69866575005463, 30.405232040866998 ], [ 74.69866575005463, 30.405321872065198 ], [ 74.698306425261833, 30.405321872065198 ], [ 74.698306425261833, 30.405232040866998 ] ] ] } },
{ "type": "Feature", "properties": { "source_field_id": "1663257", "source_area_m2": 108653.92, "confidence": null, "determination_datetime": "2024-01-01T05:30:00+05:30", "determination_method": "auto-imagery", "xmin": 74.699923386829425, "ymin": 30.406040521650798, "xmax": 74.702618322775436, "ymax": 30.410801575155396, "area_m2": 108569.22329728318, "area_ha": 10.856922329728318, "field_id": "FTW-IN-PB-1663257", "boundary_source": "FIELDS_OF_THE_WORLD_GLOBAL_PRUE_2024_2025", "boundary_type": "RESEARCH_FIELD_BOUNDARY", "research_boundary_disclaimer": "Model-derived remote-sensing field unit; not a cadastral or ownership boundary.", "source_provider": "Fields of The World / Source Cooperative", "source_dataset": "Global Fields of The World, Punjab partition", "source_url": "https://data.source.coop/ftw/global-data/predictions/vectors/alpha/results-by-admin-conf/admin:country_code=IN/IN_PB.parquet", "real_or_synthetic": "REAL", "centroid_lon": 74.70119281851774, "centroid_lat": 30.408654851323295, "data_status": "REAL_SATELLITE_OBSERVATIONS", "ground_truth_status": "NO_GROUND_TRUTH_WEAK_PROXY_LABELS_ONLY", "demo_rank": 18, "demo_category": "OTHER", "demo_score": 9.0, "cropland_fraction": 1.0 }, "geometry": { "type": "Polygon", "coordinates": [ [ [ 74.702528491577226, 30.410801575155396 ], [ 74.702528491577226, 30.410262587966198 ], [ 74.702618322775436, 30.410262587966198 ], [ 74.702618322775436, 30.4100829255698 ], [ 74.702528491577226, 30.4100829255698 ], [ 74.702528491577226, 30.409993094371597 ], [ 74.701809841991633, 30.409993094371597 ], [ 74.701809841991633, 30.409903263173398 ], [ 74.702618322775436, 30.409903263173398 ], [ 74.702618322775436, 30.408735457596798 ], [ 74.702528491577226, 30.408735457596798 ], [ 74.702528491577226, 30.408645626398599 ], [ 74.702618322775436, 30.408645626398599 ], [ 74.702618322775436, 30.407657483218397 ], [ 74.702258997982625, 30.407657483218397 ], [ 74.702258997982625, 30.407567652020198 ], [ 74.702079335586234, 30.407567652020198 ], [ 74.702079335586234, 30.407657483218397 ], [ 74.701899673189828, 30.407657483218397 ], [ 74.701899673189828, 30.407837145614799 ], [ 74.701809841991633, 30.407837145614799 ], [ 74.701809841991633, 30.407657483218397 ], [ 74.701720010793423, 30.407657483218397 ], [ 74.701720010793423, 30.407567652020198 ], [ 74.701270854802431, 30.407567652020198 ], [ 74.701270854802431, 30.407657483218397 ], [ 74.701181023604235, 30.407657483218397 ], [ 74.701181023604235, 30.407567652020198 ], [ 74.700642036415033, 30.407567652020198 ], [ 74.700642036415033, 30.407837145614799 ], [ 74.700552205216823, 30.407837145614799 ], [ 74.700552205216823, 30.407477820821999 ], [ 74.701091192406025, 30.407477820821999 ], [ 74.701091192406025, 30.407387989623796 ], [ 74.701181023604235, 30.407387989623796 ], [ 74.701181023604235, 30.407298158425597 ], [ 74.701091192406025, 30.407298158425597 ], [ 74.701091192406025, 30.407208327227398 ], [ 74.701181023604235, 30.407208327227398 ], [ 74.701181023604235, 30.406669340038199 ], [ 74.701270854802431, 30.406669340038199 ], [ 74.701270854802431, 30.407387989623796 ], [ 74.701630179595227, 30.407387989623796 ], [ 74.701630179595227, 30.407477820821999 ], [ 74.701809841991633, 30.407477820821999 ], [ 74.701809841991633, 30.407298158425597 ], [ 74.701899673189828, 30.407298158425597 ], [ 74.701899673189828, 30.406040521650798 ], [ 74.701540348397032, 30.406040521650798 ], [ 74.701540348397032, 30.406130352848997 ], [ 74.701270854802431, 30.406130352848997 ], [ 74.701270854802431, 30.406220184047196 ], [ 74.701181023604235, 30.406220184047196 ], [ 74.701181023604235, 30.406130352848997 ], [ 74.70100136120783, 30.406130352848997 ], [ 74.70100136120783, 30.406220184047196 ], [ 74.700731867613229, 30.406220184047196 ], [ 74.700731867613229, 30.406310015245399 ], [ 74.700282711622236, 30.406310015245399 ], [ 74.700282711622236, 30.406399846443598 ], [ 74.699923386829425, 30.406399846443598 ], [ 74.699923386829425, 30.407208327227398 ], [ 74.700013218027635, 30.407208327227398 ], [ 74.700013218027635, 30.407477820821999 ], [ 74.699923386829425, 30.407477820821999 ], [ 74.699923386829425, 30.407657483218397 ], [ 74.700013218027635, 30.407657483218397 ], [ 74.700013218027635, 30.407747314416596 ], [ 74.700372542820432, 30.407747314416596 ], [ 74.700372542820432, 30.407837145614799 ], [ 74.700013218027635, 30.407837145614799 ], [ 74.700013218027635, 30.408106639209397 ], [ 74.700372542820432, 30.408106639209397 ], [ 74.700372542820432, 30.408196470407599 ], [ 74.699923386829425, 30.408196470407599 ], [ 74.699923386829425, 30.409184613587797 ], [ 74.700013218027635, 30.409184613587797 ], [ 74.700013218027635, 30.409813431975198 ], [ 74.699923386829425, 30.409813431975198 ], [ 74.699923386829425, 30.409903263173398 ], [ 74.700013218027635, 30.409903263173398 ], [ 74.700013218027635, 30.409993094371597 ], [ 74.699923386829425, 30.409993094371597 ], [ 74.699923386829425, 30.410711743957197 ], [ 74.701270854802431, 30.410711743957197 ], [ 74.701270854802431, 30.410801575155396 ], [ 74.702528491577226, 30.410801575155396 ] ], [ [ 74.702348829180835, 30.408645626398599 ], [ 74.702348829180835, 30.408735457596798 ], [ 74.701720010793423, 30.408735457596798 ], [ 74.701720010793423, 30.409274444785996 ], [ 74.701809841991633, 30.409274444785996 ], [ 74.701809841991633, 30.409364275984199 ], [ 74.701720010793423, 30.409364275984199 ], [ 74.701720010793423, 30.409633769578797 ], [ 74.701630179595227, 30.409633769578797 ], [ 74.701630179595227, 30.408735457596798 ], [ 74.701450517198836, 30.408735457596798 ], [ 74.701450517198836, 30.408645626398599 ], [ 74.702348829180835, 30.408645626398599 ] ], [ [ 74.701181023604235, 30.408645626398599 ], [ 74.701181023604235, 30.4085557952004 ], [ 74.701450517198836, 30.4085557952004 ], [ 74.701450517198836, 30.408645626398599 ], [ 74.701181023604235, 30.408645626398599 ] ], [ [ 74.701181023604235, 30.408106639209397 ], [ 74.700642036415033, 30.408106639209397 ], [ 74.700642036415033, 30.408016808011197 ], [ 74.701181023604235, 30.408016808011197 ], [ 74.701181023604235, 30.407926976812998 ], [ 74.701270854802431, 30.407926976812998 ], [ 74.701270854802431, 30.408016808011197 ], [ 74.701899673189828, 30.408016808011197 ], [ 74.701899673189828, 30.408196470407599 ], [ 74.701720010793423, 30.408196470407599 ], [ 74.701720010793423, 30.408106639209397 ], [ 74.701360686000626, 30.408106639209397 ], [ 74.701360686000626, 30.408196470407599 ], [ 74.701181023604235, 30.408196470407599 ], [ 74.701181023604235, 30.408106639209397 ] ] ] } },
{ "type": "Feature", "properties": { "source_field_id": "1684577", "source_area_m2": 147465.73, "confidence": null, "determination_datetime": "2024-01-01T05:30:00+05:30", "determination_method": "auto-imagery", "xmin": 74.717530301676632, "ymin": 30.377114875830397, "xmax": 74.723728654352428, "ymax": 30.382145422929597, "area_m2": 147350.40785221287, "area_ha": 14.735040785221287, "field_id": "FTW-IN-PB-1684577", "boundary_source": "FIELDS_OF_THE_WORLD_GLOBAL_PRUE_2024_2025", "boundary_type": "RESEARCH_FIELD_BOUNDARY", "research_boundary_disclaimer": "Model-derived remote-sensing field unit; not a cadastral or ownership boundary.", "source_provider": "Fields of The World / Source Cooperative", "source_dataset": "Global Fields of The World, Punjab partition", "source_url": "https://data.source.coop/ftw/global-data/predictions/vectors/alpha/results-by-admin-conf/admin:country_code=IN/IN_PB.parquet", "real_or_synthetic": "REAL", "centroid_lon": 74.720625398969048, "centroid_lat": 30.379063628977356, "data_status": "REAL_SATELLITE_OBSERVATIONS", "ground_truth_status": "NO_GROUND_TRUTH_WEAK_PROXY_LABELS_ONLY", "demo_rank": 19, "demo_category": "OTHER", "demo_score": 9.0, "cropland_fraction": 1.0 }, "geometry": { "type": "Polygon", "coordinates": [ [ [ 74.723459160757827, 30.378103019010599 ], [ 74.723638823154232, 30.378103019010599 ], [ 74.723638823154232, 30.377653863019599 ], [ 74.723548991956037, 30.377653863019599 ], [ 74.723548991956037, 30.377204707028596 ], [ 74.722560848775828, 30.377204707028596 ], [ 74.722560848775828, 30.377474200623197 ], [ 74.722471017577632, 30.377474200623197 ], [ 74.722471017577632, 30.377204707028596 ], [ 74.719596419235231, 30.377204707028596 ], [ 74.719596419235231, 30.377114875830397 ], [ 74.718967600847833, 30.377114875830397 ], [ 74.718967600847833, 30.377204707028596 ], [ 74.718877769649623, 30.377204707028596 ], [ 74.718877769649623, 30.377923356614197 ], [ 74.718967600847833, 30.377923356614197 ], [ 74.718967600847833, 30.3780131878124 ], [ 74.719057432046029, 30.3780131878124 ], [ 74.719057432046029, 30.378103019010599 ], [ 74.718967600847833, 30.378103019010599 ], [ 74.718967600847833, 30.378192850208798 ], [ 74.718338782460435, 30.378192850208798 ], [ 74.718338782460435, 30.378282681406997 ], [ 74.718069288865834, 30.378282681406997 ], [ 74.718069288865834, 30.378192850208798 ], [ 74.717889626469429, 30.378192850208798 ], [ 74.717889626469429, 30.378282681406997 ], [ 74.717530301676632, 30.378282681406997 ], [ 74.717530301676632, 30.379719980578198 ], [ 74.717620132874828, 30.379719980578198 ], [ 74.717620132874828, 30.379809811776397 ], [ 74.717979457667624, 30.379809811776397 ], [ 74.717979457667624, 30.379719980578198 ], [ 74.718069288865834, 30.379719980578198 ], [ 74.718069288865834, 30.379630149379999 ], [ 74.71815912006403, 30.379630149379999 ], [ 74.71815912006403, 30.379719980578198 ], [ 74.718248951262225, 30.379719980578198 ], [ 74.718248951262225, 30.379809811776397 ], [ 74.718338782460435, 30.379809811776397 ], [ 74.718338782460435, 30.379899642974596 ], [ 74.718248951262225, 30.379899642974596 ], [ 74.718248951262225, 30.380887786154798 ], [ 74.71815912006403, 30.380887786154798 ], [ 74.71815912006403, 30.380977617352997 ], [ 74.718248951262225, 30.380977617352997 ], [ 74.718248951262225, 30.3810674485512 ], [ 74.718338782460435, 30.3810674485512 ], [ 74.718338782460435, 30.381157279749399 ], [ 74.718967600847833, 30.381157279749399 ], [ 74.718967600847833, 30.381247110947598 ], [ 74.719237094442434, 30.381247110947598 ], [ 74.719237094442434, 30.381336942145797 ], [ 74.719596419235231, 30.381336942145797 ], [ 74.719596419235231, 30.381426773343996 ], [ 74.719955744028027, 30.381426773343996 ], [ 74.719955744028027, 30.381516604542199 ], [ 74.720315068820824, 30.381516604542199 ], [ 74.720315068820824, 30.381606435740398 ], [ 74.72076422481183, 30.381606435740398 ], [ 74.72076422481183, 30.381696266938597 ], [ 74.720854056010026, 30.381696266938597 ], [ 74.720854056010026, 30.381606435740398 ], [ 74.720943887208236, 30.381606435740398 ], [ 74.720943887208236, 30.381696266938597 ], [ 74.721123549604627, 30.381696266938597 ], [ 74.721123549604627, 30.381786098136796 ], [ 74.721572705595634, 30.381786098136796 ], [ 74.721572705595634, 30.381875929334999 ], [ 74.721842199190235, 30.381875929334999 ], [ 74.721842199190235, 30.381965760533198 ], [ 74.722291355181227, 30.381965760533198 ], [ 74.722291355181227, 30.382055591731397 ], [ 74.722650679974024, 30.382055591731397 ], [ 74.722650679974024, 30.382145422929597 ], [ 74.722740511172233, 30.382145422929597 ], [ 74.722740511172233, 30.382055591731397 ], [ 74.722830342370429, 30.382055591731397 ], [ 74.722830342370429, 30.381606435740398 ], [ 74.722740511172233, 30.381606435740398 ], [ 74.722740511172233, 30.381516604542199 ], [ 74.721393043199228, 30.381516604542199 ], [ 74.721393043199228, 30.381426773343996 ], [ 74.721482874397424, 30.381426773343996 ], [ 74.721482874397424, 30.381336942145797 ], [ 74.721572705595634, 30.381336942145797 ], [ 74.721572705595634, 30.3810674485512 ], [ 74.721482874397424, 30.3810674485512 ], [ 74.721482874397424, 30.380977617352997 ], [ 74.721572705595634, 30.380977617352997 ], [ 74.721572705595634, 30.380528461361997 ], [ 74.721482874397424, 30.380528461361997 ], [ 74.721482874397424, 30.380438630163798 ], [ 74.721033718406431, 30.380438630163798 ], [ 74.721033718406431, 30.380618292560197 ], [ 74.720943887208236, 30.380618292560197 ], [ 74.720943887208236, 30.3810674485512 ], [ 74.720854056010026, 30.3810674485512 ], [ 74.720854056010026, 30.380708123758399 ], [ 74.718877769649623, 30.380708123758399 ], [ 74.718877769649623, 30.379899642974596 ], [ 74.718787938451428, 30.379899642974596 ], [ 74.718787938451428, 30.378642006199797 ], [ 74.719506588037035, 30.378642006199797 ], [ 74.719506588037035, 30.378552175001598 ], [ 74.719686250433426, 30.378552175001598 ], [ 74.719686250433426, 30.378731837397996 ], [ 74.719596419235231, 30.378731837397996 ], [ 74.719596419235231, 30.379180993388999 ], [ 74.721213380802837, 30.379180993388999 ], [ 74.721213380802837, 30.379270824587199 ], [ 74.721572705595634, 30.379270824587199 ], [ 74.721572705595634, 30.378462343803399 ], [ 74.721662536793829, 30.378462343803399 ], [ 74.721662536793829, 30.378552175001598 ], [ 74.721752367992025, 30.378552175001598 ], [ 74.721752367992025, 30.378731837397996 ], [ 74.721842199190235, 30.378731837397996 ], [ 74.721842199190235, 30.378821668596199 ], [ 74.721752367992025, 30.378821668596199 ], [ 74.721752367992025, 30.378911499794398 ], [ 74.721662536793829, 30.378911499794398 ], [ 74.721662536793829, 30.379091162190797 ], [ 74.721752367992025, 30.379091162190797 ], [ 74.721752367992025, 30.379360655785398 ], [ 74.72193203038843, 30.379360655785398 ], [ 74.72193203038843, 30.379270824587199 ], [ 74.722111692784836, 30.379270824587199 ], [ 74.722111692784836, 30.379360655785398 ], [ 74.722740511172233, 30.379360655785398 ], [ 74.722740511172233, 30.379270824587199 ], [ 74.722920173568625, 30.379270824587199 ], [ 74.722920173568625, 30.379091162190797 ], [ 74.723010004766834, 30.379091162190797 ], [ 74.723010004766834, 30.379180993388999 ], [ 74.72309983596503, 30.379180993388999 ], [ 74.72309983596503, 30.379270824587199 ], [ 74.723369329559631, 30.379270824587199 ], [ 74.723369329559631, 30.379180993388999 ], [ 74.723728654352428, 30.379180993388999 ], [ 74.723728654352428, 30.378821668596199 ], [ 74.723638823154232, 30.378821668596199 ], [ 74.723638823154232, 30.378642006199797 ], [ 74.723728654352428, 30.378642006199797 ], [ 74.723728654352428, 30.378462343803399 ], [ 74.723638823154232, 30.378462343803399 ], [ 74.723638823154232, 30.378282681406997 ], [ 74.723548991956037, 30.378282681406997 ], [ 74.723548991956037, 30.378192850208798 ], [ 74.723459160757827, 30.378192850208798 ], [ 74.723459160757827, 30.378103019010599 ] ], [ [ 74.723459160757827, 30.378282681406997 ], [ 74.722381186379437, 30.378282681406997 ], [ 74.722381186379437, 30.378642006199797 ], [ 74.722471017577632, 30.378642006199797 ], [ 74.722471017577632, 30.378731837397996 ], [ 74.722381186379437, 30.378731837397996 ], [ 74.722381186379437, 30.378821668596199 ], [ 74.722291355181227, 30.378821668596199 ], [ 74.722291355181227, 30.378282681406997 ], [ 74.721752367992025, 30.378282681406997 ], [ 74.721752367992025, 30.378372512605196 ], [ 74.721662536793829, 30.378372512605196 ], [ 74.721662536793829, 30.378282681406997 ], [ 74.721572705595634, 30.378282681406997 ], [ 74.721572705595634, 30.378192850208798 ], [ 74.721393043199228, 30.378192850208798 ], [ 74.721393043199228, 30.378282681406997 ], [ 74.719955744028027, 30.378282681406997 ], [ 74.719955744028027, 30.378192850208798 ], [ 74.719776081631636, 30.378192850208798 ], [ 74.719776081631636, 30.378282681406997 ], [ 74.719686250433426, 30.378282681406997 ], [ 74.719686250433426, 30.378462343803399 ], [ 74.719596419235231, 30.378462343803399 ], [ 74.719596419235231, 30.378282681406997 ], [ 74.719506588037035, 30.378282681406997 ], [ 74.719506588037035, 30.378103019010599 ], [ 74.722471017577632, 30.378103019010599 ], [ 74.722471017577632, 30.378192850208798 ], [ 74.723459160757827, 30.378192850208798 ], [ 74.723459160757827, 30.378282681406997 ] ], [ [ 74.71815912006403, 30.378642006199797 ], [ 74.718248951262225, 30.378642006199797 ], [ 74.718248951262225, 30.379180993388999 ], [ 74.71815912006403, 30.379180993388999 ], [ 74.71815912006403, 30.378642006199797 ] ], [ [ 74.723010004766834, 30.378731837397996 ], [ 74.722740511172233, 30.378731837397996 ], [ 74.722740511172233, 30.378642006199797 ], [ 74.723548991956037, 30.378642006199797 ], [ 74.723548991956037, 30.378821668596199 ], [ 74.723010004766834, 30.378821668596199 ], [ 74.723010004766834, 30.378731837397996 ] ], [ [ 74.719147263244224, 30.377923356614197 ], [ 74.71932692564063, 30.377923356614197 ], [ 74.71932692564063, 30.3780131878124 ], [ 74.719147263244224, 30.3780131878124 ], [ 74.719147263244224, 30.377923356614197 ] ], [ [ 74.719686250433426, 30.377653863019599 ], [ 74.719955744028027, 30.377653863019599 ], [ 74.719955744028027, 30.377743694217799 ], [ 74.719686250433426, 30.377743694217799 ], [ 74.719686250433426, 30.377653863019599 ] ], [ [ 74.720135406424433, 30.377564031821397 ], [ 74.720674393613635, 30.377564031821397 ], [ 74.720674393613635, 30.377653863019599 ], [ 74.720135406424433, 30.377653863019599 ], [ 74.720135406424433, 30.377564031821397 ] ] ] } },
{ "type": "Feature", "properties": { "source_field_id": "1699676", "source_area_m2": 145044.55, "confidence": null, "determination_datetime": "2024-01-01T05:30:00+05:30", "determination_method": "auto-imagery", "xmin": 74.573261397367432, "ymin": 30.444847599273199, "xmax": 74.57883093165583, "ymax": 30.449967977570598, "area_m2": 144934.47000548712, "area_ha": 14.493447000548713, "field_id": "FTW-IN-PB-1699676", "boundary_source": "FIELDS_OF_THE_WORLD_GLOBAL_PRUE_2024_2025", "boundary_type": "RESEARCH_FIELD_BOUNDARY", "research_boundary_disclaimer": "Model-derived remote-sensing field unit; not a cadastral or ownership boundary.", "source_provider": "Fields of The World / Source Cooperative", "source_dataset": "Global Fields of The World, Punjab partition", "source_url": "https://data.source.coop/ftw/global-data/predictions/vectors/alpha/results-by-admin-conf/admin:country_code=IN/IN_PB.parquet", "real_or_synthetic": "REAL", "centroid_lon": 74.575759129319721, "centroid_lat": 30.447498729260261, "data_status": "REAL_SATELLITE_OBSERVATIONS", "ground_truth_status": "NO_GROUND_TRUTH_WEAK_PROXY_LABELS_ONLY", "demo_rank": 20, "demo_category": "OTHER", "demo_score": 9.0, "cropland_fraction": 1.0 }, "geometry": { "type": "Polygon", "coordinates": [ [ [ 74.576764814097231, 30.444937430471398 ], [ 74.576674982899021, 30.444937430471398 ], [ 74.576674982899021, 30.444847599273199 ], [ 74.576405489304435, 30.444847599273199 ], [ 74.576405489304435, 30.444937430471398 ], [ 74.576315658106225, 30.444937430471398 ], [ 74.576315658106225, 30.445027261669598 ], [ 74.576225826908029, 30.445027261669598 ], [ 74.576225826908029, 30.445117092867797 ], [ 74.576135995709834, 30.445117092867797 ], [ 74.576135995709834, 30.445206924065999 ], [ 74.576046164511624, 30.445206924065999 ], [ 74.576046164511624, 30.445296755264199 ], [ 74.575956333313428, 30.445296755264199 ], [ 74.575956333313428, 30.445386586462398 ], [ 74.575866502115232, 30.445386586462398 ], [ 74.575866502115232, 30.445476417660597 ], [ 74.575686839718827, 30.445476417660597 ], [ 74.575686839718827, 30.445566248858796 ], [ 74.575597008520631, 30.445566248858796 ], [ 74.575597008520631, 30.445656080056999 ], [ 74.575507177322422, 30.445656080056999 ], [ 74.575507177322422, 30.445835742453397 ], [ 74.575417346124226, 30.445835742453397 ], [ 74.575417346124226, 30.445925573651596 ], [ 74.57532751492603, 30.445925573651596 ], [ 74.57532751492603, 30.446015404849799 ], [ 74.575147852529625, 30.446015404849799 ], [ 74.575147852529625, 30.446105236047998 ], [ 74.575058021331429, 30.446105236047998 ], [ 74.575058021331429, 30.446195067246197 ], [ 74.574968190133234, 30.446195067246197 ], [ 74.574968190133234, 30.446284898444397 ], [ 74.574878358935024, 30.446284898444397 ], [ 74.574878358935024, 30.446374729642599 ], [ 74.574698696538633, 30.446374729642599 ], [ 74.574698696538633, 30.446464560840798 ], [ 74.574608865340423, 30.446464560840798 ], [ 74.574608865340423, 30.446554392038998 ], [ 74.574519034142227, 30.446554392038998 ], [ 74.574519034142227, 30.446644223237197 ], [ 74.574429202944032, 30.446644223237197 ], [ 74.574429202944032, 30.446734054435399 ], [ 74.574339371745822, 30.446734054435399 ], [ 74.574339371745822, 30.446823885633599 ], [ 74.574249540547626, 30.446823885633599 ], [ 74.574249540547626, 30.446913716831798 ], [ 74.574159709349431, 30.446913716831798 ], [ 74.574159709349431, 30.447003548029997 ], [ 74.574069878151235, 30.447003548029997 ], [ 74.574069878151235, 30.447093379228196 ], [ 74.573980046953025, 30.447093379228196 ], [ 74.573980046953025, 30.447183210426399 ], [ 74.57389021575483, 30.447183210426399 ], [ 74.57389021575483, 30.447273041624598 ], [ 74.573800384556634, 30.447273041624598 ], [ 74.573800384556634, 30.447362872822797 ], [ 74.573710553358424, 30.447362872822797 ], [ 74.573710553358424, 30.447452704020996 ], [ 74.573530890962033, 30.447452704020996 ], [ 74.573530890962033, 30.447542535219199 ], [ 74.573441059763823, 30.447542535219199 ], [ 74.573441059763823, 30.447632366417398 ], [ 74.573351228565627, 30.447632366417398 ], [ 74.573351228565627, 30.447722197615597 ], [ 74.573261397367432, 30.447722197615597 ], [ 74.573261397367432, 30.447991691210198 ], [ 74.573351228565627, 30.447991691210198 ], [ 74.573351228565627, 30.448081522408398 ], [ 74.573261397367432, 30.448081522408398 ], [ 74.573261397367432, 30.449069665588599 ], [ 74.573351228565627, 30.449069665588599 ], [ 74.573351228565627, 30.449159496786798 ], [ 74.573530890962033, 30.449159496786798 ], [ 74.573530890962033, 30.449069665588599 ], [ 74.574698696538633, 30.449069665588599 ], [ 74.574698696538633, 30.449249327984997 ], [ 74.574429202944032, 30.449249327984997 ], [ 74.574429202944032, 30.449159496786798 ], [ 74.573800384556634, 30.449159496786798 ], [ 74.573800384556634, 30.449249327984997 ], [ 74.573261397367432, 30.449249327984997 ], [ 74.573261397367432, 30.449608652777798 ], [ 74.573351228565627, 30.449608652777798 ], [ 74.573351228565627, 30.449878146372399 ], [ 74.574339371745822, 30.449878146372399 ], [ 74.574339371745822, 30.449967977570598 ], [ 74.574519034142227, 30.449967977570598 ], [ 74.574519034142227, 30.449878146372399 ], [ 74.574698696538633, 30.449878146372399 ], [ 74.574698696538633, 30.449967977570598 ], [ 74.575147852529625, 30.449967977570598 ], [ 74.575147852529625, 30.449878146372399 ], [ 74.575956333313428, 30.449878146372399 ], [ 74.575956333313428, 30.448351016002999 ], [ 74.575866502115232, 30.448351016002999 ], [ 74.575866502115232, 30.447991691210198 ], [ 74.575956333313428, 30.447991691210198 ], [ 74.575956333313428, 30.447901860011999 ], [ 74.57532751492603, 30.447901860011999 ], [ 74.57532751492603, 30.447812028813797 ], [ 74.575058021331429, 30.447812028813797 ], [ 74.575058021331429, 30.447901860011999 ], [ 74.574698696538633, 30.447901860011999 ], [ 74.574698696538633, 30.448081522408398 ], [ 74.574608865340423, 30.448081522408398 ], [ 74.574608865340423, 30.447901860011999 ], [ 74.574519034142227, 30.447901860011999 ], [ 74.574519034142227, 30.447812028813797 ], [ 74.574069878151235, 30.447812028813797 ], [ 74.574069878151235, 30.447901860011999 ], [ 74.573980046953025, 30.447901860011999 ], [ 74.573980046953025, 30.447991691210198 ], [ 74.574069878151235, 30.447991691210198 ], [ 74.574069878151235, 30.448171353606597 ], [ 74.573980046953025, 30.448171353606597 ], [ 74.573980046953025, 30.448530678399397 ], [ 74.57389021575483, 30.448530678399397 ], [ 74.57389021575483, 30.447542535219199 ], [ 74.573980046953025, 30.447542535219199 ], [ 74.573980046953025, 30.447722197615597 ], [ 74.575866502115232, 30.447722197615597 ], [ 74.575866502115232, 30.447452704020996 ], [ 74.575776670917023, 30.447452704020996 ], [ 74.575776670917023, 30.447273041624598 ], [ 74.575507177322422, 30.447273041624598 ], [ 74.575507177322422, 30.447362872822797 ], [ 74.575417346124226, 30.447362872822797 ], [ 74.575417346124226, 30.447273041624598 ], [ 74.57532751492603, 30.447273041624598 ], [ 74.57532751492603, 30.447183210426399 ], [ 74.575956333313428, 30.447183210426399 ], [ 74.575956333313428, 30.447093379228196 ], [ 74.576046164511624, 30.447093379228196 ], [ 74.576046164511624, 30.446374729642599 ], [ 74.576135995709834, 30.446374729642599 ], [ 74.576135995709834, 30.446644223237197 ], [ 74.576225826908029, 30.446644223237197 ], [ 74.576225826908029, 30.446734054435399 ], [ 74.576135995709834, 30.446734054435399 ], [ 74.576135995709834, 30.447183210426399 ], [ 74.576315658106225, 30.447183210426399 ], [ 74.576315658106225, 30.447273041624598 ], [ 74.576585151700826, 30.447273041624598 ], [ 74.576585151700826, 30.447183210426399 ], [ 74.576764814097231, 30.447183210426399 ], [ 74.576764814097231, 30.446823885633599 ], [ 74.576674982899021, 30.446823885633599 ], [ 74.576674982899021, 30.446015404849799 ], [ 74.576854645295427, 30.446015404849799 ], [ 74.576854645295427, 30.446195067246197 ], [ 74.576764814097231, 30.446195067246197 ], [ 74.576764814097231, 30.446554392038998 ], [ 74.576854645295427, 30.446554392038998 ], [ 74.576854645295427, 30.447273041624598 ], [ 74.576944476493622, 30.447273041624598 ], [ 74.576944476493622, 30.447362872822797 ], [ 74.576854645295427, 30.447362872822797 ], [ 74.576854645295427, 30.447542535219199 ], [ 74.576944476493622, 30.447542535219199 ], [ 74.576944476493622, 30.447901860011999 ], [ 74.576854645295427, 30.447901860011999 ], [ 74.576854645295427, 30.447991691210198 ], [ 74.577034307691832, 30.447991691210198 ], [ 74.577034307691832, 30.447901860011999 ], [ 74.577213970088224, 30.447901860011999 ], [ 74.577213970088224, 30.447812028813797 ], [ 74.578741100457634, 30.447812028813797 ], [ 74.578741100457634, 30.447722197615597 ], [ 74.57883093165583, 30.447722197615597 ], [ 74.57883093165583, 30.447362872822797 ], [ 74.578741100457634, 30.447362872822797 ], [ 74.578741100457634, 30.447183210426399 ], [ 74.57883093165583, 30.447183210426399 ], [ 74.57883093165583, 30.446644223237197 ], [ 74.578291944466628, 30.446644223237197 ], [ 74.578291944466628, 30.446734054435399 ], [ 74.578202113268432, 30.446734054435399 ], [ 74.578202113268432, 30.446823885633599 ], [ 74.578112282070222, 30.446823885633599 ], [ 74.578112282070222, 30.446734054435399 ], [ 74.577393632484629, 30.446734054435399 ], [ 74.577393632484629, 30.446644223237197 ], [ 74.577842788475635, 30.446644223237197 ], [ 74.577842788475635, 30.446464560840798 ], [ 74.577752957277426, 30.446464560840798 ], [ 74.577752957277426, 30.446284898444397 ], [ 74.577842788475635, 30.446284898444397 ], [ 74.577842788475635, 30.446195067246197 ], [ 74.578022450872027, 30.446195067246197 ], [ 74.578022450872027, 30.446105236047998 ], [ 74.578112282070222, 30.446105236047998 ], [ 74.578112282070222, 30.445566248858796 ], [ 74.578022450872027, 30.445566248858796 ], [ 74.578022450872027, 30.445476417660597 ], [ 74.577842788475635, 30.445476417660597 ], [ 74.577842788475635, 30.445386586462398 ], [ 74.57766312607923, 30.445386586462398 ], [ 74.57766312607923, 30.445296755264199 ], [ 74.577393632484629, 30.445296755264199 ], [ 74.577393632484629, 30.445206924065999 ], [ 74.577213970088224, 30.445206924065999 ], [ 74.577213970088224, 30.445117092867797 ], [ 74.576944476493622, 30.445117092867797 ], [ 74.576944476493622, 30.445027261669598 ], [ 74.576854645295427, 30.445027261669598 ], [ 74.576854645295427, 30.445117092867797 ], [ 74.576764814097231, 30.445117092867797 ], [ 74.576764814097231, 30.444937430471398 ] ], [ [ 74.576764814097231, 30.445835742453397 ], [ 74.576674982899021, 30.445835742453397 ], [ 74.576674982899021, 30.445117092867797 ], [ 74.576764814097231, 30.445117092867797 ], [ 74.576764814097231, 30.445835742453397 ] ], [ [ 74.578112282070222, 30.447183210426399 ], [ 74.578291944466628, 30.447183210426399 ], [ 74.578291944466628, 30.447273041624598 ], [ 74.578112282070222, 30.447273041624598 ], [ 74.578112282070222, 30.447183210426399 ] ], [ [ 74.577393632484629, 30.445925573651596 ], [ 74.577483463682825, 30.445925573651596 ], [ 74.577483463682825, 30.446374729642599 ], [ 74.577393632484629, 30.446374729642599 ], [ 74.577393632484629, 30.445925573651596 ] ] ] } },
{ "type": "Feature", "properties": { "source_field_id": "1709298", "source_area_m2": 128604.03, "confidence": null, "determination_datetime": "2024-01-01T05:30:00+05:30", "determination_method": "auto-imagery", "xmin": 74.655636606116829, "ymin": 30.466676580435799, "xmax": 74.658960360450223, "ymax": 30.472066452327798, "area_m2": 128504.59590169498, "area_ha": 12.850459590169498, "field_id": "FTW-IN-PB-1709298", "boundary_source": "FIELDS_OF_THE_WORLD_GLOBAL_PRUE_2024_2025", "boundary_type": "RESEARCH_FIELD_BOUNDARY", "research_boundary_disclaimer": "Model-derived remote-sensing field unit; not a cadastral or ownership boundary.", "source_provider": "Fields of The World / Source Cooperative", "source_dataset": "Global Fields of The World, Punjab partition", "source_url": "https://data.source.coop/ftw/global-data/predictions/vectors/alpha/results-by-admin-conf/admin:country_code=IN/IN_PB.parquet", "real_or_synthetic": "REAL", "centroid_lon": 74.657371029107139, "centroid_lat": 30.469535651054869, "data_status": "REAL_SATELLITE_OBSERVATIONS", "ground_truth_status": "NO_GROUND_TRUTH_WEAK_PROXY_LABELS_ONLY", "demo_rank": 21, "demo_category": "OTHER", "demo_score": 9.0, "cropland_fraction": 1.0 }, "geometry": { "type": "Polygon", "coordinates": [ [ [ 74.656624749297023, 30.472066452327798 ], [ 74.656624749297023, 30.471976621129599 ], [ 74.656714580495233, 30.471976621129599 ], [ 74.656714580495233, 30.472066452327798 ], [ 74.658870529252027, 30.472066452327798 ], [ 74.658870529252027, 30.471527465138596 ], [ 74.658151879666434, 30.471527465138596 ], [ 74.658151879666434, 30.471437633940397 ], [ 74.658870529252027, 30.471437633940397 ], [ 74.658870529252027, 30.471257971543999 ], [ 74.658960360450223, 30.471257971543999 ], [ 74.658960360450223, 30.471168140345799 ], [ 74.658870529252027, 30.471168140345799 ], [ 74.658870529252027, 30.471078309147597 ], [ 74.657612892477232, 30.471078309147597 ], [ 74.657612892477232, 30.471168140345799 ], [ 74.657253567684435, 30.471168140345799 ], [ 74.657253567684435, 30.471078309147597 ], [ 74.657163736486226, 30.471078309147597 ], [ 74.657163736486226, 30.471168140345799 ], [ 74.656984074089834, 30.471168140345799 ], [ 74.656984074089834, 30.471707127534998 ], [ 74.656894242891624, 30.471707127534998 ], [ 74.656894242891624, 30.471617296336799 ], [ 74.656804411693429, 30.471617296336799 ], [ 74.656804411693429, 30.471527465138596 ], [ 74.656894242891624, 30.471527465138596 ], [ 74.656894242891624, 30.471168140345799 ], [ 74.656804411693429, 30.471168140345799 ], [ 74.656804411693429, 30.470988477949398 ], [ 74.658960360450223, 30.470988477949398 ], [ 74.658960360450223, 30.470359659561996 ], [ 74.658870529252027, 30.470359659561996 ], [ 74.658870529252027, 30.470269828363797 ], [ 74.658960360450223, 30.470269828363797 ], [ 74.658960360450223, 30.470090165967399 ], [ 74.658511204459231, 30.470090165967399 ], [ 74.658511204459231, 30.470000334769196 ], [ 74.658421373261035, 30.470000334769196 ], [ 74.658421373261035, 30.469910503570997 ], [ 74.658601035657426, 30.469910503570997 ], [ 74.658601035657426, 30.470000334769196 ], [ 74.658870529252027, 30.470000334769196 ], [ 74.658870529252027, 30.469461347579998 ], [ 74.656984074089834, 30.469461347579998 ], [ 74.656984074089834, 30.469371516381798 ], [ 74.658960360450223, 30.469371516381798 ], [ 74.658960360450223, 30.468922360390799 ], [ 74.656804411693429, 30.468922360390799 ], [ 74.656804411693429, 30.468832529192596 ], [ 74.657253567684435, 30.468832529192596 ], [ 74.657253567684435, 30.468383373201597 ], [ 74.656445086900632, 30.468383373201597 ], [ 74.656445086900632, 30.468293542003398 ], [ 74.657163736486226, 30.468293542003398 ], [ 74.657163736486226, 30.468203710805199 ], [ 74.657343398882631, 30.468203710805199 ], [ 74.657343398882631, 30.468293542003398 ], [ 74.657523061279036, 30.468293542003398 ], [ 74.657523061279036, 30.468203710805199 ], [ 74.658960360450223, 30.468203710805199 ], [ 74.658960360450223, 30.467215567624997 ], [ 74.658780698053832, 30.467215567624997 ], [ 74.658780698053832, 30.467125736426798 ], [ 74.658511204459231, 30.467125736426798 ], [ 74.658511204459231, 30.467035905228599 ], [ 74.658062048468224, 30.467035905228599 ], [ 74.658062048468224, 30.466946074030396 ], [ 74.657972217270029, 30.466946074030396 ], [ 74.657972217270029, 30.466856242832197 ], [ 74.657702723675428, 30.466856242832197 ], [ 74.657702723675428, 30.466766411633998 ], [ 74.657433230080827, 30.466766411633998 ], [ 74.657433230080827, 30.466676580435799 ], [ 74.657163736486226, 30.466676580435799 ], [ 74.657163736486226, 30.466946074030396 ], [ 74.657253567684435, 30.466946074030396 ], [ 74.657253567684435, 30.467664723615997 ], [ 74.657343398882631, 30.467664723615997 ], [ 74.657343398882631, 30.467754554814199 ], [ 74.657612892477232, 30.467754554814199 ], [ 74.657612892477232, 30.467934217210598 ], [ 74.657523061279036, 30.467934217210598 ], [ 74.657523061279036, 30.467844386012398 ], [ 74.656534918098828, 30.467844386012398 ], [ 74.656534918098828, 30.467574892417797 ], [ 74.656624749297023, 30.467574892417797 ], [ 74.656624749297023, 30.467305398823196 ], [ 74.655636606116829, 30.467305398823196 ], [ 74.655636606116829, 30.468203710805199 ], [ 74.655726437315025, 30.468203710805199 ], [ 74.655726437315025, 30.468293542003398 ], [ 74.65590609971143, 30.468293542003398 ], [ 74.65590609971143, 30.468383373201597 ], [ 74.655636606116829, 30.468383373201597 ], [ 74.655636606116829, 30.469820672372798 ], [ 74.655726437315025, 30.469820672372798 ], [ 74.655726437315025, 30.469910503570997 ], [ 74.65590609971143, 30.469910503570997 ], [ 74.65590609971143, 30.469820672372798 ], [ 74.656175593306031, 30.469820672372798 ], [ 74.656175593306031, 30.469910503570997 ], [ 74.658331542062825, 30.469910503570997 ], [ 74.658331542062825, 30.470000334769196 ], [ 74.656265424504227, 30.470000334769196 ], [ 74.656265424504227, 30.470449490760199 ], [ 74.657882386071833, 30.470449490760199 ], [ 74.657882386071833, 30.470539321958398 ], [ 74.656984074089834, 30.470539321958398 ], [ 74.656984074089834, 30.470629153156597 ], [ 74.656714580495233, 30.470629153156597 ], [ 74.656714580495233, 30.470539321958398 ], [ 74.656355255702437, 30.470539321958398 ], [ 74.656355255702437, 30.470629153156597 ], [ 74.656265424504227, 30.470629153156597 ], [ 74.656265424504227, 30.470898646751198 ], [ 74.656355255702437, 30.470898646751198 ], [ 74.656355255702437, 30.470988477949398 ], [ 74.656265424504227, 30.470988477949398 ], [ 74.656265424504227, 30.471976621129599 ], [ 74.656355255702437, 30.471976621129599 ], [ 74.656355255702437, 30.472066452327798 ], [ 74.656624749297023, 30.472066452327798 ] ], [ [ 74.657972217270029, 30.467664723615997 ], [ 74.658062048468224, 30.467664723615997 ], [ 74.658062048468224, 30.467934217210598 ], [ 74.657972217270029, 30.467934217210598 ], [ 74.657972217270029, 30.467664723615997 ] ], [ [ 74.658331542062825, 30.467395230021399 ], [ 74.658421373261035, 30.467395230021399 ], [ 74.658421373261035, 30.467844386012398 ], [ 74.658331542062825, 30.467844386012398 ], [ 74.658331542062825, 30.467395230021399 ] ] ] } },
{ "type": "Feature", "properties": { "source_field_id": "6194531", "source_area_m2": 147442.97, "confidence": null, "determination_datetime": "2025-01-01T05:30:00+05:30", "determination_method": "auto-imagery", "xmin": 74.529154279051227, "ymin": 30.565221404861198, "xmax": 74.533196682970228, "ymax": 30.571240095140599, "area_m2": 147332.39848893488, "area_ha": 14.733239848893488, "field_id": "FTW-IN-PB-6194531", "boundary_source": "FIELDS_OF_THE_WORLD_GLOBAL_PRUE_2024_2025", "boundary_type": "RESEARCH_FIELD_BOUNDARY", "research_boundary_disclaimer": "Model-derived remote-sensing field unit; not a cadastral or ownership boundary.", "source_provider": "Fields of The World / Source Cooperative", "source_dataset": "Global Fields of The World, Punjab partition", "source_url": "https://data.source.coop/ftw/global-data/predictions/vectors/alpha/results-by-admin-conf/admin:country_code=IN/IN_PB.parquet", "real_or_synthetic": "REAL", "centroid_lon": 74.530905403338551, "centroid_lat": 30.568057241426079, "data_status": "REAL_SATELLITE_OBSERVATIONS", "ground_truth_status": "NO_GROUND_TRUTH_WEAK_PROXY_LABELS_ONLY", "demo_rank": 22, "demo_category": "OTHER", "demo_score": 9.0, "cropland_fraction": 1.0 }, "geometry": { "type": "Polygon", "coordinates": [ [ [ 74.531759383799027, 30.571240095140599 ], [ 74.531759383799027, 30.571150263942396 ], [ 74.531849214997223, 30.571150263942396 ], [ 74.531849214997223, 30.570970601545998 ], [ 74.531939046195433, 30.570970601545998 ], [ 74.531939046195433, 30.5707909391496 ], [ 74.532028877393628, 30.5707909391496 ], [ 74.532028877393628, 30.570521445554999 ], [ 74.532118708591824, 30.570521445554999 ], [ 74.532118708591824, 30.570251951960397 ], [ 74.532208539790034, 30.570251951960397 ], [ 74.532208539790034, 30.569892627167597 ], [ 74.530950903015224, 30.569892627167597 ], [ 74.530950903015224, 30.569712964771199 ], [ 74.531220396609825, 30.569712964771199 ], [ 74.531220396609825, 30.569802795969398 ], [ 74.532298370988229, 30.569802795969398 ], [ 74.532298370988229, 30.569623133572996 ], [ 74.532388202186425, 30.569623133572996 ], [ 74.532388202186425, 30.569443471176598 ], [ 74.532478033384635, 30.569443471176598 ], [ 74.532478033384635, 30.5692638087802 ], [ 74.53256786458283, 30.5692638087802 ], [ 74.53256786458283, 30.568994315185599 ], [ 74.532657695781026, 30.568994315185599 ], [ 74.532657695781026, 30.568814652789197 ], [ 74.530771240618833, 30.568814652789197 ], [ 74.530771240618833, 30.568724821590997 ], [ 74.532747526979222, 30.568724821590997 ], [ 74.532747526979222, 30.568634990392798 ], [ 74.532837358177431, 30.568634990392798 ], [ 74.532837358177431, 30.568275665599998 ], [ 74.532927189375627, 30.568275665599998 ], [ 74.532927189375627, 30.568006172005397 ], [ 74.533017020573823, 30.568006172005397 ], [ 74.533017020573823, 30.567646847212597 ], [ 74.533106851772033, 30.567646847212597 ], [ 74.533106851772033, 30.567287522419797 ], [ 74.533196682970228, 30.567287522419797 ], [ 74.533196682970228, 30.566928197626996 ], [ 74.533017020573823, 30.566928197626996 ], [ 74.533017020573823, 30.566838366428797 ], [ 74.532837358177431, 30.566838366428797 ], [ 74.532837358177431, 30.566928197626996 ], [ 74.532747526979222, 30.566928197626996 ], [ 74.532747526979222, 30.567018028825199 ], [ 74.532478033384635, 30.567018028825199 ], [ 74.532478033384635, 30.566928197626996 ], [ 74.532028877393628, 30.566928197626996 ], [ 74.532028877393628, 30.566838366428797 ], [ 74.531759383799027, 30.566838366428797 ], [ 74.531759383799027, 30.566928197626996 ], [ 74.530861071817029, 30.566928197626996 ], [ 74.530861071817029, 30.566838366428797 ], [ 74.531040734213434, 30.566838366428797 ], [ 74.531040734213434, 30.566748535230598 ], [ 74.53113056541163, 30.566748535230598 ], [ 74.53113056541163, 30.565311236059397 ], [ 74.530950903015224, 30.565311236059397 ], [ 74.530950903015224, 30.565221404861198 ], [ 74.530591578222428, 30.565221404861198 ], [ 74.530591578222428, 30.565850223248599 ], [ 74.530501747024232, 30.565850223248599 ], [ 74.530501747024232, 30.565221404861198 ], [ 74.529244110249422, 30.565221404861198 ], [ 74.529244110249422, 30.5662095480414 ], [ 74.530501747024232, 30.5662095480414 ], [ 74.530501747024232, 30.566119716843197 ], [ 74.530591578222428, 30.566119716843197 ], [ 74.530591578222428, 30.5662095480414 ], [ 74.530771240618833, 30.5662095480414 ], [ 74.530771240618833, 30.566299379239599 ], [ 74.530501747024232, 30.566299379239599 ], [ 74.530501747024232, 30.566389210437798 ], [ 74.530322084627826, 30.566389210437798 ], [ 74.530322084627826, 30.566299379239599 ], [ 74.529244110249422, 30.566299379239599 ], [ 74.529244110249422, 30.566389210437798 ], [ 74.529154279051227, 30.566389210437798 ], [ 74.529154279051227, 30.567197691221597 ], [ 74.529423772645828, 30.567197691221597 ], [ 74.529423772645828, 30.567287522419797 ], [ 74.529693266240429, 30.567287522419797 ], [ 74.529693266240429, 30.567197691221597 ], [ 74.529872928636834, 30.567197691221597 ], [ 74.529872928636834, 30.567287522419797 ], [ 74.530411915826022, 30.567287522419797 ], [ 74.530411915826022, 30.567197691221597 ], [ 74.530501747024232, 30.567197691221597 ], [ 74.530501747024232, 30.566928197626996 ], [ 74.530411915826022, 30.566928197626996 ], [ 74.530411915826022, 30.566748535230598 ], [ 74.530591578222428, 30.566748535230598 ], [ 74.530591578222428, 30.567287522419797 ], [ 74.531489890204426, 30.567287522419797 ], [ 74.531489890204426, 30.567197691221597 ], [ 74.531939046195433, 30.567197691221597 ], [ 74.531939046195433, 30.567107860023398 ], [ 74.532028877393628, 30.567107860023398 ], [ 74.532028877393628, 30.567018028825199 ], [ 74.532118708591824, 30.567018028825199 ], [ 74.532118708591824, 30.567107860023398 ], [ 74.532208539790034, 30.567107860023398 ], [ 74.532208539790034, 30.567197691221597 ], [ 74.532118708591824, 30.567197691221597 ], [ 74.532118708591824, 30.567287522419797 ], [ 74.532028877393628, 30.567287522419797 ], [ 74.532028877393628, 30.567467184816199 ], [ 74.531939046195433, 30.567467184816199 ], [ 74.531939046195433, 30.567377353617999 ], [ 74.530501747024232, 30.567377353617999 ], [ 74.530501747024232, 30.567467184816199 ], [ 74.530411915826022, 30.567467184816199 ], [ 74.530411915826022, 30.567377353617999 ], [ 74.529244110249422, 30.567377353617999 ], [ 74.529244110249422, 30.567467184816199 ], [ 74.529154279051227, 30.567467184816199 ], [ 74.529154279051227, 30.569443471176598 ], [ 74.530411915826022, 30.569443471176598 ], [ 74.530411915826022, 30.569353639978399 ], [ 74.530501747024232, 30.569353639978399 ], [ 74.530501747024232, 30.568814652789197 ], [ 74.530411915826022, 30.568814652789197 ], [ 74.530411915826022, 30.568185834401799 ], [ 74.530501747024232, 30.568185834401799 ], [ 74.530501747024232, 30.568365496798197 ], [ 74.530591578222428, 30.568365496798197 ], [ 74.530591578222428, 30.568634990392798 ], [ 74.530681409420623, 30.568634990392798 ], [ 74.530681409420623, 30.568814652789197 ], [ 74.530591578222428, 30.568814652789197 ], [ 74.530591578222428, 30.570162120762198 ], [ 74.530501747024232, 30.570162120762198 ], [ 74.530501747024232, 30.570701107951397 ], [ 74.530591578222428, 30.570701107951397 ], [ 74.530591578222428, 30.5707909391496 ], [ 74.530861071817029, 30.5707909391496 ], [ 74.530861071817029, 30.570880770347799 ], [ 74.531040734213434, 30.570880770347799 ], [ 74.531040734213434, 30.570970601545998 ], [ 74.531310227808035, 30.570970601545998 ], [ 74.531310227808035, 30.571060432744197 ], [ 74.531489890204426, 30.571060432744197 ], [ 74.531489890204426, 30.571150263942396 ], [ 74.531669552600832, 30.571150263942396 ], [ 74.531669552600832, 30.571240095140599 ], [ 74.531759383799027, 30.571240095140599 ] ], [ [ 74.531939046195433, 30.567826509608999 ], [ 74.532028877393628, 30.567826509608999 ], [ 74.532028877393628, 30.568185834401799 ], [ 74.531939046195433, 30.568185834401799 ], [ 74.531939046195433, 30.567826509608999 ] ], [ [ 74.531939046195433, 30.567646847212597 ], [ 74.532028877393628, 30.567646847212597 ], [ 74.532028877393628, 30.5677366784108 ], [ 74.531939046195433, 30.5677366784108 ], [ 74.531939046195433, 30.567646847212597 ] ] ] } },
{ "type": "Feature", "properties": { "source_field_id": "6673956", "source_area_m2": 144920.09, "confidence": null, "determination_datetime": "2024-01-01T05:30:00+05:30", "determination_method": "auto-imagery", "xmin": 74.446868901500025, "ymin": 30.589206334780599, "xmax": 74.451989279797431, "ymax": 30.594596206672598, "area_m2": 144814.12932197124, "area_ha": 14.481412932197124, "field_id": "FTW-IN-PB-6673956", "boundary_source": "FIELDS_OF_THE_WORLD_GLOBAL_PRUE_2024_2025", "boundary_type": "RESEARCH_FIELD_BOUNDARY", "research_boundary_disclaimer": "Model-derived remote-sensing field unit; not a cadastral or ownership boundary.", "source_provider": "Fields of The World / Source Cooperative", "source_dataset": "Global Fields of The World, Punjab partition", "source_url": "https://data.source.coop/ftw/global-data/predictions/vectors/alpha/results-by-admin-conf/admin:country_code=IN/IN_PB.parquet", "real_or_synthetic": "REAL", "centroid_lon": 74.449733356456903, "centroid_lat": 30.591261191666533, "data_status": "REAL_SATELLITE_OBSERVATIONS", "ground_truth_status": "NO_GROUND_TRUTH_WEAK_PROXY_LABELS_ONLY", "demo_rank": 23, "demo_category": "OTHER", "demo_score": 9.0, "cropland_fraction": 1.0 }, "geometry": { "type": "Polygon", "coordinates": [ [ [ 74.447677382283828, 30.590374140357198 ], [ 74.447587551085633, 30.590374140357198 ], [ 74.447587551085633, 30.5906436339518 ], [ 74.447677382283828, 30.5906436339518 ], [ 74.447677382283828, 30.590733465149999 ], [ 74.448036707076625, 30.590733465149999 ], [ 74.448036707076625, 30.590823296348198 ], [ 74.447677382283828, 30.590823296348198 ], [ 74.447677382283828, 30.591002958744596 ], [ 74.447767213482024, 30.591002958744596 ], [ 74.447767213482024, 30.591092789942799 ], [ 74.447857044680234, 30.591092789942799 ], [ 74.447857044680234, 30.591272452339197 ], [ 74.447946875878429, 30.591272452339197 ], [ 74.447946875878429, 30.591541945933798 ], [ 74.448036707076625, 30.591541945933798 ], [ 74.448036707076625, 30.591721608330197 ], [ 74.448126538274835, 30.591721608330197 ], [ 74.448126538274835, 30.591811439528399 ], [ 74.44821636947303, 30.591811439528399 ], [ 74.44821636947303, 30.591991101924798 ], [ 74.448306200671226, 30.591991101924798 ], [ 74.448306200671226, 30.592080933122997 ], [ 74.448396031869422, 30.592080933122997 ], [ 74.448396031869422, 30.5921707643212 ], [ 74.448485863067631, 30.5921707643212 ], [ 74.448485863067631, 30.592260595519399 ], [ 74.448575694265827, 30.592260595519399 ], [ 74.448575694265827, 30.592350426717598 ], [ 74.448665525464023, 30.592350426717598 ], [ 74.448665525464023, 30.592440257915797 ], [ 74.448755356662232, 30.592440257915797 ], [ 74.448755356662232, 30.592530089113996 ], [ 74.448845187860428, 30.592530089113996 ], [ 74.448845187860428, 30.592709751510398 ], [ 74.448935019058624, 30.592709751510398 ], [ 74.448935019058624, 30.592799582708597 ], [ 74.449024850256833, 30.592799582708597 ], [ 74.449024850256833, 30.592889413906796 ], [ 74.449114681455029, 30.592889413906796 ], [ 74.449114681455029, 30.592979245104999 ], [ 74.449204512653225, 30.592979245104999 ], [ 74.449204512653225, 30.593069076303198 ], [ 74.44938417504963, 30.593069076303198 ], [ 74.44938417504963, 30.592979245104999 ], [ 74.449474006247826, 30.592979245104999 ], [ 74.449474006247826, 30.593069076303198 ], [ 74.449563837446021, 30.593069076303198 ], [ 74.449563837446021, 30.593248738699597 ], [ 74.449653668644231, 30.593248738699597 ], [ 74.449653668644231, 30.593338569897799 ], [ 74.449743499842427, 30.593338569897799 ], [ 74.449743499842427, 30.593428401095998 ], [ 74.449833331040622, 30.593428401095998 ], [ 74.449833331040622, 30.593518232294198 ], [ 74.449923162238832, 30.593518232294198 ], [ 74.449923162238832, 30.593608063492397 ], [ 74.450012993437028, 30.593608063492397 ], [ 74.450012993437028, 30.5936978946906 ], [ 74.450102824635223, 30.5936978946906 ], [ 74.450102824635223, 30.593787725888799 ], [ 74.450192655833433, 30.593787725888799 ], [ 74.450192655833433, 30.593877557086998 ], [ 74.450282487031629, 30.593877557086998 ], [ 74.450282487031629, 30.593967388285197 ], [ 74.450372318229824, 30.593967388285197 ], [ 74.450372318229824, 30.594057219483396 ], [ 74.450462149428034, 30.594057219483396 ], [ 74.450462149428034, 30.594147050681599 ], [ 74.45055198062623, 30.594147050681599 ], [ 74.45055198062623, 30.594236881879798 ], [ 74.450731643022635, 30.594236881879798 ], [ 74.450731643022635, 30.594326713077997 ], [ 74.450821474220831, 30.594326713077997 ], [ 74.450821474220831, 30.594416544276196 ], [ 74.450911305419027, 30.594416544276196 ], [ 74.450911305419027, 30.594506375474399 ], [ 74.451090967815432, 30.594506375474399 ], [ 74.451090967815432, 30.594596206672598 ], [ 74.451360461410033, 30.594596206672598 ], [ 74.451360461410033, 30.594506375474399 ], [ 74.451450292608229, 30.594506375474399 ], [ 74.451450292608229, 30.594416544276196 ], [ 74.451360461410033, 30.594416544276196 ], [ 74.451360461410033, 30.594147050681599 ], [ 74.451270630211823, 30.594147050681599 ], [ 74.451270630211823, 30.593069076303198 ], [ 74.451180799013628, 30.593069076303198 ], [ 74.451180799013628, 30.592979245104999 ], [ 74.451270630211823, 30.592979245104999 ], [ 74.451270630211823, 30.592799582708597 ], [ 74.451180799013628, 30.592799582708597 ], [ 74.451180799013628, 30.592709751510398 ], [ 74.451270630211823, 30.592709751510398 ], [ 74.451270630211823, 30.592619920312199 ], [ 74.451180799013628, 30.592619920312199 ], [ 74.451180799013628, 30.592530089113996 ], [ 74.449743499842427, 30.592530089113996 ], [ 74.449743499842427, 30.592440257915797 ], [ 74.449833331040622, 30.592440257915797 ], [ 74.449833331040622, 30.592350426717598 ], [ 74.449923162238832, 30.592350426717598 ], [ 74.449923162238832, 30.592440257915797 ], [ 74.451180799013628, 30.592440257915797 ], [ 74.451180799013628, 30.591721608330197 ], [ 74.451270630211823, 30.591721608330197 ], [ 74.451270630211823, 30.591541945933798 ], [ 74.451180799013628, 30.591541945933798 ], [ 74.451180799013628, 30.591452114735599 ], [ 74.450731643022635, 30.591452114735599 ], [ 74.450731643022635, 30.591362283537396 ], [ 74.45055198062623, 30.591362283537396 ], [ 74.45055198062623, 30.591452114735599 ], [ 74.449743499842427, 30.591452114735599 ], [ 74.449743499842427, 30.591362283537396 ], [ 74.449294343851435, 30.591362283537396 ], [ 74.449294343851435, 30.591452114735599 ], [ 74.448845187860428, 30.591452114735599 ], [ 74.448845187860428, 30.591182621140998 ], [ 74.448755356662232, 30.591182621140998 ], [ 74.448755356662232, 30.591092789942799 ], [ 74.448665525464023, 30.591092789942799 ], [ 74.448665525464023, 30.590913127546397 ], [ 74.448755356662232, 30.590913127546397 ], [ 74.448755356662232, 30.591002958744596 ], [ 74.448845187860428, 30.591002958744596 ], [ 74.448845187860428, 30.591092789942799 ], [ 74.448935019058624, 30.591092789942799 ], [ 74.448935019058624, 30.591272452339197 ], [ 74.451270630211823, 30.591272452339197 ], [ 74.451270630211823, 30.591182621140998 ], [ 74.451360461410033, 30.591182621140998 ], [ 74.451360461410033, 30.591272452339197 ], [ 74.451989279797431, 30.591272452339197 ], [ 74.451989279797431, 30.590913127546397 ], [ 74.451360461410033, 30.590913127546397 ], [ 74.451360461410033, 30.591002958744596 ], [ 74.451270630211823, 30.591002958744596 ], [ 74.451270630211823, 30.590913127546397 ], [ 74.450192655833433, 30.590913127546397 ], [ 74.450192655833433, 30.590823296348198 ], [ 74.450012993437028, 30.590823296348198 ], [ 74.450012993437028, 30.590913127546397 ], [ 74.449923162238832, 30.590913127546397 ], [ 74.449923162238832, 30.591002958744596 ], [ 74.449833331040622, 30.591002958744596 ], [ 74.449833331040622, 30.5906436339518 ], [ 74.449923162238832, 30.5906436339518 ], [ 74.449923162238832, 30.590733465149999 ], [ 74.450282487031629, 30.590733465149999 ], [ 74.450282487031629, 30.590823296348198 ], [ 74.450821474220831, 30.590823296348198 ], [ 74.450821474220831, 30.590733465149999 ], [ 74.451270630211823, 30.590733465149999 ], [ 74.451270630211823, 30.5906436339518 ], [ 74.451360461410033, 30.5906436339518 ], [ 74.451360461410033, 30.590733465149999 ], [ 74.451989279797431, 30.590733465149999 ], [ 74.451989279797431, 30.590374140357198 ], [ 74.449653668644231, 30.590374140357198 ], [ 74.449653668644231, 30.590284309158999 ], [ 74.449114681455029, 30.590284309158999 ], [ 74.449114681455029, 30.590104646762597 ], [ 74.449204512653225, 30.590104646762597 ], [ 74.449204512653225, 30.590014815564398 ], [ 74.449294343851435, 30.590014815564398 ], [ 74.449294343851435, 30.590194477960797 ], [ 74.449653668644231, 30.590194477960797 ], [ 74.449653668644231, 30.589655490771598 ], [ 74.449833331040622, 30.589655490771598 ], [ 74.449833331040622, 30.589745321969797 ], [ 74.449743499842427, 30.589745321969797 ], [ 74.449743499842427, 30.590194477960797 ], [ 74.451450292608229, 30.590194477960797 ], [ 74.451450292608229, 30.590104646762597 ], [ 74.451540123806424, 30.590104646762597 ], [ 74.451540123806424, 30.590194477960797 ], [ 74.451629955004634, 30.590194477960797 ], [ 74.451629955004634, 30.590284309158999 ], [ 74.451809617401025, 30.590284309158999 ], [ 74.451809617401025, 30.590194477960797 ], [ 74.451899448599235, 30.590194477960797 ], [ 74.451899448599235, 30.590014815564398 ], [ 74.451989279797431, 30.590014815564398 ], [ 74.451989279797431, 30.589475828375196 ], [ 74.451540123806424, 30.589475828375196 ], [ 74.451540123806424, 30.589565659573399 ], [ 74.451450292608229, 30.589565659573399 ], [ 74.451450292608229, 30.589475828375196 ], [ 74.449923162238832, 30.589475828375196 ], [ 74.449923162238832, 30.589385997176997 ], [ 74.449653668644231, 30.589385997176997 ], [ 74.449653668644231, 30.589296165978798 ], [ 74.448665525464023, 30.589296165978798 ], [ 74.448665525464023, 30.589206334780599 ], [ 74.446868901500025, 30.589206334780599 ], [ 74.446868901500025, 30.589296165978798 ], [ 74.446958732698235, 30.589296165978798 ], [ 74.446958732698235, 30.589565659573399 ], [ 74.447048563896431, 30.589565659573399 ], [ 74.447048563896431, 30.589745321969797 ], [ 74.447138395094626, 30.589745321969797 ], [ 74.447138395094626, 30.589835153167996 ], [ 74.447228226292822, 30.589835153167996 ], [ 74.447228226292822, 30.590014815564398 ], [ 74.447318057491032, 30.590014815564398 ], [ 74.447318057491032, 30.590104646762597 ], [ 74.447407888689227, 30.590104646762597 ], [ 74.447407888689227, 30.590284309158999 ], [ 74.447677382283828, 30.590284309158999 ], [ 74.447677382283828, 30.590374140357198 ] ], [ [ 74.448575694265827, 30.590913127546397 ], [ 74.448575694265827, 30.5906436339518 ], [ 74.448665525464023, 30.5906436339518 ], [ 74.448665525464023, 30.590913127546397 ], [ 74.448575694265827, 30.590913127546397 ] ], [ [ 74.447677382283828, 30.590194477960797 ], [ 74.448306200671226, 30.590194477960797 ], [ 74.448306200671226, 30.590284309158999 ], [ 74.448126538274835, 30.590284309158999 ], [ 74.448126538274835, 30.590374140357198 ], [ 74.448036707076625, 30.590374140357198 ], [ 74.448036707076625, 30.590284309158999 ], [ 74.447677382283828, 30.590284309158999 ], [ 74.447677382283828, 30.590194477960797 ] ], [ [ 74.449294343851435, 30.592530089113996 ], [ 74.44938417504963, 30.592530089113996 ], [ 74.44938417504963, 30.592709751510398 ], [ 74.449294343851435, 30.592709751510398 ], [ 74.449294343851435, 30.592530089113996 ] ], [ [ 74.448575694265827, 30.590194477960797 ], [ 74.448665525464023, 30.590194477960797 ], [ 74.448665525464023, 30.590463971555398 ], [ 74.448575694265827, 30.590463971555398 ], [ 74.448575694265827, 30.590194477960797 ] ], [ [ 74.449114681455029, 30.589565659573399 ], [ 74.449294343851435, 30.589565659573399 ], [ 74.449294343851435, 30.589745321969797 ], [ 74.449204512653225, 30.589745321969797 ], [ 74.449204512653225, 30.589924984366199 ], [ 74.449114681455029, 30.589924984366199 ], [ 74.449114681455029, 30.589565659573399 ] ] ] } },
{ "type": "Feature", "properties": { "source_field_id": "6674150", "source_area_m2": 134954.41, "confidence": null, "determination_datetime": "2024-01-01T05:30:00+05:30", "determination_method": "auto-imagery", "xmin": 74.451989279797431, "ymin": 30.597650467411398, "xmax": 74.456570670905634, "ymax": 30.603130170501597, "area_m2": 134855.5793420526, "area_ha": 13.485557934205261, "field_id": "FTW-IN-PB-6674150", "boundary_source": "FIELDS_OF_THE_WORLD_GLOBAL_PRUE_2024_2025", "boundary_type": "RESEARCH_FIELD_BOUNDARY", "research_boundary_disclaimer": "Model-derived remote-sensing field unit; not a cadastral or ownership boundary.", "source_provider": "Fields of The World / Source Cooperative", "source_dataset": "Global Fields of The World, Punjab partition", "source_url": "https://data.source.coop/ftw/global-data/predictions/vectors/alpha/results-by-admin-conf/admin:country_code=IN/IN_PB.parquet", "real_or_synthetic": "REAL", "centroid_lon": 74.45420144396148, "centroid_lat": 30.600540900692785, "data_status": "REAL_SATELLITE_OBSERVATIONS", "ground_truth_status": "NO_GROUND_TRUTH_WEAK_PROXY_LABELS_ONLY", "demo_rank": 24, "demo_category": "OTHER", "demo_score": 9.0, "cropland_fraction": 1.0 }, "geometry": { "type": "Polygon", "coordinates": [ [ [ 74.453606241365023, 30.600614896951999 ], [ 74.453426578968632, 30.600614896951999 ], [ 74.453426578968632, 30.600704728150198 ], [ 74.453246916572226, 30.600704728150198 ], [ 74.453246916572226, 30.600794559348397 ], [ 74.453067254175835, 30.600794559348397 ], [ 74.453067254175835, 30.600884390546597 ], [ 74.452887591779429, 30.600884390546597 ], [ 74.452887591779429, 30.600974221744799 ], [ 74.452797760581234, 30.600974221744799 ], [ 74.452797760581234, 30.601243715339397 ], [ 74.452887591779429, 30.601243715339397 ], [ 74.452887591779429, 30.601423377735799 ], [ 74.452977422977625, 30.601423377735799 ], [ 74.452977422977625, 30.601692871330396 ], [ 74.453067254175835, 30.601692871330396 ], [ 74.453067254175835, 30.601872533726798 ], [ 74.453157085374031, 30.601872533726798 ], [ 74.453157085374031, 30.602052196123196 ], [ 74.453246916572226, 30.602052196123196 ], [ 74.453246916572226, 30.602231858519598 ], [ 74.453336747770422, 30.602231858519598 ], [ 74.453336747770422, 30.602411520915997 ], [ 74.453426578968632, 30.602411520915997 ], [ 74.453426578968632, 30.602591183312398 ], [ 74.453606241365023, 30.602591183312398 ], [ 74.453606241365023, 30.603040339303398 ], [ 74.453696072563233, 30.603040339303398 ], [ 74.453696072563233, 30.603130170501597 ], [ 74.453875734959624, 30.603130170501597 ], [ 74.453875734959624, 30.603040339303398 ], [ 74.454055397356029, 30.603040339303398 ], [ 74.454055397356029, 30.602950508105199 ], [ 74.454235059752435, 30.602950508105199 ], [ 74.454235059752435, 30.602860676907 ], [ 74.454414722148826, 30.602860676907 ], [ 74.454414722148826, 30.602770845708797 ], [ 74.454684215743427, 30.602770845708797 ], [ 74.454684215743427, 30.602681014510598 ], [ 74.454863878139832, 30.602681014510598 ], [ 74.454863878139832, 30.602591183312398 ], [ 74.455133371734433, 30.602591183312398 ], [ 74.455133371734433, 30.602501352114199 ], [ 74.45549269652723, 30.602501352114199 ], [ 74.45549269652723, 30.602411520915997 ], [ 74.455762190121831, 30.602411520915997 ], [ 74.455762190121831, 30.602321689717797 ], [ 74.455852021320027, 30.602321689717797 ], [ 74.455852021320027, 30.602411520915997 ], [ 74.456121514914628, 30.602411520915997 ], [ 74.456121514914628, 30.602321689717797 ], [ 74.456570670905634, 30.602321689717797 ], [ 74.456570670905634, 30.602142027321399 ], [ 74.456480839707424, 30.602142027321399 ], [ 74.456480839707424, 30.601962364924997 ], [ 74.456391008509229, 30.601962364924997 ], [ 74.456391008509229, 30.601782702528599 ], [ 74.456301177311033, 30.601782702528599 ], [ 74.456301177311033, 30.601692871330396 ], [ 74.456211346112823, 30.601692871330396 ], [ 74.456211346112823, 30.601513208933998 ], [ 74.456121514914628, 30.601513208933998 ], [ 74.456121514914628, 30.6013335465376 ], [ 74.455762190121831, 30.6013335465376 ], [ 74.455762190121831, 30.601243715339397 ], [ 74.455852021320027, 30.601243715339397 ], [ 74.455852021320027, 30.601153884141198 ], [ 74.455941852518222, 30.601153884141198 ], [ 74.455941852518222, 30.600974221744799 ], [ 74.455852021320027, 30.600974221744799 ], [ 74.455852021320027, 30.600794559348397 ], [ 74.455762190121831, 30.600794559348397 ], [ 74.455762190121831, 30.600704728150198 ], [ 74.455672358923636, 30.600704728150198 ], [ 74.455672358923636, 30.600614896951999 ], [ 74.455582527725426, 30.600614896951999 ], [ 74.455582527725426, 30.600255572159199 ], [ 74.455762190121831, 30.600255572159199 ], [ 74.455762190121831, 30.599896247366399 ], [ 74.455672358923636, 30.599896247366399 ], [ 74.455672358923636, 30.5998064161682 ], [ 74.455582527725426, 30.5998064161682 ], [ 74.455582527725426, 30.599626753771798 ], [ 74.45549269652723, 30.599626753771798 ], [ 74.45549269652723, 30.599536922573598 ], [ 74.455402865329035, 30.599536922573598 ], [ 74.455402865329035, 30.599447091375399 ], [ 74.455313034130825, 30.599447091375399 ], [ 74.455313034130825, 30.599536922573598 ], [ 74.455043540536224, 30.599536922573598 ], [ 74.455043540536224, 30.599447091375399 ], [ 74.455223202932629, 30.599447091375399 ], [ 74.455223202932629, 30.599357260177197 ], [ 74.455313034130825, 30.599357260177197 ], [ 74.455313034130825, 30.599267428978997 ], [ 74.455223202932629, 30.599267428978997 ], [ 74.455223202932629, 30.599177597780798 ], [ 74.455133371734433, 30.599177597780798 ], [ 74.455133371734433, 30.599087766582599 ], [ 74.455043540536224, 30.599087766582599 ], [ 74.455043540536224, 30.598908104186197 ], [ 74.454953709338028, 30.598908104186197 ], [ 74.454953709338028, 30.598818272987998 ], [ 74.454863878139832, 30.598818272987998 ], [ 74.454863878139832, 30.598728441789799 ], [ 74.454774046941623, 30.598728441789799 ], [ 74.454774046941623, 30.598548779393397 ], [ 74.454684215743427, 30.598548779393397 ], [ 74.454684215743427, 30.598458948195198 ], [ 74.454594384545231, 30.598458948195198 ], [ 74.454594384545231, 30.5982792857988 ], [ 74.454504553347022, 30.5982792857988 ], [ 74.454504553347022, 30.598189454600597 ], [ 74.454414722148826, 30.598189454600597 ], [ 74.454414722148826, 30.598099623402398 ], [ 74.45432489095063, 30.598099623402398 ], [ 74.45432489095063, 30.597919961005999 ], [ 74.454235059752435, 30.597919961005999 ], [ 74.454235059752435, 30.597830129807797 ], [ 74.454145228554225, 30.597830129807797 ], [ 74.454145228554225, 30.597740298609597 ], [ 74.454055397356029, 30.597740298609597 ], [ 74.454055397356029, 30.597650467411398 ], [ 74.453875734959624, 30.597650467411398 ], [ 74.453875734959624, 30.597740298609597 ], [ 74.453785903761428, 30.597740298609597 ], [ 74.453785903761428, 30.597830129807797 ], [ 74.453696072563233, 30.597830129807797 ], [ 74.453696072563233, 30.597919961005999 ], [ 74.453606241365023, 30.597919961005999 ], [ 74.453606241365023, 30.598009792204198 ], [ 74.453516410166827, 30.598009792204198 ], [ 74.453516410166827, 30.598189454600597 ], [ 74.453426578968632, 30.598189454600597 ], [ 74.453426578968632, 30.598369116996999 ], [ 74.453246916572226, 30.598369116996999 ], [ 74.453246916572226, 30.598458948195198 ], [ 74.453157085374031, 30.598458948195198 ], [ 74.453157085374031, 30.598548779393397 ], [ 74.453067254175835, 30.598548779393397 ], [ 74.453067254175835, 30.598638610591596 ], [ 74.452977422977625, 30.598638610591596 ], [ 74.452977422977625, 30.598728441789799 ], [ 74.452887591779429, 30.598728441789799 ], [ 74.452887591779429, 30.598818272987998 ], [ 74.452797760581234, 30.598818272987998 ], [ 74.452797760581234, 30.598908104186197 ], [ 74.452707929383024, 30.598908104186197 ], [ 74.452707929383024, 30.599087766582599 ], [ 74.452618098184828, 30.599087766582599 ], [ 74.452618098184828, 30.599177597780798 ], [ 74.452528266986633, 30.599177597780798 ], [ 74.452528266986633, 30.599267428978997 ], [ 74.452438435788423, 30.599267428978997 ], [ 74.452438435788423, 30.599357260177197 ], [ 74.452168942193822, 30.599357260177197 ], [ 74.452168942193822, 30.599447091375399 ], [ 74.451989279797431, 30.599447091375399 ], [ 74.451989279797431, 30.599716584969997 ], [ 74.452079110995626, 30.599716584969997 ], [ 74.452079110995626, 30.599896247366399 ], [ 74.452168942193822, 30.599896247366399 ], [ 74.452168942193822, 30.600075909762797 ], [ 74.452438435788423, 30.600075909762797 ], [ 74.452438435788423, 30.600165740960996 ], [ 74.452348604590227, 30.600165740960996 ], [ 74.452348604590227, 30.600435234555597 ], [ 74.452438435788423, 30.600435234555597 ], [ 74.452438435788423, 30.600614896951999 ], [ 74.452528266986633, 30.600614896951999 ], [ 74.452528266986633, 30.600794559348397 ], [ 74.452618098184828, 30.600794559348397 ], [ 74.452618098184828, 30.600884390546597 ], [ 74.452797760581234, 30.600884390546597 ], [ 74.452797760581234, 30.600794559348397 ], [ 74.452977422977625, 30.600794559348397 ], [ 74.452977422977625, 30.600704728150198 ], [ 74.453157085374031, 30.600704728150198 ], [ 74.453157085374031, 30.600614896951999 ], [ 74.453336747770422, 30.600614896951999 ], [ 74.453336747770422, 30.600525065753796 ], [ 74.453606241365023, 30.600525065753796 ], [ 74.453606241365023, 30.600614896951999 ] ], [ [ 74.455762190121831, 30.601423377735799 ], [ 74.455672358923636, 30.601423377735799 ], [ 74.455672358923636, 30.601513208933998 ], [ 74.45549269652723, 30.601513208933998 ], [ 74.45549269652723, 30.601603040132197 ], [ 74.455402865329035, 30.601603040132197 ], [ 74.455402865329035, 30.601692871330396 ], [ 74.455223202932629, 30.601692871330396 ], [ 74.455223202932629, 30.601782702528599 ], [ 74.455043540536224, 30.601782702528599 ], [ 74.455043540536224, 30.601692871330396 ], [ 74.455133371734433, 30.601692871330396 ], [ 74.455133371734433, 30.601603040132197 ], [ 74.455313034130825, 30.601603040132197 ], [ 74.455313034130825, 30.601513208933998 ], [ 74.455402865329035, 30.601513208933998 ], [ 74.455402865329035, 30.601423377735799 ], [ 74.455582527725426, 30.601423377735799 ], [ 74.455582527725426, 30.6013335465376 ], [ 74.455762190121831, 30.6013335465376 ], [ 74.455762190121831, 30.601423377735799 ] ], [ [ 74.455043540536224, 30.601872533726798 ], [ 74.454863878139832, 30.601872533726798 ], [ 74.454863878139832, 30.601782702528599 ], [ 74.455043540536224, 30.601782702528599 ], [ 74.455043540536224, 30.601872533726798 ] ], [ [ 74.454863878139832, 30.601962364924997 ], [ 74.454684215743427, 30.601962364924997 ], [ 74.454684215743427, 30.601872533726798 ], [ 74.454863878139832, 30.601872533726798 ], [ 74.454863878139832, 30.601962364924997 ] ], [ [ 74.454684215743427, 30.602052196123196 ], [ 74.454504553347022, 30.602052196123196 ], [ 74.454504553347022, 30.601962364924997 ], [ 74.454684215743427, 30.601962364924997 ], [ 74.454684215743427, 30.602052196123196 ] ], [ [ 74.454504553347022, 30.602142027321399 ], [ 74.454414722148826, 30.602142027321399 ], [ 74.454414722148826, 30.602052196123196 ], [ 74.454504553347022, 30.602052196123196 ], [ 74.454504553347022, 30.602142027321399 ] ], [ [ 74.454414722148826, 30.602231858519598 ], [ 74.454235059752435, 30.602231858519598 ], [ 74.454235059752435, 30.602142027321399 ], [ 74.454414722148826, 30.602142027321399 ], [ 74.454414722148826, 30.602231858519598 ] ], [ [ 74.454235059752435, 30.602321689717797 ], [ 74.454055397356029, 30.602321689717797 ], [ 74.454055397356029, 30.602231858519598 ], [ 74.454235059752435, 30.602231858519598 ], [ 74.454235059752435, 30.602321689717797 ] ], [ [ 74.454055397356029, 30.602411520915997 ], [ 74.453965566157834, 30.602411520915997 ], [ 74.453965566157834, 30.602321689717797 ], [ 74.454055397356029, 30.602321689717797 ], [ 74.454055397356029, 30.602411520915997 ] ], [ [ 74.453965566157834, 30.602501352114199 ], [ 74.453785903761428, 30.602501352114199 ], [ 74.453785903761428, 30.602411520915997 ], [ 74.453965566157834, 30.602411520915997 ], [ 74.453965566157834, 30.602501352114199 ] ], [ [ 74.453785903761428, 30.602591183312398 ], [ 74.453696072563233, 30.602591183312398 ], [ 74.453696072563233, 30.602501352114199 ], [ 74.453785903761428, 30.602501352114199 ], [ 74.453785903761428, 30.602591183312398 ] ], [ [ 74.455043540536224, 30.599626753771798 ], [ 74.454863878139832, 30.599626753771798 ], [ 74.454863878139832, 30.599536922573598 ], [ 74.455043540536224, 30.599536922573598 ], [ 74.455043540536224, 30.599626753771798 ] ], [ [ 74.452438435788423, 30.599986078564598 ], [ 74.452528266986633, 30.599986078564598 ], [ 74.452528266986633, 30.599896247366399 ], [ 74.452707929383024, 30.599896247366399 ], [ 74.452707929383024, 30.599986078564598 ], [ 74.452618098184828, 30.599986078564598 ], [ 74.452618098184828, 30.600075909762797 ], [ 74.452438435788423, 30.600075909762797 ], [ 74.452438435788423, 30.599986078564598 ] ], [ [ 74.452707929383024, 30.5998064161682 ], [ 74.452887591779429, 30.5998064161682 ], [ 74.452887591779429, 30.599896247366399 ], [ 74.452707929383024, 30.599896247366399 ], [ 74.452707929383024, 30.5998064161682 ] ], [ [ 74.452887591779429, 30.599716584969997 ], [ 74.452977422977625, 30.599716584969997 ], [ 74.452977422977625, 30.5998064161682 ], [ 74.452887591779429, 30.5998064161682 ], [ 74.452887591779429, 30.599716584969997 ] ], [ [ 74.452977422977625, 30.599626753771798 ], [ 74.453157085374031, 30.599626753771798 ], [ 74.453157085374031, 30.599716584969997 ], [ 74.452977422977625, 30.599716584969997 ], [ 74.452977422977625, 30.599626753771798 ] ], [ [ 74.453157085374031, 30.599536922573598 ], [ 74.453246916572226, 30.599536922573598 ], [ 74.453246916572226, 30.599626753771798 ], [ 74.453157085374031, 30.599626753771798 ], [ 74.453157085374031, 30.599536922573598 ] ], [ [ 74.453606241365023, 30.600435234555597 ], [ 74.453696072563233, 30.600435234555597 ], [ 74.453696072563233, 30.600525065753796 ], [ 74.453606241365023, 30.600525065753796 ], [ 74.453606241365023, 30.600435234555597 ] ], [ [ 74.453696072563233, 30.600345403357398 ], [ 74.453785903761428, 30.600345403357398 ], [ 74.453785903761428, 30.600435234555597 ], [ 74.453696072563233, 30.600435234555597 ], [ 74.453696072563233, 30.600345403357398 ] ], [ [ 74.454863878139832, 30.601153884141198 ], [ 74.454953709338028, 30.601153884141198 ], [ 74.454953709338028, 30.601243715339397 ], [ 74.454863878139832, 30.601243715339397 ], [ 74.454863878139832, 30.601153884141198 ] ], [ [ 74.453875734959624, 30.600255572159199 ], [ 74.453965566157834, 30.600255572159199 ], [ 74.453965566157834, 30.600345403357398 ], [ 74.453875734959624, 30.600345403357398 ], [ 74.453875734959624, 30.600255572159199 ] ], [ [ 74.453426578968632, 30.599536922573598 ], [ 74.453336747770422, 30.599536922573598 ], [ 74.453336747770422, 30.599447091375399 ], [ 74.453426578968632, 30.599447091375399 ], [ 74.453426578968632, 30.599536922573598 ] ], [ [ 74.453426578968632, 30.599357260177197 ], [ 74.453606241365023, 30.599357260177197 ], [ 74.453606241365023, 30.599447091375399 ], [ 74.453426578968632, 30.599447091375399 ], [ 74.453426578968632, 30.599357260177197 ] ], [ [ 74.453606241365023, 30.599267428978997 ], [ 74.453696072563233, 30.599267428978997 ], [ 74.453696072563233, 30.599357260177197 ], [ 74.453606241365023, 30.599357260177197 ], [ 74.453606241365023, 30.599267428978997 ] ], [ [ 74.453696072563233, 30.599177597780798 ], [ 74.453875734959624, 30.599177597780798 ], [ 74.453875734959624, 30.599267428978997 ], [ 74.453696072563233, 30.599267428978997 ], [ 74.453696072563233, 30.599177597780798 ] ], [ [ 74.453875734959624, 30.599087766582599 ], [ 74.453965566157834, 30.599087766582599 ], [ 74.453965566157834, 30.599177597780798 ], [ 74.453875734959624, 30.599177597780798 ], [ 74.453875734959624, 30.599087766582599 ] ], [ [ 74.453965566157834, 30.598997935384396 ], [ 74.454145228554225, 30.598997935384396 ], [ 74.454145228554225, 30.599087766582599 ], [ 74.453965566157834, 30.599087766582599 ], [ 74.453965566157834, 30.598997935384396 ] ], [ [ 74.454145228554225, 30.598908104186197 ], [ 74.454235059752435, 30.598908104186197 ], [ 74.454235059752435, 30.598818272987998 ], [ 74.454414722148826, 30.598818272987998 ], [ 74.454414722148826, 30.598908104186197 ], [ 74.45432489095063, 30.598908104186197 ], [ 74.45432489095063, 30.598997935384396 ], [ 74.454145228554225, 30.598997935384396 ], [ 74.454145228554225, 30.598908104186197 ] ], [ [ 74.454684215743427, 30.599267428978997 ], [ 74.454774046941623, 30.599267428978997 ], [ 74.454774046941623, 30.599357260177197 ], [ 74.454684215743427, 30.599357260177197 ], [ 74.454684215743427, 30.599267428978997 ] ] ] } },
{ "type": "Feature", "properties": { "source_field_id": "1655793", "source_area_m2": 97869.82, "confidence": null, "determination_datetime": "2025-01-01T05:30:00+05:30", "determination_method": "auto-imagery", "xmin": 74.636682223296631, "ymin": 30.358070661811997, "xmax": 74.639107665648027, "ymax": 30.363640196100398, "area_m2": 97794.46484810143, "area_ha": 9.7794464848101423, "field_id": "FTW-IN-PB-1655793", "boundary_source": "FIELDS_OF_THE_WORLD_GLOBAL_PRUE_2024_2025", "boundary_type": "RESEARCH_FIELD_BOUNDARY", "research_boundary_disclaimer": "Model-derived remote-sensing field unit; not a cadastral or ownership boundary.", "source_provider": "Fields of The World / Source Cooperative", "source_dataset": "Global Fields of The World, Punjab partition", "source_url": "https://data.source.coop/ftw/global-data/predictions/vectors/alpha/results-by-admin-conf/admin:country_code=IN/IN_PB.parquet", "real_or_synthetic": "REAL", "centroid_lon": 74.637695389878132, "centroid_lat": 30.360830779133643, "data_status": "REAL_SATELLITE_OBSERVATIONS", "ground_truth_status": "NO_GROUND_TRUTH_WEAK_PROXY_LABELS_ONLY", "demo_rank": 25, "demo_category": "OTHER", "demo_score": 8.956, "cropland_fraction": 1.0 }, "geometry": { "type": "Polygon", "coordinates": [ [ [ 74.638389016062433, 30.363640196100398 ], [ 74.638389016062433, 30.363460533703996 ], [ 74.638478847260629, 30.363460533703996 ], [ 74.638478847260629, 30.362562221721998 ], [ 74.638568678458824, 30.362562221721998 ], [ 74.638568678458824, 30.362023234532799 ], [ 74.638658509657034, 30.362023234532799 ], [ 74.638658509657034, 30.361843572136397 ], [ 74.638568678458824, 30.361843572136397 ], [ 74.638568678458824, 30.361753740938198 ], [ 74.638658509657034, 30.361753740938198 ], [ 74.638658509657034, 30.361663909739999 ], [ 74.638568678458824, 30.361663909739999 ], [ 74.638568678458824, 30.361484247343597 ], [ 74.638658509657034, 30.361484247343597 ], [ 74.638658509657034, 30.361214753749 ], [ 74.63874834085523, 30.361214753749 ], [ 74.63874834085523, 30.360855428956199 ], [ 74.638838172053426, 30.360855428956199 ], [ 74.638838172053426, 30.360226610568798 ], [ 74.638928003251635, 30.360226610568798 ], [ 74.638928003251635, 30.359957116974197 ], [ 74.638029691269637, 30.359957116974197 ], [ 74.638029691269637, 30.359867285775998 ], [ 74.638299184864223, 30.359867285775998 ], [ 74.638299184864223, 30.359418129784999 ], [ 74.637670366476826, 30.359418129784999 ], [ 74.637670366476826, 30.360406272965196 ], [ 74.638119522467832, 30.360406272965196 ], [ 74.638119522467832, 30.360316441766997 ], [ 74.638209353666028, 30.360316441766997 ], [ 74.638209353666028, 30.360406272965196 ], [ 74.638568678458824, 30.360406272965196 ], [ 74.638568678458824, 30.360496104163399 ], [ 74.638209353666028, 30.360496104163399 ], [ 74.638209353666028, 30.360585935361598 ], [ 74.638029691269637, 30.360585935361598 ], [ 74.638029691269637, 30.360496104163399 ], [ 74.63758053527863, 30.360496104163399 ], [ 74.63758053527863, 30.359418129784999 ], [ 74.637490704080435, 30.359418129784999 ], [ 74.637490704080435, 30.359328298586799 ], [ 74.637400872882225, 30.359328298586799 ], [ 74.637400872882225, 30.359238467388597 ], [ 74.638029691269637, 30.359238467388597 ], [ 74.638029691269637, 30.359148636190397 ], [ 74.638119522467832, 30.359148636190397 ], [ 74.638119522467832, 30.359238467388597 ], [ 74.63874834085523, 30.359238467388597 ], [ 74.63874834085523, 30.359328298586799 ], [ 74.639017834449831, 30.359328298586799 ], [ 74.639017834449831, 30.358968973793999 ], [ 74.639107665648027, 30.358968973793999 ], [ 74.639107665648027, 30.358699480199398 ], [ 74.638928003251635, 30.358699480199398 ], [ 74.638928003251635, 30.358609649001199 ], [ 74.638658509657034, 30.358609649001199 ], [ 74.638658509657034, 30.358519817802996 ], [ 74.638389016062433, 30.358519817802996 ], [ 74.638389016062433, 30.358429986604797 ], [ 74.638029691269637, 30.358429986604797 ], [ 74.638029691269637, 30.358699480199398 ], [ 74.638119522467832, 30.358699480199398 ], [ 74.638119522467832, 30.358789311397597 ], [ 74.638029691269637, 30.358789311397597 ], [ 74.638029691269637, 30.359058804992198 ], [ 74.637939860071427, 30.359058804992198 ], [ 74.637939860071427, 30.358340155406598 ], [ 74.637850028873231, 30.358340155406598 ], [ 74.637850028873231, 30.358250324208399 ], [ 74.63758053527863, 30.358250324208399 ], [ 74.63758053527863, 30.3581604930102 ], [ 74.637041548089428, 30.3581604930102 ], [ 74.637041548089428, 30.358070661811997 ], [ 74.636682223296631, 30.358070661811997 ], [ 74.636682223296631, 30.358609649001199 ], [ 74.636772054494827, 30.358609649001199 ], [ 74.636772054494827, 30.358699480199398 ], [ 74.637221210485833, 30.358699480199398 ], [ 74.637221210485833, 30.358609649001199 ], [ 74.637311041684029, 30.358609649001199 ], [ 74.637311041684029, 30.358699480199398 ], [ 74.637400872882225, 30.358699480199398 ], [ 74.637400872882225, 30.358879142595796 ], [ 74.637311041684029, 30.358879142595796 ], [ 74.637311041684029, 30.358789311397597 ], [ 74.636682223296631, 30.358789311397597 ], [ 74.636682223296631, 30.359238467388597 ], [ 74.636772054494827, 30.359238467388597 ], [ 74.636772054494827, 30.359418129784999 ], [ 74.636682223296631, 30.359418129784999 ], [ 74.636682223296631, 30.360136779370599 ], [ 74.636772054494827, 30.360136779370599 ], [ 74.636772054494827, 30.360316441766997 ], [ 74.637221210485833, 30.360316441766997 ], [ 74.637221210485833, 30.360406272965196 ], [ 74.636772054494827, 30.360406272965196 ], [ 74.636772054494827, 30.360496104163399 ], [ 74.636682223296631, 30.360496104163399 ], [ 74.636682223296631, 30.360585935361598 ], [ 74.636772054494827, 30.360585935361598 ], [ 74.636772054494827, 30.361394416145398 ], [ 74.636682223296631, 30.361394416145398 ], [ 74.636682223296631, 30.361574078541796 ], [ 74.636772054494827, 30.361574078541796 ], [ 74.636772054494827, 30.361753740938198 ], [ 74.636682223296631, 30.361753740938198 ], [ 74.636682223296631, 30.363280871307598 ], [ 74.637311041684029, 30.363280871307598 ], [ 74.637311041684029, 30.363640196100398 ], [ 74.638389016062433, 30.363640196100398 ] ], [ [ 74.637670366476826, 30.3627418841184 ], [ 74.63758053527863, 30.3627418841184 ], [ 74.63758053527863, 30.362652052920197 ], [ 74.638209353666028, 30.362652052920197 ], [ 74.638209353666028, 30.3627418841184 ], [ 74.637760197675036, 30.3627418841184 ], [ 74.637760197675036, 30.363370702505797 ], [ 74.637670366476826, 30.363370702505797 ], [ 74.637670366476826, 30.3627418841184 ] ], [ [ 74.636951716891232, 30.362562221721998 ], [ 74.637041548089428, 30.362562221721998 ], [ 74.637041548089428, 30.362292728127397 ], [ 74.637221210485833, 30.362292728127397 ], [ 74.637221210485833, 30.362202896929197 ], [ 74.637850028873231, 30.362202896929197 ], [ 74.637850028873231, 30.362292728127397 ], [ 74.637311041684029, 30.362292728127397 ], [ 74.637311041684029, 30.362472390523799 ], [ 74.637400872882225, 30.362472390523799 ], [ 74.637400872882225, 30.362562221721998 ], [ 74.637490704080435, 30.362562221721998 ], [ 74.637490704080435, 30.362652052920197 ], [ 74.636951716891232, 30.362652052920197 ], [ 74.636951716891232, 30.362562221721998 ] ], [ [ 74.637939860071427, 30.362202896929197 ], [ 74.638209353666028, 30.362202896929197 ], [ 74.638209353666028, 30.362292728127397 ], [ 74.637939860071427, 30.362292728127397 ], [ 74.637939860071427, 30.362202896929197 ] ], [ [ 74.637221210485833, 30.361663909739999 ], [ 74.637041548089428, 30.361663909739999 ], [ 74.637041548089428, 30.361574078541796 ], [ 74.637221210485833, 30.361574078541796 ], [ 74.637221210485833, 30.361484247343597 ], [ 74.637400872882225, 30.361484247343597 ], [ 74.637400872882225, 30.361663909739999 ], [ 74.637311041684029, 30.361663909739999 ], [ 74.637311041684029, 30.361843572136397 ], [ 74.637221210485833, 30.361843572136397 ], [ 74.637221210485833, 30.361663909739999 ] ], [ [ 74.637760197675036, 30.361484247343597 ], [ 74.638119522467832, 30.361484247343597 ], [ 74.638119522467832, 30.361574078541796 ], [ 74.637760197675036, 30.361574078541796 ], [ 74.637760197675036, 30.361484247343597 ] ] ] } },
{ "type": "Feature", "properties": { "source_field_id": "6192658", "source_area_m2": 92107.516, "confidence": null, "determination_datetime": "2025-01-01T05:30:00+05:30", "determination_method": "auto-imagery", "xmin": 74.494120111753233, "ymin": 30.545099216464397, "xmax": 74.499330321248834, "ymax": 30.548063646004998, "area_m2": 92039.142357055156, "area_ha": 9.2039142357055148, "field_id": "FTW-IN-PB-6192658", "boundary_source": "FIELDS_OF_THE_WORLD_GLOBAL_PRUE_2024_2025", "boundary_type": "RESEARCH_FIELD_BOUNDARY", "research_boundary_disclaimer": "Model-derived remote-sensing field unit; not a cadastral or ownership boundary.", "source_provider": "Fields of The World / Source Cooperative", "source_dataset": "Global Fields of The World, Punjab partition", "source_url": "https://data.source.coop/ftw/global-data/predictions/vectors/alpha/results-by-admin-conf/admin:country_code=IN/IN_PB.parquet", "real_or_synthetic": "REAL", "centroid_lon": 74.496418342296963, "centroid_lat": 30.546562428232996, "data_status": "REAL_SATELLITE_OBSERVATIONS", "ground_truth_status": "NO_GROUND_TRUTH_WEAK_PROXY_LABELS_ONLY", "demo_rank": 26, "demo_category": "OTHER", "demo_score": 8.841, "cropland_fraction": 1.0 }, "geometry": { "type": "Polygon", "coordinates": [ [ [ 74.496186229311832, 30.548063646004998 ], [ 74.496186229311832, 30.547434827617597 ], [ 74.496096398113622, 30.547434827617597 ], [ 74.496096398113622, 30.547344996419397 ], [ 74.496455722906433, 30.547344996419397 ], [ 74.496455722906433, 30.547973814806799 ], [ 74.496545554104628, 30.547973814806799 ], [ 74.496545554104628, 30.548063646004998 ], [ 74.497174372492026, 30.548063646004998 ], [ 74.497174372492026, 30.547973814806799 ], [ 74.497354034888431, 30.547973814806799 ], [ 74.497354034888431, 30.547165334022999 ], [ 74.49708454129383, 30.547165334022999 ], [ 74.49708454129383, 30.547075502824796 ], [ 74.496545554104628, 30.547075502824796 ], [ 74.496545554104628, 30.547165334022999 ], [ 74.496365891708223, 30.547165334022999 ], [ 74.496365891708223, 30.546985671626597 ], [ 74.497174372492026, 30.546985671626597 ], [ 74.497174372492026, 30.5463568532392 ], [ 74.497264203690222, 30.5463568532392 ], [ 74.497264203690222, 30.546985671626597 ], [ 74.497623528483032, 30.546985671626597 ], [ 74.497623528483032, 30.546895840428398 ], [ 74.498342178068626, 30.546895840428398 ], [ 74.498342178068626, 30.5463568532392 ], [ 74.498432009266821, 30.5463568532392 ], [ 74.498432009266821, 30.546895840428398 ], [ 74.499060827654233, 30.546895840428398 ], [ 74.499060827654233, 30.546985671626597 ], [ 74.499150658852429, 30.546985671626597 ], [ 74.499150658852429, 30.546895840428398 ], [ 74.499240490050624, 30.546895840428398 ], [ 74.499240490050624, 30.546536515635598 ], [ 74.499330321248834, 30.546536515635598 ], [ 74.499330321248834, 30.546177190842798 ], [ 74.499240490050624, 30.546177190842798 ], [ 74.499240490050624, 30.546087359644599 ], [ 74.498970996456023, 30.546087359644599 ], [ 74.498970996456023, 30.545997528446399 ], [ 74.498521840465031, 30.545997528446399 ], [ 74.498521840465031, 30.546267022040997 ], [ 74.498432009266821, 30.546267022040997 ], [ 74.498432009266821, 30.545907697248197 ], [ 74.498342178068626, 30.545907697248197 ], [ 74.498342178068626, 30.545817866049997 ], [ 74.497982853275829, 30.545817866049997 ], [ 74.497982853275829, 30.545728034851798 ], [ 74.497623528483032, 30.545728034851798 ], [ 74.497623528483032, 30.545638203653599 ], [ 74.497264203690222, 30.545638203653599 ], [ 74.497264203690222, 30.545817866049997 ], [ 74.497174372492026, 30.545817866049997 ], [ 74.497174372492026, 30.545728034851798 ], [ 74.49708454129383, 30.545728034851798 ], [ 74.49708454129383, 30.545548372455396 ], [ 74.496725216501034, 30.545548372455396 ], [ 74.496725216501034, 30.545458541257197 ], [ 74.496455722906433, 30.545458541257197 ], [ 74.496455722906433, 30.545368710058998 ], [ 74.496186229311832, 30.545368710058998 ], [ 74.496186229311832, 30.545278878860799 ], [ 74.495826904519035, 30.545278878860799 ], [ 74.495826904519035, 30.545189047662596 ], [ 74.495198086131623, 30.545189047662596 ], [ 74.495198086131623, 30.545099216464397 ], [ 74.495018423735232, 30.545099216464397 ], [ 74.495018423735232, 30.545189047662596 ], [ 74.494928592537022, 30.545189047662596 ], [ 74.494928592537022, 30.545368710058998 ], [ 74.494838761338826, 30.545368710058998 ], [ 74.494838761338826, 30.545548372455396 ], [ 74.494748930140631, 30.545548372455396 ], [ 74.494748930140631, 30.545728034851798 ], [ 74.494659098942435, 30.545728034851798 ], [ 74.494659098942435, 30.545997528446399 ], [ 74.494569267744225, 30.545997528446399 ], [ 74.494569267744225, 30.546177190842798 ], [ 74.49447943654603, 30.546177190842798 ], [ 74.49447943654603, 30.546446684437399 ], [ 74.494389605347834, 30.546446684437399 ], [ 74.494389605347834, 30.546626346833797 ], [ 74.494299774149624, 30.546626346833797 ], [ 74.494299774149624, 30.546895840428398 ], [ 74.494209942951429, 30.546895840428398 ], [ 74.494209942951429, 30.547165334022999 ], [ 74.495737073320825, 30.547165334022999 ], [ 74.495737073320825, 30.547255165221198 ], [ 74.494120111753233, 30.547255165221198 ], [ 74.494120111753233, 30.547434827617597 ], [ 74.495287917329833, 30.547434827617597 ], [ 74.495287917329833, 30.547524658815799 ], [ 74.495198086131623, 30.547524658815799 ], [ 74.495198086131623, 30.547704321212198 ], [ 74.495287917329833, 30.547704321212198 ], [ 74.495287917329833, 30.547794152410397 ], [ 74.495198086131623, 30.547794152410397 ], [ 74.495198086131623, 30.547973814806799 ], [ 74.495287917329833, 30.547973814806799 ], [ 74.495287917329833, 30.548063646004998 ], [ 74.496186229311832, 30.548063646004998 ] ], [ [ 74.495467579726224, 30.547704321212198 ], [ 74.495647242122629, 30.547704321212198 ], [ 74.495647242122629, 30.547794152410397 ], [ 74.495467579726224, 30.547794152410397 ], [ 74.495467579726224, 30.547704321212198 ] ], [ [ 74.495557410924434, 30.547344996419397 ], [ 74.49591673571723, 30.547344996419397 ], [ 74.49591673571723, 30.547434827617597 ], [ 74.495557410924434, 30.547434827617597 ], [ 74.495557410924434, 30.547344996419397 ] ], [ [ 74.49708454129383, 30.546087359644599 ], [ 74.497174372492026, 30.546087359644599 ], [ 74.497174372492026, 30.546267022040997 ], [ 74.49708454129383, 30.546267022040997 ], [ 74.49708454129383, 30.546087359644599 ] ] ] } },
{ "type": "Feature", "properties": { "source_field_id": "1686259", "source_area_m2": 87598.711, "confidence": null, "determination_datetime": "2024-01-01T05:30:00+05:30", "determination_method": "auto-imagery", "xmin": 74.747444090677234, "ymin": 30.401728624137199, "xmax": 74.75364244335303, "ymax": 30.404423560083199, "area_m2": 87529.888432330161, "area_ha": 8.7529888432330161, "field_id": "FTW-IN-PB-1686259", "boundary_source": "FIELDS_OF_THE_WORLD_GLOBAL_PRUE_2024_2025", "boundary_type": "RESEARCH_FIELD_BOUNDARY", "research_boundary_disclaimer": "Model-derived remote-sensing field unit; not a cadastral or ownership boundary.", "source_provider": "Fields of The World / Source Cooperative", "source_dataset": "Global Fields of The World, Punjab partition", "source_url": "https://data.source.coop/ftw/global-data/predictions/vectors/alpha/results-by-admin-conf/admin:country_code=IN/IN_PB.parquet", "real_or_synthetic": "REAL", "centroid_lon": 74.750704490272113, "centroid_lat": 30.402804356570247, "data_status": "REAL_SATELLITE_OBSERVATIONS", "ground_truth_status": "NO_GROUND_TRUTH_WEAK_PROXY_LABELS_ONLY", "demo_rank": 27, "demo_category": "OTHER", "demo_score": 8.751, "cropland_fraction": 1.0 }, "geometry": { "type": "Polygon", "coordinates": [ [ [ 74.748162740262828, 30.4024472737228 ], [ 74.748162740262828, 30.402806598515596 ], [ 74.748252571461023, 30.402806598515596 ], [ 74.748252571461023, 30.402716767317397 ], [ 74.748342402659233, 30.402716767317397 ], [ 74.748342402659233, 30.402806598515596 ], [ 74.74870172745203, 30.402806598515596 ], [ 74.74870172745203, 30.402357442524597 ], [ 74.748791558650225, 30.402357442524597 ], [ 74.748791558650225, 30.402806598515596 ], [ 74.748881389848435, 30.402806598515596 ], [ 74.748881389848435, 30.402896429713799 ], [ 74.749420377037623, 30.402896429713799 ], [ 74.749420377037623, 30.402267611326398 ], [ 74.749510208235833, 30.402267611326398 ], [ 74.749510208235833, 30.402896429713799 ], [ 74.750049195425035, 30.402896429713799 ], [ 74.750049195425035, 30.402806598515596 ], [ 74.750139026623231, 30.402806598515596 ], [ 74.750139026623231, 30.402896429713799 ], [ 74.750228857821426, 30.402896429713799 ], [ 74.750228857821426, 30.402986260911998 ], [ 74.750139026623231, 30.402986260911998 ], [ 74.750139026623231, 30.403345585704798 ], [ 74.750228857821426, 30.403345585704798 ], [ 74.750228857821426, 30.403435416902997 ], [ 74.750767845010628, 30.403435416902997 ], [ 74.750767845010628, 30.402357442524597 ], [ 74.750678013812433, 30.402357442524597 ], [ 74.750678013812433, 30.402087948929999 ], [ 74.750767845010628, 30.402087948929999 ], [ 74.750767845010628, 30.402267611326398 ], [ 74.750857676208824, 30.402267611326398 ], [ 74.750857676208824, 30.402896429713799 ], [ 74.750947507407034, 30.402896429713799 ], [ 74.750947507407034, 30.403615079299399 ], [ 74.750857676208824, 30.403615079299399 ], [ 74.750857676208824, 30.404154066488598 ], [ 74.750947507407034, 30.404154066488598 ], [ 74.750947507407034, 30.404333728884996 ], [ 74.751486494596236, 30.404333728884996 ], [ 74.751486494596236, 30.404154066488598 ], [ 74.751396663398026, 30.404154066488598 ], [ 74.751396663398026, 30.403345585704798 ], [ 74.75130683219983, 30.403345585704798 ], [ 74.75130683219983, 30.403255754506599 ], [ 74.751486494596236, 30.403255754506599 ], [ 74.751486494596236, 30.402087948929999 ], [ 74.751576325794431, 30.402087948929999 ], [ 74.751576325794431, 30.403255754506599 ], [ 74.751666156992627, 30.403255754506599 ], [ 74.751666156992627, 30.403345585704798 ], [ 74.751576325794431, 30.403345585704798 ], [ 74.751576325794431, 30.404333728884996 ], [ 74.752115312983634, 30.404333728884996 ], [ 74.752115312983634, 30.404243897686797 ], [ 74.752205144181829, 30.404243897686797 ], [ 74.752205144181829, 30.4039744040922 ], [ 74.752115312983634, 30.4039744040922 ], [ 74.752115312983634, 30.403794741695798 ], [ 74.752923793767437, 30.403794741695798 ], [ 74.752923793767437, 30.403435416902997 ], [ 74.752833962569227, 30.403435416902997 ], [ 74.752833962569227, 30.403345585704798 ], [ 74.751935650587228, 30.403345585704798 ], [ 74.751935650587228, 30.403255754506599 ], [ 74.752205144181829, 30.403255754506599 ], [ 74.752205144181829, 30.403076092110197 ], [ 74.752294975380025, 30.403076092110197 ], [ 74.752294975380025, 30.403255754506599 ], [ 74.752833962569227, 30.403255754506599 ], [ 74.752833962569227, 30.402896429713799 ], [ 74.752923793767437, 30.402896429713799 ], [ 74.752923793767437, 30.403076092110197 ], [ 74.753013624965632, 30.403076092110197 ], [ 74.753013624965632, 30.404064235290399 ], [ 74.753372949758429, 30.404064235290399 ], [ 74.753372949758429, 30.404154066488598 ], [ 74.753103456163828, 30.404154066488598 ], [ 74.753103456163828, 30.404243897686797 ], [ 74.753013624965632, 30.404243897686797 ], [ 74.753013624965632, 30.404333728884996 ], [ 74.753103456163828, 30.404333728884996 ], [ 74.753103456163828, 30.404423560083199 ], [ 74.753193287362024, 30.404423560083199 ], [ 74.753193287362024, 30.404333728884996 ], [ 74.753552612154834, 30.404333728884996 ], [ 74.753552612154834, 30.4039744040922 ], [ 74.75364244335303, 30.4039744040922 ], [ 74.75364244335303, 30.403076092110197 ], [ 74.753552612154834, 30.403076092110197 ], [ 74.753552612154834, 30.402806598515596 ], [ 74.752025481785424, 30.402806598515596 ], [ 74.752025481785424, 30.402177780128198 ], [ 74.752115312983634, 30.402177780128198 ], [ 74.752115312983634, 30.401818455335398 ], [ 74.752025481785424, 30.401818455335398 ], [ 74.752025481785424, 30.401728624137199 ], [ 74.751755988190837, 30.401728624137199 ], [ 74.751755988190837, 30.401818455335398 ], [ 74.751396663398026, 30.401818455335398 ], [ 74.751396663398026, 30.401728624137199 ], [ 74.751217001001635, 30.401728624137199 ], [ 74.751217001001635, 30.401818455335398 ], [ 74.751037338605229, 30.401818455335398 ], [ 74.751037338605229, 30.401728624137199 ], [ 74.750857676208824, 30.401728624137199 ], [ 74.750857676208824, 30.401818455335398 ], [ 74.750678013812433, 30.401818455335398 ], [ 74.750678013812433, 30.401728624137199 ], [ 74.750318689019636, 30.401728624137199 ], [ 74.750318689019636, 30.401818455335398 ], [ 74.750228857821426, 30.401818455335398 ], [ 74.750228857821426, 30.4024472737228 ], [ 74.750139026623231, 30.4024472737228 ], [ 74.750139026623231, 30.401818455335398 ], [ 74.750049195425035, 30.401818455335398 ], [ 74.750049195425035, 30.401728624137199 ], [ 74.748881389848435, 30.401728624137199 ], [ 74.748881389848435, 30.401818455335398 ], [ 74.74870172745203, 30.401818455335398 ], [ 74.74870172745203, 30.401728624137199 ], [ 74.748162740262828, 30.401728624137199 ], [ 74.748162740262828, 30.401908286533597 ], [ 74.748072909064632, 30.401908286533597 ], [ 74.748072909064632, 30.401818455335398 ], [ 74.747983077866436, 30.401818455335398 ], [ 74.747983077866436, 30.401728624137199 ], [ 74.747444090677234, 30.401728624137199 ], [ 74.747444090677234, 30.403076092110197 ], [ 74.747983077866436, 30.403076092110197 ], [ 74.747983077866436, 30.402896429713799 ], [ 74.747713584271835, 30.402896429713799 ], [ 74.747713584271835, 30.402806598515596 ], [ 74.747983077866436, 30.402806598515596 ], [ 74.747983077866436, 30.402716767317397 ], [ 74.748072909064632, 30.402716767317397 ], [ 74.748072909064632, 30.4024472737228 ], [ 74.748162740262828, 30.4024472737228 ] ], [ [ 74.747983077866436, 30.4024472737228 ], [ 74.747983077866436, 30.402087948929999 ], [ 74.748162740262828, 30.402087948929999 ], [ 74.748162740262828, 30.402177780128198 ], [ 74.748072909064632, 30.402177780128198 ], [ 74.748072909064632, 30.4024472737228 ], [ 74.747983077866436, 30.4024472737228 ] ], [ [ 74.748252571461023, 30.402087948929999 ], [ 74.748342402659233, 30.402087948929999 ], [ 74.748342402659233, 30.402357442524597 ], [ 74.748252571461023, 30.402357442524597 ], [ 74.748252571461023, 30.402087948929999 ] ] ] } },
{ "type": "Feature", "properties": { "source_field_id": "6669669", "source_area_m2": 82686.766, "confidence": null, "determination_datetime": "2025-01-01T05:30:00+05:30", "determination_method": "auto-imagery", "xmin": 74.439233249653029, "ymin": 30.621365903736198, "xmax": 74.444712952743231, "ymax": 30.624959151664196, "area_m2": 81736.502933363736, "area_ha": 8.1736502933363742, "field_id": "FTW-IN-PB-6669669", "boundary_source": "FIELDS_OF_THE_WORLD_GLOBAL_PRUE_2024_2025", "boundary_type": "RESEARCH_FIELD_BOUNDARY", "research_boundary_disclaimer": "Model-derived remote-sensing field unit; not a cadastral or ownership boundary.", "source_provider": "Fields of The World / Source Cooperative", "source_dataset": "Global Fields of The World, Punjab partition", "source_url": "https://data.source.coop/ftw/global-data/predictions/vectors/alpha/results-by-admin-conf/admin:country_code=IN/IN_PB.parquet", "real_or_synthetic": "REAL", "centroid_lon": 74.442539127673669, "centroid_lat": 30.623025089740985, "data_status": "REAL_SATELLITE_OBSERVATIONS", "ground_truth_status": "NO_GROUND_TRUTH_WEAK_PROXY_LABELS_ONLY", "demo_rank": 28, "demo_category": "OTHER", "demo_score": 8.635, "cropland_fraction": 1.0 }, "geometry": { "type": "Polygon", "coordinates": [ [ [ 74.443455315968436, 30.624779489267798 ], [ 74.443455315968436, 30.624689658069599 ], [ 74.443545147166631, 30.624689658069599 ], [ 74.443545147166631, 30.624869320465997 ], [ 74.443634978364827, 30.624869320465997 ], [ 74.443634978364827, 30.624955982691855 ], [ 74.443638939580254, 30.624959151664196 ], [ 74.443994303157623, 30.624959151664196 ], [ 74.443994303157623, 30.624150670880397 ], [ 74.443904471959428, 30.624150670880397 ], [ 74.443904471959428, 30.623611683691198 ], [ 74.443994303157623, 30.623611683691198 ], [ 74.443994303157623, 30.623971008483998 ], [ 74.444084134355833, 30.623971008483998 ], [ 74.444084134355833, 30.624959151664196 ], [ 74.444712952743231, 30.624959151664196 ], [ 74.444712952743231, 30.624689658069599 ], [ 74.444623121545035, 30.624689658069599 ], [ 74.444623121545035, 30.623611683691198 ], [ 74.444533290346826, 30.623611683691198 ], [ 74.444533290346826, 30.622893034105598 ], [ 74.444623121545035, 30.622893034105598 ], [ 74.444623121545035, 30.622443878114598 ], [ 74.444533290346826, 30.622443878114598 ], [ 74.444533290346826, 30.622354046916399 ], [ 74.444084134355833, 30.622354046916399 ], [ 74.444084134355833, 30.622443878114598 ], [ 74.442646835184632, 30.622443878114598 ], [ 74.442646835184632, 30.623342190096597 ], [ 74.443455315968436, 30.623342190096597 ], [ 74.443455315968436, 30.622623540510997 ], [ 74.443545147166631, 30.622623540510997 ], [ 74.443545147166631, 30.623432021294796 ], [ 74.443365484770226, 30.623432021294796 ], [ 74.443365484770226, 30.624599826871396 ], [ 74.44327565357203, 30.624599826871396 ], [ 74.44327565357203, 30.624509995673197 ], [ 74.443185822373835, 30.624509995673197 ], [ 74.443185822373835, 30.623432021294796 ], [ 74.442736666382828, 30.623432021294796 ], [ 74.442736666382828, 30.623521852492999 ], [ 74.442467172788227, 30.623521852492999 ], [ 74.442467172788227, 30.622623540510997 ], [ 74.442557003986423, 30.622623540510997 ], [ 74.442557003986423, 30.622533709312798 ], [ 74.442467172788227, 30.622533709312798 ], [ 74.442467172788227, 30.622264215718197 ], [ 74.442377341590031, 30.622264215718197 ], [ 74.442377341590031, 30.622174384519997 ], [ 74.44210784799543, 30.622174384519997 ], [ 74.44210784799543, 30.622264215718197 ], [ 74.442018016797235, 30.622264215718197 ], [ 74.442018016797235, 30.622174384519997 ], [ 74.441658692004424, 30.622174384519997 ], [ 74.441658692004424, 30.622264215718197 ], [ 74.441568860806228, 30.622264215718197 ], [ 74.441568860806228, 30.622354046916399 ], [ 74.441658692004424, 30.622354046916399 ], [ 74.441658692004424, 30.623162527700199 ], [ 74.441479029608033, 30.623162527700199 ], [ 74.441479029608033, 30.621365903736198 ], [ 74.439233249653029, 30.621365903736198 ], [ 74.439233249653029, 30.621455734934397 ], [ 74.439323080851224, 30.621455734934397 ], [ 74.439323080851224, 30.621545566132596 ], [ 74.439412912049434, 30.621545566132596 ], [ 74.439412912049434, 30.621635397330799 ], [ 74.43950274324763, 30.621635397330799 ], [ 74.43950274324763, 30.621725228528998 ], [ 74.439592574445825, 30.621725228528998 ], [ 74.439592574445825, 30.621815059727197 ], [ 74.439682405644035, 30.621815059727197 ], [ 74.439682405644035, 30.621904890925396 ], [ 74.439862068040426, 30.621904890925396 ], [ 74.439862068040426, 30.621994722123599 ], [ 74.439951899238622, 30.621994722123599 ], [ 74.439951899238622, 30.622084553321798 ], [ 74.440041730436832, 30.622084553321798 ], [ 74.440041730436832, 30.622174384519997 ], [ 74.440131561635027, 30.622174384519997 ], [ 74.440131561635027, 30.622264215718197 ], [ 74.440311224031433, 30.622264215718197 ], [ 74.440311224031433, 30.622354046916399 ], [ 74.440401055229628, 30.622354046916399 ], [ 74.440401055229628, 30.622443878114598 ], [ 74.440490886427824, 30.622443878114598 ], [ 74.440490886427824, 30.622533709312798 ], [ 74.440580717626034, 30.622533709312798 ], [ 74.440580717626034, 30.622623540510997 ], [ 74.440760380022425, 30.622623540510997 ], [ 74.440760380022425, 30.622713371709199 ], [ 74.440850211220635, 30.622713371709199 ], [ 74.440850211220635, 30.622803202907399 ], [ 74.440940042418831, 30.622803202907399 ], [ 74.440940042418831, 30.622893034105598 ], [ 74.441029873617026, 30.622893034105598 ], [ 74.441029873617026, 30.622982865303797 ], [ 74.441209536013432, 30.622982865303797 ], [ 74.441209536013432, 30.623072696501996 ], [ 74.441299367211627, 30.623072696501996 ], [ 74.441299367211627, 30.623162527700199 ], [ 74.441389198409823, 30.623162527700199 ], [ 74.441389198409823, 30.623252358898398 ], [ 74.441568860806228, 30.623252358898398 ], [ 74.441568860806228, 30.623427702241507 ], [ 74.441575231409828, 30.623432021294796 ], [ 74.441748523202634, 30.623432021294796 ], [ 74.441748523202634, 30.623521852492999 ], [ 74.441838354400829, 30.623521852492999 ], [ 74.441838354400829, 30.623610409763273 ], [ 74.441840233444523, 30.623611683691198 ], [ 74.441928185599025, 30.623611683691198 ], [ 74.441928185599025, 30.623671312270524 ], [ 74.441972734461856, 30.623701514889397 ], [ 74.442018016797235, 30.623701514889397 ], [ 74.442018016797235, 30.623732214777785 ], [ 74.442105235479204, 30.623791346087597 ], [ 74.44210784799543, 30.623791346087597 ], [ 74.44210784799543, 30.62379311728504 ], [ 74.442237736496551, 30.623881177285799 ], [ 74.442287510391822, 30.623881177285799 ], [ 74.442287510391822, 30.623914922299541 ], [ 74.442370237513899, 30.623971008483998 ], [ 74.442377341590031, 30.623971008483998 ], [ 74.442377341590031, 30.623975824806802 ], [ 74.44259, 30.62412 ], [ 74.442628338600485, 30.624150670880397 ], [ 74.442646835184632, 30.624150670880397 ], [ 74.442646835184632, 30.624165468147709 ], [ 74.443414361584757, 30.624779489267798 ], [ 74.443455315968436, 30.624779489267798 ] ], [ [ 74.443994303157623, 30.623162527700199 ], [ 74.443904471959428, 30.623162527700199 ], [ 74.443904471959428, 30.623072696501996 ], [ 74.444084134355833, 30.623072696501996 ], [ 74.444084134355833, 30.623252358898398 ], [ 74.443994303157623, 30.623252358898398 ], [ 74.443994303157623, 30.623162527700199 ] ] ] } },
{ "type": "Feature", "properties": { "source_field_id": "6668728", "source_area_m2": 80384.172, "confidence": null, "determination_datetime": "2025-01-01T05:30:00+05:30", "determination_method": "auto-imagery", "xmin": 74.438514600067435, "ymin": 30.604477638474599, "xmax": 74.441479029608033, "ymax": 30.609238691979197, "area_m2": 80325.584825870392, "area_ha": 8.0325584825870386, "field_id": "FTW-IN-PB-6668728", "boundary_source": "FIELDS_OF_THE_WORLD_GLOBAL_PRUE_2024_2025", "boundary_type": "RESEARCH_FIELD_BOUNDARY", "research_boundary_disclaimer": "Model-derived remote-sensing field unit; not a cadastral or ownership boundary.", "source_provider": "Fields of The World / Source Cooperative", "source_dataset": "Global Fields of The World, Punjab partition", "source_url": "https://data.source.coop/ftw/global-data/predictions/vectors/alpha/results-by-admin-conf/admin:country_code=IN/IN_PB.parquet", "real_or_synthetic": "REAL", "centroid_lon": 74.440272437495679, "centroid_lat": 30.606768131108378, "data_status": "REAL_SATELLITE_OBSERVATIONS", "ground_truth_status": "NO_GROUND_TRUTH_WEAK_PROXY_LABELS_ONLY", "demo_rank": 29, "demo_category": "OTHER", "demo_score": 8.607, "cropland_fraction": 1.0 }, "geometry": { "type": "Polygon", "coordinates": [ [ [ 74.440760380022425, 30.609238691979197 ], [ 74.440760380022425, 30.608340379997198 ], [ 74.44067054882423, 30.608340379997198 ], [ 74.44067054882423, 30.607352236816997 ], [ 74.440580717626034, 30.607352236816997 ], [ 74.440580717626034, 30.606453924834998 ], [ 74.44067054882423, 30.606453924834998 ], [ 74.44067054882423, 30.606004768843999 ], [ 74.440760380022425, 30.606004768843999 ], [ 74.440760380022425, 30.607801392807996 ], [ 74.440850211220635, 30.607801392807996 ], [ 74.440850211220635, 30.608340379997198 ], [ 74.441029873617026, 30.608340379997198 ], [ 74.441029873617026, 30.608430211195397 ], [ 74.440850211220635, 30.608430211195397 ], [ 74.440850211220635, 30.608879367186397 ], [ 74.440940042418831, 30.608879367186397 ], [ 74.440940042418831, 30.609238691979197 ], [ 74.441479029608033, 30.609238691979197 ], [ 74.441479029608033, 30.608340379997198 ], [ 74.441389198409823, 30.608340379997198 ], [ 74.441389198409823, 30.608250548798999 ], [ 74.441479029608033, 30.608250548798999 ], [ 74.441479029608033, 30.607891224006199 ], [ 74.441389198409823, 30.607891224006199 ], [ 74.441389198409823, 30.607801392807996 ], [ 74.441479029608033, 30.607801392807996 ], [ 74.441479029608033, 30.607172574420598 ], [ 74.441389198409823, 30.607172574420598 ], [ 74.441389198409823, 30.606633587231396 ], [ 74.441299367211627, 30.606633587231396 ], [ 74.441299367211627, 30.606543756033197 ], [ 74.441389198409823, 30.606543756033197 ], [ 74.441389198409823, 30.606364093636799 ], [ 74.441299367211627, 30.606364093636799 ], [ 74.441299367211627, 30.605016625663797 ], [ 74.441209536013432, 30.605016625663797 ], [ 74.441209536013432, 30.604477638474599 ], [ 74.44067054882423, 30.604477638474599 ], [ 74.44067054882423, 30.6059149376458 ], [ 74.440580717626034, 30.6059149376458 ], [ 74.440580717626034, 30.605555612852999 ], [ 74.440041730436832, 30.605555612852999 ], [ 74.440041730436832, 30.606004768843999 ], [ 74.439862068040426, 30.606004768843999 ], [ 74.439862068040426, 30.605825106447597 ], [ 74.439951899238622, 30.605825106447597 ], [ 74.439951899238622, 30.605555612852999 ], [ 74.439862068040426, 30.605555612852999 ], [ 74.439862068040426, 30.605106456861996 ], [ 74.438784093662022, 30.605106456861996 ], [ 74.438784093662022, 30.605375950456597 ], [ 74.438694262463827, 30.605375950456597 ], [ 74.438694262463827, 30.605465781654797 ], [ 74.438604431265631, 30.605465781654797 ], [ 74.438604431265631, 30.605555612852999 ], [ 74.438514600067435, 30.605555612852999 ], [ 74.438514600067435, 30.6059149376458 ], [ 74.439233249653029, 30.6059149376458 ], [ 74.439233249653029, 30.606004768843999 ], [ 74.438604431265631, 30.606004768843999 ], [ 74.438604431265631, 30.606094600042198 ], [ 74.438514600067435, 30.606094600042198 ], [ 74.438514600067435, 30.606364093636799 ], [ 74.438604431265631, 30.606364093636799 ], [ 74.438604431265631, 30.607082743222399 ], [ 74.439143418454833, 30.607082743222399 ], [ 74.439143418454833, 30.606992912024197 ], [ 74.439412912049434, 30.606992912024197 ], [ 74.439412912049434, 30.607082743222399 ], [ 74.439862068040426, 30.607082743222399 ], [ 74.439862068040426, 30.606992912024197 ], [ 74.439951899238622, 30.606992912024197 ], [ 74.439951899238622, 30.606813249627798 ], [ 74.439862068040426, 30.606813249627798 ], [ 74.439862068040426, 30.606633587231396 ], [ 74.439951899238622, 30.606633587231396 ], [ 74.439951899238622, 30.606723418429599 ], [ 74.440041730436832, 30.606723418429599 ], [ 74.440041730436832, 30.606992912024197 ], [ 74.440131561635027, 30.606992912024197 ], [ 74.440131561635027, 30.607352236816997 ], [ 74.440041730436832, 30.607352236816997 ], [ 74.440041730436832, 30.607531899213399 ], [ 74.440131561635027, 30.607531899213399 ], [ 74.440131561635027, 30.607621730411598 ], [ 74.440311224031433, 30.607621730411598 ], [ 74.440311224031433, 30.607711561609797 ], [ 74.440041730436832, 30.607711561609797 ], [ 74.440041730436832, 30.608070886402597 ], [ 74.440131561635027, 30.608070886402597 ], [ 74.440131561635027, 30.609059029582799 ], [ 74.440221392833223, 30.609059029582799 ], [ 74.440221392833223, 30.609238691979197 ], [ 74.440760380022425, 30.609238691979197 ] ] ] } },
{ "type": "Feature", "properties": { "source_field_id": "1631065", "source_area_m2": 132246.64, "confidence": null, "determination_datetime": "2025-01-01T05:30:00+05:30", "determination_method": "auto-imagery", "xmin": 74.598414132863425, "ymin": 30.245961326458399, "xmax": 74.604342991944634, "ymax": 30.251351198350399, "area_m2": 132145.65517787915, "area_ha": 13.214565517787914, "field_id": "FTW-IN-PB-1631065", "boundary_source": "FIELDS_OF_THE_WORLD_GLOBAL_PRUE_2024_2025", "boundary_type": "RESEARCH_FIELD_BOUNDARY", "research_boundary_disclaimer": "Model-derived remote-sensing field unit; not a cadastral or ownership boundary.", "source_provider": "Fields of The World / Source Cooperative", "source_dataset": "Global Fields of The World, Punjab partition", "source_url": "https://data.source.coop/ftw/global-data/predictions/vectors/alpha/results-by-admin-conf/admin:country_code=IN/IN_PB.parquet", "real_or_synthetic": "REAL", "centroid_lon": 74.601954835682477, "centroid_lat": 30.248610157975126, "data_status": "REAL_SATELLITE_OBSERVATIONS", "ground_truth_status": "NO_GROUND_TRUTH_WEAK_PROXY_LABELS_ONLY", "demo_rank": 30, "demo_category": "OTHER", "demo_score": 8.0, "cropland_fraction": 1.0 }, "geometry": { "type": "Polygon", "coordinates": [ [ [ 74.602007380791434, 30.249105418395398 ], [ 74.602007380791434, 30.249195249593598 ], [ 74.601737887196833, 30.249195249593598 ], [ 74.601737887196833, 30.249105418395398 ], [ 74.601468393602232, 30.249105418395398 ], [ 74.601468393602232, 30.249195249593598 ], [ 74.601198900007631, 30.249195249593598 ], [ 74.601198900007631, 30.250722379962998 ], [ 74.601288731205827, 30.250722379962998 ], [ 74.601288731205827, 30.250812211161197 ], [ 74.601827718395029, 30.250812211161197 ], [ 74.601827718395029, 30.250183392773799 ], [ 74.601737887196833, 30.250183392773799 ], [ 74.601737887196833, 30.250093561575596 ], [ 74.601827718395029, 30.250093561575596 ], [ 74.601827718395029, 30.249824067980999 ], [ 74.601737887196833, 30.249824067980999 ], [ 74.601737887196833, 30.249644405584597 ], [ 74.601827718395029, 30.249644405584597 ], [ 74.601827718395029, 30.249554574386398 ], [ 74.601917549593225, 30.249554574386398 ], [ 74.601917549593225, 30.250183392773799 ], [ 74.602007380791434, 30.250183392773799 ], [ 74.602007380791434, 30.250273223971998 ], [ 74.601917549593225, 30.250273223971998 ], [ 74.601917549593225, 30.250722379962998 ], [ 74.602007380791434, 30.250722379962998 ], [ 74.602007380791434, 30.250812211161197 ], [ 74.602546367980622, 30.250812211161197 ], [ 74.602546367980622, 30.2509020423594 ], [ 74.602636199178832, 30.2509020423594 ], [ 74.602636199178832, 30.250991873557599 ], [ 74.602366705584231, 30.250991873557599 ], [ 74.602366705584231, 30.2509020423594 ], [ 74.601288731205827, 30.2509020423594 ], [ 74.601288731205827, 30.250991873557599 ], [ 74.601198900007631, 30.250991873557599 ], [ 74.601198900007631, 30.251081704755798 ], [ 74.601288731205827, 30.251081704755798 ], [ 74.601288731205827, 30.251351198350399 ], [ 74.602456536782427, 30.251351198350399 ], [ 74.602456536782427, 30.251261367152196 ], [ 74.602546367980622, 30.251261367152196 ], [ 74.602546367980622, 30.251351198350399 ], [ 74.603175186368034, 30.251351198350399 ], [ 74.603175186368034, 30.251261367152196 ], [ 74.60326501756623, 30.251261367152196 ], [ 74.60326501756623, 30.2509020423594 ], [ 74.602995523971629, 30.2509020423594 ], [ 74.602995523971629, 30.250812211161197 ], [ 74.60326501756623, 30.250812211161197 ], [ 74.60326501756623, 30.250363055170197 ], [ 74.603175186368034, 30.250363055170197 ], [ 74.603175186368034, 30.248925755998997 ], [ 74.60326501756623, 30.248925755998997 ], [ 74.60326501756623, 30.249913899179198 ], [ 74.603354848764425, 30.249913899179198 ], [ 74.603354848764425, 30.250183392773799 ], [ 74.603444679962635, 30.250183392773799 ], [ 74.603444679962635, 30.250363055170197 ], [ 74.603354848764425, 30.250363055170197 ], [ 74.603354848764425, 30.250722379962998 ], [ 74.603444679962635, 30.250722379962998 ], [ 74.603444679962635, 30.250812211161197 ], [ 74.603534511160831, 30.250812211161197 ], [ 74.603534511160831, 30.2509020423594 ], [ 74.603444679962635, 30.2509020423594 ], [ 74.603444679962635, 30.250991873557599 ], [ 74.603354848764425, 30.250991873557599 ], [ 74.603354848764425, 30.251351198350399 ], [ 74.603804004755432, 30.251351198350399 ], [ 74.603804004755432, 30.251261367152196 ], [ 74.603893835953627, 30.251261367152196 ], [ 74.603893835953627, 30.250991873557599 ], [ 74.603804004755432, 30.250991873557599 ], [ 74.603804004755432, 30.250812211161197 ], [ 74.603893835953627, 30.250812211161197 ], [ 74.603893835953627, 30.250363055170197 ], [ 74.603624342359026, 30.250363055170197 ], [ 74.603624342359026, 30.250273223971998 ], [ 74.604342991944634, 30.250273223971998 ], [ 74.604342991944634, 30.249554574386398 ], [ 74.604253160746424, 30.249554574386398 ], [ 74.604253160746424, 30.249464743188199 ], [ 74.604342991944634, 30.249464743188199 ], [ 74.604342991944634, 30.248746093602598 ], [ 74.603354848764425, 30.248746093602598 ], [ 74.603354848764425, 30.248835924800797 ], [ 74.603175186368034, 30.248835924800797 ], [ 74.603175186368034, 30.248746093602598 ], [ 74.602636199178832, 30.248746093602598 ], [ 74.602636199178832, 30.248835924800797 ], [ 74.602456536782427, 30.248835924800797 ], [ 74.602456536782427, 30.248746093602598 ], [ 74.602366705584231, 30.248746093602598 ], [ 74.602366705584231, 30.248656262404399 ], [ 74.602456536782427, 30.248656262404399 ], [ 74.602456536782427, 30.248566431206196 ], [ 74.602546367980622, 30.248566431206196 ], [ 74.602546367980622, 30.248207106413396 ], [ 74.602456536782427, 30.248207106413396 ], [ 74.602456536782427, 30.246769807242199 ], [ 74.602546367980622, 30.246769807242199 ], [ 74.602546367980622, 30.246590144845797 ], [ 74.602456536782427, 30.246590144845797 ], [ 74.602456536782427, 30.246500313647598 ], [ 74.602546367980622, 30.246500313647598 ], [ 74.602546367980622, 30.246410482449399 ], [ 74.603175186368034, 30.246410482449399 ], [ 74.603175186368034, 30.246051157656598 ], [ 74.602007380791434, 30.246051157656598 ], [ 74.602007380791434, 30.246140988854798 ], [ 74.601917549593225, 30.246140988854798 ], [ 74.601917549593225, 30.246051157656598 ], [ 74.600390419223828, 30.246051157656598 ], [ 74.600390419223828, 30.245961326458399 ], [ 74.600120925629227, 30.245961326458399 ], [ 74.600120925629227, 30.246051157656598 ], [ 74.598503964061635, 30.246051157656598 ], [ 74.598503964061635, 30.246140988854798 ], [ 74.598414132863425, 30.246140988854798 ], [ 74.598414132863425, 30.246949469638597 ], [ 74.599492107241829, 30.246949469638597 ], [ 74.599492107241829, 30.246859638440398 ], [ 74.599581938440025, 30.246859638440398 ], [ 74.599581938440025, 30.246949469638597 ], [ 74.60209721198963, 30.246949469638597 ], [ 74.60209721198963, 30.247039300836796 ], [ 74.601917549593225, 30.247039300836796 ], [ 74.601917549593225, 30.247129132034999 ], [ 74.601558224800428, 30.247129132034999 ], [ 74.601558224800428, 30.247039300836796 ], [ 74.601288731205827, 30.247039300836796 ], [ 74.601288731205827, 30.247129132034999 ], [ 74.601198900007631, 30.247129132034999 ], [ 74.601198900007631, 30.248027444016998 ], [ 74.601288731205827, 30.248027444016998 ], [ 74.601288731205827, 30.248207106413396 ], [ 74.601198900007631, 30.248207106413396 ], [ 74.601198900007631, 30.248566431206196 ], [ 74.601648055998623, 30.248566431206196 ], [ 74.601648055998623, 30.248656262404399 ], [ 74.601288731205827, 30.248656262404399 ], [ 74.601288731205827, 30.248746093602598 ], [ 74.601198900007631, 30.248746093602598 ], [ 74.601198900007631, 30.249015587197199 ], [ 74.602456536782427, 30.249015587197199 ], [ 74.602456536782427, 30.248925755998997 ], [ 74.602636199178832, 30.248925755998997 ], [ 74.602636199178832, 30.249105418395398 ], [ 74.602007380791434, 30.249105418395398 ] ], [ [ 74.602007380791434, 30.248656262404399 ], [ 74.602007380791434, 30.248566431206196 ], [ 74.602366705584231, 30.248566431206196 ], [ 74.602366705584231, 30.248656262404399 ], [ 74.602007380791434, 30.248656262404399 ] ], [ [ 74.602726030377028, 30.249105418395398 ], [ 74.602726030377028, 30.249195249593598 ], [ 74.602636199178832, 30.249195249593598 ], [ 74.602636199178832, 30.249105418395398 ], [ 74.602726030377028, 30.249105418395398 ] ], [ [ 74.601378562404022, 30.248027444016998 ], [ 74.601648055998623, 30.248027444016998 ], [ 74.601648055998623, 30.248117275215197 ], [ 74.601378562404022, 30.248117275215197 ], [ 74.601378562404022, 30.248027444016998 ] ], [ [ 74.599132782449033, 30.246500313647598 ], [ 74.600480250422024, 30.246500313647598 ], [ 74.600480250422024, 30.246410482449399 ], [ 74.600659912818429, 30.246410482449399 ], [ 74.600659912818429, 30.246500313647598 ], [ 74.601917549593225, 30.246500313647598 ], [ 74.601917549593225, 30.246410482449399 ], [ 74.602007380791434, 30.246410482449399 ], [ 74.602007380791434, 30.246500313647598 ], [ 74.60209721198963, 30.246500313647598 ], [ 74.60209721198963, 30.246590144845797 ], [ 74.599132782449033, 30.246590144845797 ], [ 74.599132782449033, 30.246500313647598 ] ] ] } },
{ "type": "Feature", "properties": { "source_field_id": "1631103", "source_area_m2": 143172.22, "confidence": null, "determination_datetime": "2024-01-01T05:30:00+05:30", "determination_method": "auto-imagery", "xmin": 74.595090378530031, "ymin": 30.251441029548598, "xmax": 74.599671769638235, "ymax": 30.257280057431597, "area_m2": 143062.99710037859, "area_ha": 14.306299710037859, "field_id": "FTW-IN-PB-1631103", "boundary_source": "FIELDS_OF_THE_WORLD_GLOBAL_PRUE_2024_2025", "boundary_type": "RESEARCH_FIELD_BOUNDARY", "research_boundary_disclaimer": "Model-derived remote-sensing field unit; not a cadastral or ownership boundary.", "source_provider": "Fields of The World / Source Cooperative", "source_dataset": "Global Fields of The World, Punjab partition", "source_url": "https://data.source.coop/ftw/global-data/predictions/vectors/alpha/results-by-admin-conf/admin:country_code=IN/IN_PB.parquet", "real_or_synthetic": "REAL", "centroid_lon": 74.597786041555821, "centroid_lat": 30.254910264597239, "data_status": "REAL_SATELLITE_OBSERVATIONS", "ground_truth_status": "NO_GROUND_TRUTH_WEAK_PROXY_LABELS_ONLY", "demo_rank": 31, "demo_category": "OTHER", "demo_score": 8.0, "cropland_fraction": 1.0 }, "geometry": { "type": "Polygon", "coordinates": [ [ [ 74.595719196917429, 30.255932589458599 ], [ 74.595719196917429, 30.256202083053196 ], [ 74.595898859313834, 30.256202083053196 ], [ 74.595898859313834, 30.256291914251399 ], [ 74.596887002494029, 30.256291914251399 ], [ 74.596887002494029, 30.255842758260396 ], [ 74.596797171295833, 30.255842758260396 ], [ 74.596797171295833, 30.255573264665799 ], [ 74.596887002494029, 30.255573264665799 ], [ 74.596887002494029, 30.255303771071198 ], [ 74.596976833692224, 30.255303771071198 ], [ 74.596976833692224, 30.255663095863998 ], [ 74.597246327286825, 30.255663095863998 ], [ 74.597246327286825, 30.255752927062197 ], [ 74.597066664890434, 30.255752927062197 ], [ 74.597066664890434, 30.255842758260396 ], [ 74.596976833692224, 30.255842758260396 ], [ 74.596976833692224, 30.256381745449598 ], [ 74.59715649608863, 30.256381745449598 ], [ 74.59715649608863, 30.256471576647797 ], [ 74.597066664890434, 30.256471576647797 ], [ 74.597066664890434, 30.256561407845997 ], [ 74.596976833692224, 30.256561407845997 ], [ 74.596976833692224, 30.257190226233398 ], [ 74.597066664890434, 30.257190226233398 ], [ 74.597066664890434, 30.257280057431597 ], [ 74.597246327286825, 30.257280057431597 ], [ 74.597246327286825, 30.257190226233398 ], [ 74.599042951250823, 30.257190226233398 ], [ 74.599042951250823, 30.256381745449598 ], [ 74.598953120052627, 30.256381745449598 ], [ 74.598953120052627, 30.256291914251399 ], [ 74.599042951250823, 30.256291914251399 ], [ 74.599042951250823, 30.256112251854997 ], [ 74.599132782449033, 30.256112251854997 ], [ 74.599132782449033, 30.257190226233398 ], [ 74.599402276043634, 30.257190226233398 ], [ 74.599402276043634, 30.257280057431597 ], [ 74.599581938440025, 30.257280057431597 ], [ 74.599581938440025, 30.256202083053196 ], [ 74.599671769638235, 30.256202083053196 ], [ 74.599671769638235, 30.255932589458599 ], [ 74.599581938440025, 30.255932589458599 ], [ 74.599581938440025, 30.254764783881999 ], [ 74.599671769638235, 30.254764783881999 ], [ 74.599671769638235, 30.254135965494598 ], [ 74.599581938440025, 30.254135965494598 ], [ 74.599581938440025, 30.253956303098199 ], [ 74.599671769638235, 30.253956303098199 ], [ 74.599671769638235, 30.253866471899997 ], [ 74.599581938440025, 30.253866471899997 ], [ 74.599581938440025, 30.253776640701798 ], [ 74.598414132863425, 30.253776640701798 ], [ 74.598414132863425, 30.253866471899997 ], [ 74.59832430166523, 30.253866471899997 ], [ 74.59832430166523, 30.254854615080198 ], [ 74.598414132863425, 30.254854615080198 ], [ 74.598414132863425, 30.255573264665799 ], [ 74.59832430166523, 30.255573264665799 ], [ 74.59832430166523, 30.255034277476597 ], [ 74.598234470467034, 30.255034277476597 ], [ 74.598234470467034, 30.252878328719799 ], [ 74.59832430166523, 30.252878328719799 ], [ 74.59832430166523, 30.252788497521596 ], [ 74.598234470467034, 30.252788497521596 ], [ 74.598234470467034, 30.251980016737797 ], [ 74.59832430166523, 30.251980016737797 ], [ 74.59832430166523, 30.251620691944996 ], [ 74.598234470467034, 30.251620691944996 ], [ 74.598234470467034, 30.251530860746797 ], [ 74.597695483277832, 30.251530860746797 ], [ 74.597695483277832, 30.2524291727288 ], [ 74.597515820881426, 30.2524291727288 ], [ 74.597515820881426, 30.252249510332398 ], [ 74.597605652079622, 30.252249510332398 ], [ 74.597605652079622, 30.251620691944996 ], [ 74.597515820881426, 30.251620691944996 ], [ 74.597515820881426, 30.251441029548598 ], [ 74.596976833692224, 30.251441029548598 ], [ 74.596976833692224, 30.253327484710798 ], [ 74.597964976872433, 30.253327484710798 ], [ 74.597964976872433, 30.253417315908997 ], [ 74.597785314476027, 30.253417315908997 ], [ 74.597785314476027, 30.253507147107197 ], [ 74.597695483277832, 30.253507147107197 ], [ 74.597695483277832, 30.253776640701798 ], [ 74.597605652079622, 30.253776640701798 ], [ 74.597605652079622, 30.253507147107197 ], [ 74.597515820881426, 30.253507147107197 ], [ 74.597515820881426, 30.253417315908997 ], [ 74.596976833692224, 30.253417315908997 ], [ 74.596976833692224, 30.253507147107197 ], [ 74.596887002494029, 30.253507147107197 ], [ 74.596887002494029, 30.253956303098199 ], [ 74.596797171295833, 30.253956303098199 ], [ 74.596797171295833, 30.254585121485597 ], [ 74.597425989683231, 30.254585121485597 ], [ 74.597425989683231, 30.254315627890996 ], [ 74.597515820881426, 30.254315627890996 ], [ 74.597515820881426, 30.254674952683796 ], [ 74.597605652079622, 30.254674952683796 ], [ 74.597605652079622, 30.254764783881999 ], [ 74.597515820881426, 30.254764783881999 ], [ 74.597515820881426, 30.255034277476597 ], [ 74.597425989683231, 30.255034277476597 ], [ 74.597425989683231, 30.254764783881999 ], [ 74.596887002494029, 30.254764783881999 ], [ 74.596887002494029, 30.255213939872998 ], [ 74.596797171295833, 30.255213939872998 ], [ 74.596797171295833, 30.254764783881999 ], [ 74.595809028115625, 30.254764783881999 ], [ 74.595809028115625, 30.254854615080198 ], [ 74.595629365719233, 30.254854615080198 ], [ 74.595629365719233, 30.254944446278397 ], [ 74.595539534521023, 30.254944446278397 ], [ 74.595539534521023, 30.255124108674799 ], [ 74.595449703322828, 30.255124108674799 ], [ 74.595449703322828, 30.254944446278397 ], [ 74.595270040926422, 30.254944446278397 ], [ 74.595270040926422, 30.254854615080198 ], [ 74.595180209728227, 30.254854615080198 ], [ 74.595180209728227, 30.254944446278397 ], [ 74.595090378530031, 30.254944446278397 ], [ 74.595090378530031, 30.255393602269397 ], [ 74.595180209728227, 30.255393602269397 ], [ 74.595180209728227, 30.255752927062197 ], [ 74.595270040926422, 30.255752927062197 ], [ 74.595270040926422, 30.255842758260396 ], [ 74.595359872124632, 30.255842758260396 ], [ 74.595359872124632, 30.255932589458599 ], [ 74.595449703322828, 30.255932589458599 ], [ 74.595449703322828, 30.256022420656798 ], [ 74.595629365719233, 30.256022420656798 ], [ 74.595629365719233, 30.255932589458599 ], [ 74.595719196917429, 30.255932589458599 ] ], [ [ 74.597515820881426, 30.253956303098199 ], [ 74.597605652079622, 30.253956303098199 ], [ 74.597605652079622, 30.254315627890996 ], [ 74.597515820881426, 30.254315627890996 ], [ 74.597515820881426, 30.253956303098199 ] ], [ [ 74.597605652079622, 30.255034277476597 ], [ 74.597605652079622, 30.255303771071198 ], [ 74.597695483277832, 30.255303771071198 ], [ 74.597695483277832, 30.255842758260396 ], [ 74.597605652079622, 30.255842758260396 ], [ 74.597605652079622, 30.255752927062197 ], [ 74.597515820881426, 30.255752927062197 ], [ 74.597515820881426, 30.255663095863998 ], [ 74.597605652079622, 30.255663095863998 ], [ 74.597605652079622, 30.255393602269397 ], [ 74.597515820881426, 30.255393602269397 ], [ 74.597515820881426, 30.255034277476597 ], [ 74.597605652079622, 30.255034277476597 ] ], [ [ 74.595539534521023, 30.255932589458599 ], [ 74.595539534521023, 30.255393602269397 ], [ 74.595629365719233, 30.255393602269397 ], [ 74.595629365719233, 30.255932589458599 ], [ 74.595539534521023, 30.255932589458599 ] ], [ [ 74.598953120052627, 30.255483433467599 ], [ 74.599042951250823, 30.255483433467599 ], [ 74.599042951250823, 30.255842758260396 ], [ 74.598953120052627, 30.255842758260396 ], [ 74.598953120052627, 30.255483433467599 ] ], [ [ 74.598863288854432, 30.254854615080198 ], [ 74.599132782449033, 30.254854615080198 ], [ 74.599132782449033, 30.254944446278397 ], [ 74.598863288854432, 30.254944446278397 ], [ 74.598863288854432, 30.254854615080198 ] ] ] } },
{ "type": "Feature", "properties": { "source_field_id": "1632112", "source_area_m2": 148572.91, "confidence": null, "determination_datetime": "2024-01-01T05:30:00+05:30", "determination_method": "auto-imagery", "xmin": 74.598414132863425, "ymin": 30.268868281999399, "xmax": 74.605151472728423, "ymax": 30.272910685918397, "area_m2": 148459.47305563054, "area_ha": 14.845947305563055, "field_id": "FTW-IN-PB-1632112", "boundary_source": "FIELDS_OF_THE_WORLD_GLOBAL_PRUE_2024_2025", "boundary_type": "RESEARCH_FIELD_BOUNDARY", "research_boundary_disclaimer": "Model-derived remote-sensing field unit; not a cadastral or ownership boundary.", "source_provider": "Fields of The World / Source Cooperative", "source_dataset": "Global Fields of The World, Punjab partition", "source_url": "https://data.source.coop/ftw/global-data/predictions/vectors/alpha/results-by-admin-conf/admin:country_code=IN/IN_PB.parquet", "real_or_synthetic": "REAL", "centroid_lon": 74.600970326216697, "centroid_lat": 30.270438349139475, "data_status": "REAL_SATELLITE_OBSERVATIONS", "ground_truth_status": "NO_GROUND_TRUTH_WEAK_PROXY_LABELS_ONLY", "demo_rank": 32, "demo_category": "OTHER", "demo_score": 8.0, "cropland_fraction": 0.99390243902439024 }, "geometry": { "type": "Polygon", "coordinates": [ [ [ 74.599671769638235, 30.272910685918397 ], [ 74.599671769638235, 30.272820854720198 ], [ 74.600390419223828, 30.272820854720198 ], [ 74.600390419223828, 30.272910685918397 ], [ 74.601648055998623, 30.272910685918397 ], [ 74.601648055998623, 30.272641192323796 ], [ 74.601109068809421, 30.272641192323796 ], [ 74.601109068809421, 30.272551361125597 ], [ 74.601019237611226, 30.272551361125597 ], [ 74.601019237611226, 30.272641192323796 ], [ 74.600210756827423, 30.272641192323796 ], [ 74.600210756827423, 30.272551361125597 ], [ 74.600120925629227, 30.272551361125597 ], [ 74.600120925629227, 30.272371698729199 ], [ 74.600210756827423, 30.272371698729199 ], [ 74.600210756827423, 30.272461529927398 ], [ 74.600570081620234, 30.272461529927398 ], [ 74.600570081620234, 30.272551361125597 ], [ 74.60092940641303, 30.272551361125597 ], [ 74.60092940641303, 30.272371698729199 ], [ 74.601019237611226, 30.272371698729199 ], [ 74.601019237611226, 30.272281867530999 ], [ 74.601109068809421, 30.272281867530999 ], [ 74.601109068809421, 30.272192036332797 ], [ 74.601198900007631, 30.272192036332797 ], [ 74.601198900007631, 30.272461529927398 ], [ 74.601288731205827, 30.272461529927398 ], [ 74.601288731205827, 30.272551361125597 ], [ 74.601558224800428, 30.272551361125597 ], [ 74.601558224800428, 30.272461529927398 ], [ 74.601648055998623, 30.272461529927398 ], [ 74.601648055998623, 30.271922542738199 ], [ 74.601558224800428, 30.271922542738199 ], [ 74.601558224800428, 30.271832711539997 ], [ 74.601648055998623, 30.271832711539997 ], [ 74.601648055998623, 30.271653049143598 ], [ 74.601288731205827, 30.271653049143598 ], [ 74.601288731205827, 30.271742880341797 ], [ 74.601198900007631, 30.271742880341797 ], [ 74.601198900007631, 30.270575074765198 ], [ 74.601109068809421, 30.270575074765198 ], [ 74.601109068809421, 30.270485243566998 ], [ 74.599671769638235, 30.270485243566998 ], [ 74.599671769638235, 30.271563217945399 ], [ 74.59976160083643, 30.271563217945399 ], [ 74.59976160083643, 30.271653049143598 ], [ 74.599671769638235, 30.271653049143598 ], [ 74.599671769638235, 30.272371698729199 ], [ 74.59976160083643, 30.272371698729199 ], [ 74.59976160083643, 30.272461529927398 ], [ 74.599851432034626, 30.272461529927398 ], [ 74.599851432034626, 30.272551361125597 ], [ 74.59976160083643, 30.272551361125597 ], [ 74.59976160083643, 30.272731023521999 ], [ 74.599671769638235, 30.272731023521999 ], [ 74.599671769638235, 30.272641192323796 ], [ 74.599402276043634, 30.272641192323796 ], [ 74.599402276043634, 30.272551361125597 ], [ 74.599581938440025, 30.272551361125597 ], [ 74.599581938440025, 30.271653049143598 ], [ 74.599492107241829, 30.271653049143598 ], [ 74.599492107241829, 30.271473386747196 ], [ 74.599581938440025, 30.271473386747196 ], [ 74.599581938440025, 30.270485243566998 ], [ 74.599492107241829, 30.270485243566998 ], [ 74.599492107241829, 30.270395412368799 ], [ 74.601019237611226, 30.270395412368799 ], [ 74.601019237611226, 30.270305581170597 ], [ 74.601198900007631, 30.270305581170597 ], [ 74.601198900007631, 30.270395412368799 ], [ 74.602276874386035, 30.270395412368799 ], [ 74.602276874386035, 30.270305581170597 ], [ 74.602366705584231, 30.270305581170597 ], [ 74.602366705584231, 30.269407269188598 ], [ 74.601198900007631, 30.269407269188598 ], [ 74.601198900007631, 30.269497100386797 ], [ 74.601019237611226, 30.269497100386797 ], [ 74.601019237611226, 30.269317437990399 ], [ 74.602636199178832, 30.269317437990399 ], [ 74.602636199178832, 30.269227606792199 ], [ 74.602815861575223, 30.269227606792199 ], [ 74.602815861575223, 30.269317437990399 ], [ 74.604073498350033, 30.269317437990399 ], [ 74.604073498350033, 30.269407269188598 ], [ 74.604163329548228, 30.269407269188598 ], [ 74.604163329548228, 30.269497100386797 ], [ 74.603983667151823, 30.269497100386797 ], [ 74.603983667151823, 30.269676762783199 ], [ 74.603893835953627, 30.269676762783199 ], [ 74.603893835953627, 30.269497100386797 ], [ 74.603804004755432, 30.269497100386797 ], [ 74.603804004755432, 30.269407269188598 ], [ 74.602456536782427, 30.269407269188598 ], [ 74.602456536782427, 30.270305581170597 ], [ 74.602546367980622, 30.270305581170597 ], [ 74.602546367980622, 30.270395412368799 ], [ 74.602726030377028, 30.270395412368799 ], [ 74.602726030377028, 30.270305581170597 ], [ 74.602815861575223, 30.270305581170597 ], [ 74.602815861575223, 30.270395412368799 ], [ 74.602995523971629, 30.270395412368799 ], [ 74.602995523971629, 30.270305581170597 ], [ 74.603175186368034, 30.270305581170597 ], [ 74.603175186368034, 30.270395412368799 ], [ 74.603893835953627, 30.270395412368799 ], [ 74.603893835953627, 30.269766593981398 ], [ 74.603983667151823, 30.269766593981398 ], [ 74.603983667151823, 30.269946256377796 ], [ 74.604073498350033, 30.269946256377796 ], [ 74.604073498350033, 30.270036087575999 ], [ 74.603983667151823, 30.270036087575999 ], [ 74.603983667151823, 30.270305581170597 ], [ 74.604073498350033, 30.270305581170597 ], [ 74.604073498350033, 30.270395412368799 ], [ 74.60443282314283, 30.270395412368799 ], [ 74.60443282314283, 30.269497100386797 ], [ 74.604253160746424, 30.269497100386797 ], [ 74.604253160746424, 30.269407269188598 ], [ 74.60443282314283, 30.269407269188598 ], [ 74.60443282314283, 30.269317437990399 ], [ 74.604522654341025, 30.269317437990399 ], [ 74.604522654341025, 30.269407269188598 ], [ 74.605151472728423, 30.269407269188598 ], [ 74.605151472728423, 30.269137775593997 ], [ 74.60443282314283, 30.269137775593997 ], [ 74.60443282314283, 30.268868281999399 ], [ 74.602815861575223, 30.268868281999399 ], [ 74.602815861575223, 30.268958113197598 ], [ 74.602726030377028, 30.268958113197598 ], [ 74.602726030377028, 30.268868281999399 ], [ 74.600210756827423, 30.268868281999399 ], [ 74.600210756827423, 30.269227606792199 ], [ 74.600300588025632, 30.269227606792199 ], [ 74.600300588025632, 30.269317437990399 ], [ 74.599941263232822, 30.269317437990399 ], [ 74.599941263232822, 30.269227606792199 ], [ 74.600120925629227, 30.269227606792199 ], [ 74.600120925629227, 30.268868281999399 ], [ 74.59976160083643, 30.268868281999399 ], [ 74.59976160083643, 30.268958113197598 ], [ 74.599671769638235, 30.268958113197598 ], [ 74.599671769638235, 30.269227606792199 ], [ 74.59976160083643, 30.269227606792199 ], [ 74.59976160083643, 30.269317437990399 ], [ 74.599851432034626, 30.269317437990399 ], [ 74.599851432034626, 30.269407269188598 ], [ 74.599581938440025, 30.269407269188598 ], [ 74.599581938440025, 30.269317437990399 ], [ 74.599492107241829, 30.269317437990399 ], [ 74.599492107241829, 30.269227606792199 ], [ 74.599581938440025, 30.269227606792199 ], [ 74.599581938440025, 30.268958113197598 ], [ 74.599492107241829, 30.268958113197598 ], [ 74.599492107241829, 30.268868281999399 ], [ 74.598863288854432, 30.268868281999399 ], [ 74.598863288854432, 30.268958113197598 ], [ 74.598683626458026, 30.268958113197598 ], [ 74.598683626458026, 30.269227606792199 ], [ 74.599042951250823, 30.269227606792199 ], [ 74.599042951250823, 30.269317437990399 ], [ 74.598593795259831, 30.269317437990399 ], [ 74.598593795259831, 30.269407269188598 ], [ 74.598414132863425, 30.269407269188598 ], [ 74.598414132863425, 30.269856425179597 ], [ 74.598503964061635, 30.269856425179597 ], [ 74.598503964061635, 30.269946256377796 ], [ 74.599042951250823, 30.269946256377796 ], [ 74.599042951250823, 30.270036087575999 ], [ 74.598503964061635, 30.270036087575999 ], [ 74.598503964061635, 30.270215749972397 ], [ 74.598593795259831, 30.270215749972397 ], [ 74.598593795259831, 30.270664905963397 ], [ 74.598683626458026, 30.270664905963397 ], [ 74.598683626458026, 30.271024230756197 ], [ 74.598773457656222, 30.271024230756197 ], [ 74.598773457656222, 30.271383555548997 ], [ 74.598863288854432, 30.271383555548997 ], [ 74.598863288854432, 30.271922542738199 ], [ 74.598953120052627, 30.271922542738199 ], [ 74.598953120052627, 30.272371698729199 ], [ 74.599042951250823, 30.272371698729199 ], [ 74.599042951250823, 30.272641192323796 ], [ 74.599222613647228, 30.272641192323796 ], [ 74.599222613647228, 30.272731023521999 ], [ 74.599402276043634, 30.272731023521999 ], [ 74.599402276043634, 30.272820854720198 ], [ 74.599492107241829, 30.272820854720198 ], [ 74.599492107241829, 30.272910685918397 ], [ 74.599671769638235, 30.272910685918397 ] ] ] } },
{ "type": "Feature", "properties": { "source_field_id": "1634028", "source_area_m2": 123578.78, "confidence": null, "determination_datetime": "2024-01-01T05:30:00+05:30", "determination_method": "auto-imagery", "xmin": 74.57155460460163, "ymin": 30.293122705513397, "xmax": 74.574339371745822, "ymax": 30.298602408603596, "area_m2": 123485.07570056918, "area_ha": 12.348507570056919, "field_id": "FTW-IN-PB-1634028", "boundary_source": "FIELDS_OF_THE_WORLD_GLOBAL_PRUE_2024_2025", "boundary_type": "RESEARCH_FIELD_BOUNDARY", "research_boundary_disclaimer": "Model-derived remote-sensing field unit; not a cadastral or ownership boundary.", "source_provider": "Fields of The World / Source Cooperative", "source_dataset": "Global Fields of The World, Punjab partition", "source_url": "https://data.source.coop/ftw/global-data/predictions/vectors/alpha/results-by-admin-conf/admin:country_code=IN/IN_PB.parquet", "real_or_synthetic": "REAL", "centroid_lon": 74.572914335178297, "centroid_lat": 30.295702079829169, "data_status": "REAL_SATELLITE_OBSERVATIONS", "ground_truth_status": "NO_GROUND_TRUTH_WEAK_PROXY_LABELS_ONLY", "demo_rank": 33, "demo_category": "OTHER", "demo_score": 8.0, "cropland_fraction": 1.0 }, "geometry": { "type": "Polygon", "coordinates": [ [ [ 74.573530890962033, 30.298602408603596 ], [ 74.573530890962033, 30.297524434225199 ], [ 74.573620722160229, 30.297524434225199 ], [ 74.573620722160229, 30.297344771828797 ], [ 74.573710553358424, 30.297344771828797 ], [ 74.573710553358424, 30.297524434225199 ], [ 74.574249540547626, 30.297524434225199 ], [ 74.574249540547626, 30.297075278234196 ], [ 74.574159709349431, 30.297075278234196 ], [ 74.574159709349431, 30.296985447035997 ], [ 74.573800384556634, 30.296985447035997 ], [ 74.573800384556634, 30.297075278234196 ], [ 74.573351228565627, 30.297075278234196 ], [ 74.573351228565627, 30.296985447035997 ], [ 74.573530890962033, 30.296985447035997 ], [ 74.573530890962033, 30.296895615837798 ], [ 74.573620722160229, 30.296895615837798 ], [ 74.573620722160229, 30.296715953441399 ], [ 74.573710553358424, 30.296715953441399 ], [ 74.573710553358424, 30.296805784639599 ], [ 74.573800384556634, 30.296805784639599 ], [ 74.573800384556634, 30.296895615837798 ], [ 74.574249540547626, 30.296895615837798 ], [ 74.574249540547626, 30.294919329477398 ], [ 74.573441059763823, 30.294919329477398 ], [ 74.573441059763823, 30.294829498279199 ], [ 74.573710553358424, 30.294829498279199 ], [ 74.573710553358424, 30.294739667080997 ], [ 74.573980046953025, 30.294739667080997 ], [ 74.573980046953025, 30.294829498279199 ], [ 74.574249540547626, 30.294829498279199 ], [ 74.574249540547626, 30.294739667080997 ], [ 74.574339371745822, 30.294739667080997 ], [ 74.574339371745822, 30.294470173486399 ], [ 74.574249540547626, 30.294470173486399 ], [ 74.574249540547626, 30.294380342288196 ], [ 74.573261397367432, 30.294380342288196 ], [ 74.573261397367432, 30.294290511089997 ], [ 74.573800384556634, 30.294290511089997 ], [ 74.573800384556634, 30.294200679891798 ], [ 74.57389021575483, 30.294200679891798 ], [ 74.57389021575483, 30.294290511089997 ], [ 74.574249540547626, 30.294290511089997 ], [ 74.574249540547626, 30.293212536711597 ], [ 74.573351228565627, 30.293212536711597 ], [ 74.573351228565627, 30.293302367909799 ], [ 74.572991903772831, 30.293302367909799 ], [ 74.572991903772831, 30.294200679891798 ], [ 74.573171566169222, 30.294200679891798 ], [ 74.573171566169222, 30.294290511089997 ], [ 74.573081734971026, 30.294290511089997 ], [ 74.573081734971026, 30.294380342288196 ], [ 74.572991903772831, 30.294380342288196 ], [ 74.572991903772831, 30.296895615837798 ], [ 74.573171566169222, 30.296895615837798 ], [ 74.573171566169222, 30.296985447035997 ], [ 74.572812241376425, 30.296985447035997 ], [ 74.572812241376425, 30.296715953441399 ], [ 74.572902072574635, 30.296715953441399 ], [ 74.572902072574635, 30.296446459846798 ], [ 74.572812241376425, 30.296446459846798 ], [ 74.572812241376425, 30.295817641459397 ], [ 74.572902072574635, 30.295817641459397 ], [ 74.572902072574635, 30.295548147864796 ], [ 74.572812241376425, 30.295548147864796 ], [ 74.572812241376425, 30.295368485468398 ], [ 74.572902072574635, 30.295368485468398 ], [ 74.572902072574635, 30.294290511089997 ], [ 74.57272241017823, 30.294290511089997 ], [ 74.57272241017823, 30.294200679891798 ], [ 74.572902072574635, 30.294200679891798 ], [ 74.572902072574635, 30.293302367909799 ], [ 74.572812241376425, 30.293302367909799 ], [ 74.572812241376425, 30.293122705513397 ], [ 74.571644435799826, 30.293122705513397 ], [ 74.571644435799826, 30.294110848693599 ], [ 74.571734266998021, 30.294110848693599 ], [ 74.571734266998021, 30.294200679891798 ], [ 74.572632578980034, 30.294200679891798 ], [ 74.572632578980034, 30.294290511089997 ], [ 74.571734266998021, 30.294290511089997 ], [ 74.571734266998021, 30.294829498279199 ], [ 74.571644435799826, 30.294829498279199 ], [ 74.571644435799826, 30.295278654270199 ], [ 74.571824098196231, 30.295278654270199 ], [ 74.571824098196231, 30.295368485468398 ], [ 74.572542747781824, 30.295368485468398 ], [ 74.572542747781824, 30.295458316666597 ], [ 74.571734266998021, 30.295458316666597 ], [ 74.571734266998021, 30.296087135053998 ], [ 74.571824098196231, 30.296087135053998 ], [ 74.571824098196231, 30.296176966252197 ], [ 74.571644435799826, 30.296176966252197 ], [ 74.571644435799826, 30.296266797450397 ], [ 74.571734266998021, 30.296266797450397 ], [ 74.571734266998021, 30.296536291044998 ], [ 74.571644435799826, 30.296536291044998 ], [ 74.571644435799826, 30.296805784639599 ], [ 74.572273254187223, 30.296805784639599 ], [ 74.572273254187223, 30.296715953441399 ], [ 74.572452916583629, 30.296715953441399 ], [ 74.572452916583629, 30.296805784639599 ], [ 74.572542747781824, 30.296805784639599 ], [ 74.572542747781824, 30.296895615837798 ], [ 74.572363085385433, 30.296895615837798 ], [ 74.572363085385433, 30.297075278234196 ], [ 74.572273254187223, 30.297075278234196 ], [ 74.572273254187223, 30.296985447035997 ], [ 74.572183422989028, 30.296985447035997 ], [ 74.572183422989028, 30.296895615837798 ], [ 74.571734266998021, 30.296895615837798 ], [ 74.571734266998021, 30.296985447035997 ], [ 74.57155460460163, 30.296985447035997 ], [ 74.57155460460163, 30.297254940630598 ], [ 74.571644435799826, 30.297254940630598 ], [ 74.571644435799826, 30.298153252612597 ], [ 74.571734266998021, 30.298153252612597 ], [ 74.571734266998021, 30.298243083810799 ], [ 74.572003760592622, 30.298243083810799 ], [ 74.572003760592622, 30.298332915008999 ], [ 74.572363085385433, 30.298332915008999 ], [ 74.572363085385433, 30.298422746207198 ], [ 74.57272241017823, 30.298422746207198 ], [ 74.57272241017823, 30.298512577405397 ], [ 74.573351228565627, 30.298512577405397 ], [ 74.573351228565627, 30.298602408603596 ], [ 74.573530890962033, 30.298602408603596 ] ], [ [ 74.572183422989028, 30.297973590216198 ], [ 74.572093591790832, 30.297973590216198 ], [ 74.572093591790832, 30.297883759017999 ], [ 74.572183422989028, 30.297883759017999 ], [ 74.572183422989028, 30.297973590216198 ] ], [ [ 74.572183422989028, 30.297165109432399 ], [ 74.572273254187223, 30.297165109432399 ], [ 74.572273254187223, 30.297883759017999 ], [ 74.572183422989028, 30.297883759017999 ], [ 74.572183422989028, 30.297165109432399 ] ], [ [ 74.573171566169222, 30.297524434225199 ], [ 74.573261397367432, 30.297524434225199 ], [ 74.573261397367432, 30.297614265423398 ], [ 74.573171566169222, 30.297614265423398 ], [ 74.573171566169222, 30.297524434225199 ] ], [ [ 74.573620722160229, 30.296356628648599 ], [ 74.57389021575483, 30.296356628648599 ], [ 74.57389021575483, 30.296446459846798 ], [ 74.573620722160229, 30.296446459846798 ], [ 74.573620722160229, 30.296356628648599 ] ], [ [ 74.573530890962033, 30.295817641459397 ], [ 74.573800384556634, 30.295817641459397 ], [ 74.573800384556634, 30.295907472657596 ], [ 74.573530890962033, 30.295907472657596 ], [ 74.573530890962033, 30.295817641459397 ] ] ] } },
{ "type": "Feature", "properties": { "source_field_id": "1635688", "source_area_m2": 144674.75, "confidence": null, "determination_datetime": "2024-01-01T05:30:00+05:30", "determination_method": "auto-imagery", "xmin": 74.582783504376621, "ymin": 30.284678572882598, "xmax": 74.586286921106435, "ymax": 30.290697263161999, "area_m2": 144564.71967442281, "area_ha": 14.456471967442281, "field_id": "FTW-IN-PB-1635688", "boundary_source": "FIELDS_OF_THE_WORLD_GLOBAL_PRUE_2024_2025", "boundary_type": "RESEARCH_FIELD_BOUNDARY", "research_boundary_disclaimer": "Model-derived remote-sensing field unit; not a cadastral or ownership boundary.", "source_provider": "Fields of The World / Source Cooperative", "source_dataset": "Global Fields of The World, Punjab partition", "source_url": "https://data.source.coop/ftw/global-data/predictions/vectors/alpha/results-by-admin-conf/admin:country_code=IN/IN_PB.parquet", "real_or_synthetic": "REAL", "centroid_lon": 74.58471685044691, "centroid_lat": 30.287510698664114, "data_status": "REAL_SATELLITE_OBSERVATIONS", "ground_truth_status": "NO_GROUND_TRUTH_WEAK_PROXY_LABELS_ONLY", "demo_rank": 34, "demo_category": "OTHER", "demo_score": 8.0, "cropland_fraction": 1.0 }, "geometry": { "type": "Polygon", "coordinates": [ [ [ 74.586197089908225, 30.290697263161999 ], [ 74.586197089908225, 30.289978613576398 ], [ 74.58610725871003, 30.289978613576398 ], [ 74.58610725871003, 30.289888782378199 ], [ 74.586197089908225, 30.289888782378199 ], [ 74.586197089908225, 30.289619288783598 ], [ 74.58610725871003, 30.289619288783598 ], [ 74.58610725871003, 30.289439626387196 ], [ 74.586197089908225, 30.289439626387196 ], [ 74.586197089908225, 30.287822664819597 ], [ 74.585658102719023, 30.287822664819597 ], [ 74.585658102719023, 30.287912496017796 ], [ 74.585568271520827, 30.287912496017796 ], [ 74.585568271520827, 30.289349795188997 ], [ 74.585478440322632, 30.289349795188997 ], [ 74.585478440322632, 30.288990470396197 ], [ 74.585388609124422, 30.288990470396197 ], [ 74.585388609124422, 30.288900639197998 ], [ 74.585478440322632, 30.288900639197998 ], [ 74.585478440322632, 30.287822664819597 ], [ 74.585208946728031, 30.287822664819597 ], [ 74.585208946728031, 30.287732833621398 ], [ 74.585478440322632, 30.287732833621398 ], [ 74.585478440322632, 30.286834521639399 ], [ 74.585388609124422, 30.286834521639399 ], [ 74.585388609124422, 30.286744690441196 ], [ 74.585119115529835, 30.286744690441196 ], [ 74.585119115529835, 30.286654859242997 ], [ 74.585568271520827, 30.286654859242997 ], [ 74.585568271520827, 30.285487053666397 ], [ 74.585478440322632, 30.285487053666397 ], [ 74.585478440322632, 30.285397222468198 ], [ 74.585927596313624, 30.285397222468198 ], [ 74.585927596313624, 30.285487053666397 ], [ 74.585747933917233, 30.285487053666397 ], [ 74.585747933917233, 30.285576884864597 ], [ 74.585658102719023, 30.285576884864597 ], [ 74.585658102719023, 30.287014184035797 ], [ 74.585568271520827, 30.287014184035797 ], [ 74.585568271520827, 30.287643002423199 ], [ 74.585658102719023, 30.287643002423199 ], [ 74.585658102719023, 30.287732833621398 ], [ 74.586197089908225, 30.287732833621398 ], [ 74.586197089908225, 30.287014184035797 ], [ 74.58610725871003, 30.287014184035797 ], [ 74.58610725871003, 30.286924352837598 ], [ 74.586197089908225, 30.286924352837598 ], [ 74.586197089908225, 30.285936209657397 ], [ 74.586286921106435, 30.285936209657397 ], [ 74.586286921106435, 30.285666716062799 ], [ 74.586197089908225, 30.285666716062799 ], [ 74.586197089908225, 30.285397222468198 ], [ 74.586286921106435, 30.285397222468198 ], [ 74.586286921106435, 30.284948066477199 ], [ 74.586197089908225, 30.284948066477199 ], [ 74.586197089908225, 30.284678572882598 ], [ 74.585029284331625, 30.284678572882598 ], [ 74.585029284331625, 30.284768404080797 ], [ 74.58493945313343, 30.284768404080797 ], [ 74.58493945313343, 30.285217560071796 ], [ 74.585029284331625, 30.285217560071796 ], [ 74.585029284331625, 30.285397222468198 ], [ 74.58493945313343, 30.285397222468198 ], [ 74.58493945313343, 30.286026040855599 ], [ 74.584849621935234, 30.286026040855599 ], [ 74.584849621935234, 30.286654859242997 ], [ 74.585029284331625, 30.286654859242997 ], [ 74.585029284331625, 30.286744690441196 ], [ 74.584759790737024, 30.286744690441196 ], [ 74.584759790737024, 30.285936209657397 ], [ 74.584849621935234, 30.285936209657397 ], [ 74.584849621935234, 30.285756547260998 ], [ 74.584759790737024, 30.285756547260998 ], [ 74.584759790737024, 30.285666716062799 ], [ 74.584310634746032, 30.285666716062799 ], [ 74.584310634746032, 30.285756547260998 ], [ 74.584220803547822, 30.285756547260998 ], [ 74.584220803547822, 30.287732833621398 ], [ 74.584310634746032, 30.287732833621398 ], [ 74.584310634746032, 30.287912496017796 ], [ 74.584220803547822, 30.287912496017796 ], [ 74.584220803547822, 30.288990470396197 ], [ 74.584310634746032, 30.288990470396197 ], [ 74.584310634746032, 30.289080301594399 ], [ 74.584220803547822, 30.289080301594399 ], [ 74.584220803547822, 30.289170132792599 ], [ 74.584041141151431, 30.289170132792599 ], [ 74.584041141151431, 30.288900639197998 ], [ 74.584130972349627, 30.288900639197998 ], [ 74.584130972349627, 30.287553171224999 ], [ 74.584041141151431, 30.287553171224999 ], [ 74.584041141151431, 30.287373508828598 ], [ 74.584130972349627, 30.287373508828598 ], [ 74.584130972349627, 30.286834521639399 ], [ 74.584041141151431, 30.286834521639399 ], [ 74.584041141151431, 30.286475196846599 ], [ 74.584130972349627, 30.286475196846599 ], [ 74.584130972349627, 30.286385365648396 ], [ 74.584041141151431, 30.286385365648396 ], [ 74.584041141151431, 30.286115872053799 ], [ 74.584130972349627, 30.286115872053799 ], [ 74.584130972349627, 30.285756547260998 ], [ 74.584041141151431, 30.285756547260998 ], [ 74.584041141151431, 30.285666716062799 ], [ 74.582873335574831, 30.285666716062799 ], [ 74.582873335574831, 30.286205703251998 ], [ 74.582783504376621, 30.286205703251998 ], [ 74.582783504376621, 30.288541314405197 ], [ 74.582873335574831, 30.288541314405197 ], [ 74.582873335574831, 30.288720976801599 ], [ 74.583052997971222, 30.288720976801599 ], [ 74.583052997971222, 30.288810807999798 ], [ 74.583232660367628, 30.288810807999798 ], [ 74.583232660367628, 30.288900639197998 ], [ 74.583322491565823, 30.288900639197998 ], [ 74.583322491565823, 30.288990470396197 ], [ 74.583502153962229, 30.288990470396197 ], [ 74.583502153962229, 30.289080301594399 ], [ 74.583681816358634, 30.289080301594399 ], [ 74.583681816358634, 30.289170132792599 ], [ 74.583861478755026, 30.289170132792599 ], [ 74.583861478755026, 30.289259963990798 ], [ 74.584130972349627, 30.289259963990798 ], [ 74.584130972349627, 30.289349795188997 ], [ 74.584220803547822, 30.289349795188997 ], [ 74.584220803547822, 30.289439626387196 ], [ 74.584310634746032, 30.289439626387196 ], [ 74.584310634746032, 30.289529457585399 ], [ 74.584490297142423, 30.289529457585399 ], [ 74.584490297142423, 30.289619288783598 ], [ 74.584580128340633, 30.289619288783598 ], [ 74.584580128340633, 30.289709119981797 ], [ 74.584759790737024, 30.289709119981797 ], [ 74.584759790737024, 30.289798951179996 ], [ 74.58493945313343, 30.289798951179996 ], [ 74.58493945313343, 30.289888782378199 ], [ 74.585029284331625, 30.289888782378199 ], [ 74.585029284331625, 30.289978613576398 ], [ 74.585208946728031, 30.289978613576398 ], [ 74.585208946728031, 30.290068444774597 ], [ 74.585298777926226, 30.290068444774597 ], [ 74.585298777926226, 30.290158275972797 ], [ 74.585388609124422, 30.290158275972797 ], [ 74.585388609124422, 30.290248107170999 ], [ 74.585478440322632, 30.290248107170999 ], [ 74.585478440322632, 30.290337938369198 ], [ 74.585568271520827, 30.290337938369198 ], [ 74.585568271520827, 30.290427769567398 ], [ 74.585658102719023, 30.290427769567398 ], [ 74.585658102719023, 30.290517600765597 ], [ 74.585837765115429, 30.290517600765597 ], [ 74.585837765115429, 30.290607431963799 ], [ 74.585927596313624, 30.290607431963799 ], [ 74.585927596313624, 30.290697263161999 ], [ 74.586197089908225, 30.290697263161999 ] ], [ [ 74.584759790737024, 30.287732833621398 ], [ 74.58493945313343, 30.287732833621398 ], [ 74.58493945313343, 30.287822664819597 ], [ 74.584759790737024, 30.287822664819597 ], [ 74.584759790737024, 30.287732833621398 ] ], [ [ 74.584759790737024, 30.287193846432199 ], [ 74.584849621935234, 30.287193846432199 ], [ 74.584849621935234, 30.287283677630398 ], [ 74.584759790737024, 30.287283677630398 ], [ 74.584759790737024, 30.287193846432199 ] ] ] } },
{ "type": "Feature", "properties": { "source_field_id": "1646224", "source_area_m2": 143264.05, "confidence": null, "determination_datetime": "2024-01-01T05:30:00+05:30", "determination_method": "auto-imagery", "xmin": 74.704594609135825, "ymin": 30.308034684414597, "xmax": 74.708816675451232, "ymax": 30.314682193081399, "area_m2": 143152.26254614603, "area_ha": 14.315226254614602, "field_id": "FTW-IN-PB-1646224", "boundary_source": "FIELDS_OF_THE_WORLD_GLOBAL_PRUE_2024_2025", "boundary_type": "RESEARCH_FIELD_BOUNDARY", "research_boundary_disclaimer": "Model-derived remote-sensing field unit; not a cadastral or ownership boundary.", "source_provider": "Fields of The World / Source Cooperative", "source_dataset": "Global Fields of The World, Punjab partition", "source_url": "https://data.source.coop/ftw/global-data/predictions/vectors/alpha/results-by-admin-conf/admin:country_code=IN/IN_PB.parquet", "real_or_synthetic": "REAL", "centroid_lon": 74.707243116062301, "centroid_lat": 30.311240293033876, "data_status": "REAL_SATELLITE_OBSERVATIONS", "ground_truth_status": "NO_GROUND_TRUTH_WEAK_PROXY_LABELS_ONLY", "demo_rank": 35, "demo_category": "OTHER", "demo_score": 8.0, "cropland_fraction": 1.0 }, "geometry": { "type": "Polygon", "coordinates": [ [ [ 74.707648869874632, 30.309022827594799 ], [ 74.707648869874632, 30.309112658792998 ], [ 74.707379376280031, 30.309112658792998 ], [ 74.707379376280031, 30.309022827594799 ], [ 74.706750557892633, 30.309022827594799 ], [ 74.706750557892633, 30.309112658792998 ], [ 74.705492921117823, 30.309112658792998 ], [ 74.705492921117823, 30.309202489991197 ], [ 74.705403089919628, 30.309202489991197 ], [ 74.705403089919628, 30.309292321189396 ], [ 74.705492921117823, 30.309292321189396 ], [ 74.705492921117823, 30.309382152387599 ], [ 74.705403089919628, 30.309382152387599 ], [ 74.705403089919628, 30.309741477180399 ], [ 74.705582752316033, 30.309741477180399 ], [ 74.705582752316033, 30.309651645982196 ], [ 74.705672583514229, 30.309651645982196 ], [ 74.705672583514229, 30.309741477180399 ], [ 74.705762414712424, 30.309741477180399 ], [ 74.705762414712424, 30.309831308378598 ], [ 74.705672583514229, 30.309831308378598 ], [ 74.705672583514229, 30.310010970774997 ], [ 74.705582752316033, 30.310010970774997 ], [ 74.705582752316033, 30.310190633171398 ], [ 74.705672583514229, 30.310190633171398 ], [ 74.705672583514229, 30.310639789162398 ], [ 74.705852245910634, 30.310639789162398 ], [ 74.705852245910634, 30.310729620360597 ], [ 74.705762414712424, 30.310729620360597 ], [ 74.705762414712424, 30.310819451558796 ], [ 74.705672583514229, 30.310819451558796 ], [ 74.705672583514229, 30.311088945153397 ], [ 74.705762414712424, 30.311088945153397 ], [ 74.705762414712424, 30.311178776351596 ], [ 74.707738701072827, 30.311178776351596 ], [ 74.707738701072827, 30.311268607549799 ], [ 74.706391233099836, 30.311268607549799 ], [ 74.706391233099836, 30.311358438747998 ], [ 74.705403089919628, 30.311358438747998 ], [ 74.705403089919628, 30.311987257135399 ], [ 74.708098025865624, 30.311987257135399 ], [ 74.708098025865624, 30.312077088333599 ], [ 74.707828532271023, 30.312077088333599 ], [ 74.707828532271023, 30.312166919531798 ], [ 74.707648869874632, 30.312166919531798 ], [ 74.707648869874632, 30.312077088333599 ], [ 74.706750557892633, 30.312077088333599 ], [ 74.706750557892633, 30.312166919531798 ], [ 74.705043765126831, 30.312166919531798 ], [ 74.705043765126831, 30.312077088333599 ], [ 74.704684440334034, 30.312077088333599 ], [ 74.704684440334034, 30.312166919531798 ], [ 74.704594609135825, 30.312166919531798 ], [ 74.704594609135825, 30.312795737919199 ], [ 74.707648869874632, 30.312795737919199 ], [ 74.707648869874632, 30.312705906720996 ], [ 74.707738701072827, 30.312705906720996 ], [ 74.707738701072827, 30.312616075522797 ], [ 74.707828532271023, 30.312616075522797 ], [ 74.707828532271023, 30.312795737919199 ], [ 74.708277688262029, 30.312795737919199 ], [ 74.708277688262029, 30.312885569117398 ], [ 74.707828532271023, 30.312885569117398 ], [ 74.707828532271023, 30.314233037090396 ], [ 74.707379376280031, 30.314233037090396 ], [ 74.707379376280031, 30.314502530684997 ], [ 74.707469207478226, 30.314502530684997 ], [ 74.707469207478226, 30.314682193081399 ], [ 74.708637013054826, 30.314682193081399 ], [ 74.708637013054826, 30.314143205892197 ], [ 74.708726844253036, 30.314143205892197 ], [ 74.708726844253036, 30.313963543495799 ], [ 74.708637013054826, 30.313963543495799 ], [ 74.708637013054826, 30.313783881099397 ], [ 74.708726844253036, 30.313783881099397 ], [ 74.708726844253036, 30.312885569117398 ], [ 74.70854718185663, 30.312885569117398 ], [ 74.70854718185663, 30.312795737919199 ], [ 74.708637013054826, 30.312795737919199 ], [ 74.708637013054826, 30.312705906720996 ], [ 74.708726844253036, 30.312705906720996 ], [ 74.708726844253036, 30.312526244324598 ], [ 74.708637013054826, 30.312526244324598 ], [ 74.708637013054826, 30.311717763540798 ], [ 74.708726844253036, 30.311717763540798 ], [ 74.708726844253036, 30.311358438747998 ], [ 74.708816675451232, 30.311358438747998 ], [ 74.708816675451232, 30.311088945153397 ], [ 74.708726844253036, 30.311088945153397 ], [ 74.708726844253036, 30.310999113955198 ], [ 74.708277688262029, 30.310999113955198 ], [ 74.708277688262029, 30.311088945153397 ], [ 74.708187857063834, 30.311088945153397 ], [ 74.708187857063834, 30.311717763540798 ], [ 74.708277688262029, 30.311717763540798 ], [ 74.708277688262029, 30.311807594738998 ], [ 74.708187857063834, 30.311807594738998 ], [ 74.708187857063834, 30.311897425937197 ], [ 74.708008194667428, 30.311897425937197 ], [ 74.708008194667428, 30.310819451558796 ], [ 74.707918363469233, 30.310819451558796 ], [ 74.707918363469233, 30.310729620360597 ], [ 74.708008194667428, 30.310729620360597 ], [ 74.708008194667428, 30.310549957964199 ], [ 74.708098025865624, 30.310549957964199 ], [ 74.708098025865624, 30.310639789162398 ], [ 74.708187857063834, 30.310639789162398 ], [ 74.708187857063834, 30.310729620360597 ], [ 74.708367519460225, 30.310729620360597 ], [ 74.708367519460225, 30.310819451558796 ], [ 74.708637013054826, 30.310819451558796 ], [ 74.708637013054826, 30.310909282756999 ], [ 74.708726844253036, 30.310909282756999 ], [ 74.708726844253036, 30.308483840405597 ], [ 74.708637013054826, 30.308483840405597 ], [ 74.708637013054826, 30.308394009207397 ], [ 74.70854718185663, 30.308394009207397 ], [ 74.70854718185663, 30.308214346810999 ], [ 74.708457350658435, 30.308214346810999 ], [ 74.708457350658435, 30.308124515612796 ], [ 74.708277688262029, 30.308124515612796 ], [ 74.708277688262029, 30.308034684414597 ], [ 74.708008194667428, 30.308034684414597 ], [ 74.708008194667428, 30.308124515612796 ], [ 74.707918363469233, 30.308124515612796 ], [ 74.707918363469233, 30.308214346810999 ], [ 74.708008194667428, 30.308214346810999 ], [ 74.708008194667428, 30.308843165198397 ], [ 74.707828532271023, 30.308843165198397 ], [ 74.707828532271023, 30.308932996396599 ], [ 74.707738701072827, 30.308932996396599 ], [ 74.707738701072827, 30.309022827594799 ], [ 74.707648869874632, 30.309022827594799 ] ], [ [ 74.708367519460225, 30.311807594738998 ], [ 74.708367519460225, 30.311897425937197 ], [ 74.708277688262029, 30.311897425937197 ], [ 74.708277688262029, 30.311807594738998 ], [ 74.708367519460225, 30.311807594738998 ] ], [ [ 74.707918363469233, 30.309022827594799 ], [ 74.707918363469233, 30.309112658792998 ], [ 74.707738701072827, 30.309112658792998 ], [ 74.707738701072827, 30.309022827594799 ], [ 74.707918363469233, 30.309022827594799 ] ], [ [ 74.707648869874632, 30.312346581928196 ], [ 74.707738701072827, 30.312346581928196 ], [ 74.707738701072827, 30.312526244324598 ], [ 74.707648869874632, 30.312526244324598 ], [ 74.707648869874632, 30.312346581928196 ] ], [ [ 74.706121739505235, 30.310729620360597 ], [ 74.706031908307025, 30.310729620360597 ], [ 74.706031908307025, 30.310639789162398 ], [ 74.706121739505235, 30.310639789162398 ], [ 74.706121739505235, 30.309831308378598 ], [ 74.706031908307025, 30.309831308378598 ], [ 74.706031908307025, 30.309741477180399 ], [ 74.706391233099836, 30.309741477180399 ], [ 74.706391233099836, 30.309831308378598 ], [ 74.707469207478226, 30.309831308378598 ], [ 74.707469207478226, 30.309741477180399 ], [ 74.708008194667428, 30.309741477180399 ], [ 74.708008194667428, 30.309831308378598 ], [ 74.707648869874632, 30.309831308378598 ], [ 74.707648869874632, 30.309921139576797 ], [ 74.706211570703431, 30.309921139576797 ], [ 74.706211570703431, 30.310549957964199 ], [ 74.706301401901626, 30.310549957964199 ], [ 74.706301401901626, 30.310639789162398 ], [ 74.706211570703431, 30.310639789162398 ], [ 74.706211570703431, 30.310819451558796 ], [ 74.706121739505235, 30.310819451558796 ], [ 74.706121739505235, 30.310729620360597 ] ] ] } },
{ "type": "Feature", "properties": { "source_field_id": "1648044", "source_area_m2": 146540.5, "confidence": null, "determination_datetime": "2025-01-01T05:30:00+05:30", "determination_method": "auto-imagery", "xmin": 74.538496723664025, "ymin": 30.360136779370599, "xmax": 74.542718789979432, "ymax": 30.369928379974397, "area_m2": 146430.33806141949, "area_ha": 14.643033806141949, "field_id": "FTW-IN-PB-1648044", "boundary_source": "FIELDS_OF_THE_WORLD_GLOBAL_PRUE_2024_2025", "boundary_type": "RESEARCH_FIELD_BOUNDARY", "research_boundary_disclaimer": "Model-derived remote-sensing field unit; not a cadastral or ownership boundary.", "source_provider": "Fields of The World / Source Cooperative", "source_dataset": "Global Fields of The World, Punjab partition", "source_url": "https://data.source.coop/ftw/global-data/predictions/vectors/alpha/results-by-admin-conf/admin:country_code=IN/IN_PB.parquet", "real_or_synthetic": "REAL", "centroid_lon": 74.540620231372316, "centroid_lat": 30.365053652057131, "data_status": "REAL_SATELLITE_OBSERVATIONS", "ground_truth_status": "NO_GROUND_TRUTH_WEAK_PROXY_LABELS_ONLY", "demo_rank": 36, "demo_category": "OTHER", "demo_score": 8.0, "cropland_fraction": 1.0 }, "geometry": { "type": "Polygon", "coordinates": [ [ [ 74.541101828411826, 30.367233444028397 ], [ 74.540832334817225, 30.367233444028397 ], [ 74.540832334817225, 30.367143612830198 ], [ 74.540922166015434, 30.367143612830198 ], [ 74.540922166015434, 30.367053781631999 ], [ 74.540832334817225, 30.367053781631999 ], [ 74.540832334817225, 30.366694456839198 ], [ 74.540742503619029, 30.366694456839198 ], [ 74.540742503619029, 30.366604625640999 ], [ 74.540652672420833, 30.366604625640999 ], [ 74.540652672420833, 30.366514794442796 ], [ 74.540742503619029, 30.366514794442796 ], [ 74.540742503619029, 30.366335132046398 ], [ 74.540652672420833, 30.366335132046398 ], [ 74.540652672420833, 30.365975807253598 ], [ 74.540562841222624, 30.365975807253598 ], [ 74.540562841222624, 30.365436820064399 ], [ 74.540473010024428, 30.365436820064399 ], [ 74.540473010024428, 30.365257157667997 ], [ 74.540922166015434, 30.365257157667997 ], [ 74.540922166015434, 30.365167326469798 ], [ 74.54101199721363, 30.365167326469798 ], [ 74.54101199721363, 30.364897832875197 ], [ 74.540293347628023, 30.364897832875197 ], [ 74.540293347628023, 30.364808001676998 ], [ 74.540383178826232, 30.364808001676998 ], [ 74.540383178826232, 30.364448676884198 ], [ 74.540293347628023, 30.364448676884198 ], [ 74.540293347628023, 30.3642690144878 ], [ 74.540383178826232, 30.3642690144878 ], [ 74.540383178826232, 30.363819858496797 ], [ 74.540473010024428, 30.363819858496797 ], [ 74.540473010024428, 30.364808001676998 ], [ 74.54101199721363, 30.364808001676998 ], [ 74.54101199721363, 30.364089352091398 ], [ 74.541101828411826, 30.364089352091398 ], [ 74.541101828411826, 30.362113065730998 ], [ 74.54101199721363, 30.362113065730998 ], [ 74.54101199721363, 30.361214753749 ], [ 74.541101828411826, 30.361214753749 ], [ 74.541101828411826, 30.361035091352598 ], [ 74.54101199721363, 30.361035091352598 ], [ 74.54101199721363, 30.360136779370599 ], [ 74.53984419163703, 30.360136779370599 ], [ 74.53984419163703, 30.360316441766997 ], [ 74.539754360438835, 30.360316441766997 ], [ 74.539754360438835, 30.362202896929197 ], [ 74.53984419163703, 30.362202896929197 ], [ 74.53984419163703, 30.362292728127397 ], [ 74.539754360438835, 30.362292728127397 ], [ 74.539754360438835, 30.364358845685999 ], [ 74.539664529240625, 30.364358845685999 ], [ 74.539664529240625, 30.364448676884198 ], [ 74.539574698042429, 30.364448676884198 ], [ 74.539574698042429, 30.365077495271599 ], [ 74.539664529240625, 30.365077495271599 ], [ 74.539664529240625, 30.365526651262599 ], [ 74.539754360438835, 30.365526651262599 ], [ 74.539754360438835, 30.366065638451797 ], [ 74.53984419163703, 30.366065638451797 ], [ 74.53984419163703, 30.366424963244597 ], [ 74.539934022835226, 30.366424963244597 ], [ 74.539934022835226, 30.366694456839198 ], [ 74.53984419163703, 30.366694456839198 ], [ 74.53984419163703, 30.366514794442796 ], [ 74.539754360438835, 30.366514794442796 ], [ 74.539754360438835, 30.366155469649996 ], [ 74.539664529240625, 30.366155469649996 ], [ 74.539664529240625, 30.365706313658997 ], [ 74.539574698042429, 30.365706313658997 ], [ 74.539574698042429, 30.365257157667997 ], [ 74.539484866844234, 30.365257157667997 ], [ 74.539484866844234, 30.364808001676998 ], [ 74.539395035646024, 30.364808001676998 ], [ 74.539395035646024, 30.364718170478799 ], [ 74.538766217258626, 30.364718170478799 ], [ 74.538766217258626, 30.364808001676998 ], [ 74.538496723664025, 30.364808001676998 ], [ 74.538496723664025, 30.364897832875197 ], [ 74.538586554862235, 30.364897832875197 ], [ 74.538586554862235, 30.365077495271599 ], [ 74.53867638606043, 30.365077495271599 ], [ 74.53867638606043, 30.365257157667997 ], [ 74.538766217258626, 30.365257157667997 ], [ 74.538766217258626, 30.365346988866197 ], [ 74.538856048456822, 30.365346988866197 ], [ 74.538856048456822, 30.365526651262599 ], [ 74.538945879655031, 30.365526651262599 ], [ 74.538945879655031, 30.365616482460798 ], [ 74.539035710853227, 30.365616482460798 ], [ 74.539035710853227, 30.3657961448572 ], [ 74.539125542051423, 30.3657961448572 ], [ 74.539125542051423, 30.365975807253598 ], [ 74.539215373249633, 30.365975807253598 ], [ 74.539215373249633, 30.366155469649996 ], [ 74.539305204447828, 30.366155469649996 ], [ 74.539305204447828, 30.366245300848199 ], [ 74.539395035646024, 30.366245300848199 ], [ 74.539395035646024, 30.366424963244597 ], [ 74.539484866844234, 30.366424963244597 ], [ 74.539484866844234, 30.366604625640999 ], [ 74.539574698042429, 30.366604625640999 ], [ 74.539574698042429, 30.366694456839198 ], [ 74.539664529240625, 30.366694456839198 ], [ 74.539664529240625, 30.366874119235597 ], [ 74.539754360438835, 30.366874119235597 ], [ 74.539754360438835, 30.367053781631999 ], [ 74.540023854033421, 30.367053781631999 ], [ 74.540023854033421, 30.367143612830198 ], [ 74.539934022835226, 30.367143612830198 ], [ 74.539934022835226, 30.367233444028397 ], [ 74.540742503619029, 30.367233444028397 ], [ 74.540742503619029, 30.3673232752266 ], [ 74.540562841222624, 30.3673232752266 ], [ 74.540562841222624, 30.367502937622998 ], [ 74.540203516429827, 30.367502937622998 ], [ 74.540203516429827, 30.367772431217599 ], [ 74.540293347628023, 30.367772431217599 ], [ 74.540293347628023, 30.367952093613997 ], [ 74.540383178826232, 30.367952093613997 ], [ 74.540383178826232, 30.368041924812196 ], [ 74.540473010024428, 30.368041924812196 ], [ 74.540473010024428, 30.368221587208598 ], [ 74.540562841222624, 30.368221587208598 ], [ 74.540562841222624, 30.368401249604997 ], [ 74.540652672420833, 30.368401249604997 ], [ 74.540652672420833, 30.368491080803199 ], [ 74.540742503619029, 30.368491080803199 ], [ 74.540742503619029, 30.368580912001399 ], [ 74.540832334817225, 30.368580912001399 ], [ 74.540832334817225, 30.368670743199598 ], [ 74.540922166015434, 30.368670743199598 ], [ 74.540922166015434, 30.368940236794199 ], [ 74.54101199721363, 30.368940236794199 ], [ 74.54101199721363, 30.369119899190597 ], [ 74.541101828411826, 30.369119899190597 ], [ 74.541101828411826, 30.369299561586999 ], [ 74.541191659610035, 30.369299561586999 ], [ 74.541191659610035, 30.369479223983397 ], [ 74.541281490808231, 30.369479223983397 ], [ 74.541281490808231, 30.369658886379799 ], [ 74.541371322006427, 30.369658886379799 ], [ 74.541371322006427, 30.369748717577998 ], [ 74.541461153204622, 30.369748717577998 ], [ 74.541461153204622, 30.369838548776197 ], [ 74.541550984402832, 30.369838548776197 ], [ 74.541550984402832, 30.369928379974397 ], [ 74.542718789979432, 30.369928379974397 ], [ 74.542718789979432, 30.369748717577998 ], [ 74.542628958781222, 30.369748717577998 ], [ 74.542628958781222, 30.369658886379799 ], [ 74.542539127583026, 30.369658886379799 ], [ 74.542539127583026, 30.369569055181596 ], [ 74.542449296384831, 30.369569055181596 ], [ 74.542449296384831, 30.369479223983397 ], [ 74.541550984402832, 30.369479223983397 ], [ 74.541550984402832, 30.369569055181596 ], [ 74.541461153204622, 30.369569055181596 ], [ 74.541461153204622, 30.369479223983397 ], [ 74.541371322006427, 30.369479223983397 ], [ 74.541371322006427, 30.368940236794199 ], [ 74.541461153204622, 30.368940236794199 ], [ 74.541461153204622, 30.369299561586999 ], [ 74.541550984402832, 30.369299561586999 ], [ 74.541550984402832, 30.369389392785198 ], [ 74.542359465186635, 30.369389392785198 ], [ 74.542359465186635, 30.368940236794199 ], [ 74.542449296384831, 30.368940236794199 ], [ 74.542449296384831, 30.368850405596 ], [ 74.542359465186635, 30.368850405596 ], [ 74.542359465186635, 30.368760574397797 ], [ 74.541371322006427, 30.368760574397797 ], [ 74.541371322006427, 30.368850405596 ], [ 74.541281490808231, 30.368850405596 ], [ 74.541281490808231, 30.368760574397797 ], [ 74.541191659610035, 30.368760574397797 ], [ 74.541191659610035, 30.368580912001399 ], [ 74.541371322006427, 30.368580912001399 ], [ 74.541371322006427, 30.368670743199598 ], [ 74.541640815601028, 30.368670743199598 ], [ 74.541640815601028, 30.368580912001399 ], [ 74.541730646799223, 30.368580912001399 ], [ 74.541730646799223, 30.367143612830198 ], [ 74.541550984402832, 30.367143612830198 ], [ 74.541550984402832, 30.367053781631999 ], [ 74.541820477997433, 30.367053781631999 ], [ 74.541820477997433, 30.367143612830198 ], [ 74.542359465186635, 30.367143612830198 ], [ 74.542359465186635, 30.367053781631999 ], [ 74.542449296384831, 30.367053781631999 ], [ 74.542449296384831, 30.366963950433799 ], [ 74.542359465186635, 30.366963950433799 ], [ 74.542359465186635, 30.366694456839198 ], [ 74.542449296384831, 30.366694456839198 ], [ 74.542449296384831, 30.366335132046398 ], [ 74.542539127583026, 30.366335132046398 ], [ 74.542539127583026, 30.366155469649996 ], [ 74.542449296384831, 30.366155469649996 ], [ 74.542449296384831, 30.366065638451797 ], [ 74.541820477997433, 30.366065638451797 ], [ 74.541820477997433, 30.366694456839198 ], [ 74.541730646799223, 30.366694456839198 ], [ 74.541730646799223, 30.366604625640999 ], [ 74.540922166015434, 30.366604625640999 ], [ 74.540922166015434, 30.366963950433799 ], [ 74.54101199721363, 30.366963950433799 ], [ 74.54101199721363, 30.367143612830198 ], [ 74.541101828411826, 30.367143612830198 ], [ 74.541101828411826, 30.367233444028397 ] ], [ [ 74.541101828411826, 30.367053781631999 ], [ 74.541371322006427, 30.367053781631999 ], [ 74.541371322006427, 30.367143612830198 ], [ 74.541101828411826, 30.367143612830198 ], [ 74.541101828411826, 30.367053781631999 ] ] ] } },
{ "type": "Feature", "properties": { "source_field_id": "1649378", "source_area_m2": 147108.61, "confidence": null, "determination_datetime": "2025-01-01T05:30:00+05:30", "determination_method": "auto-imagery", "xmin": 74.606229447106827, "ymin": 30.327707716820399, "xmax": 74.611798981395225, "ymax": 30.331929783135799, "area_m2": 146996.07874827104, "area_ha": 14.699607874827104, "field_id": "FTW-IN-PB-1649378", "boundary_source": "FIELDS_OF_THE_WORLD_GLOBAL_PRUE_2024_2025", "boundary_type": "RESEARCH_FIELD_BOUNDARY", "research_boundary_disclaimer": "Model-derived remote-sensing field unit; not a cadastral or ownership boundary.", "source_provider": "Fields of The World / Source Cooperative", "source_dataset": "Global Fields of The World, Punjab partition", "source_url": "https://data.source.coop/ftw/global-data/predictions/vectors/alpha/results-by-admin-conf/admin:country_code=IN/IN_PB.parquet", "real_or_synthetic": "REAL", "centroid_lon": 74.608932282023559, "centroid_lat": 30.329733906909397, "data_status": "REAL_SATELLITE_OBSERVATIONS", "ground_truth_status": "NO_GROUND_TRUTH_WEAK_PROXY_LABELS_ONLY", "demo_rank": 37, "demo_category": "OTHER", "demo_score": 8.0, "cropland_fraction": 1.0 }, "geometry": { "type": "Polygon", "coordinates": [ [ [ 74.608295564665426, 30.330312821568199 ], [ 74.608924383052823, 30.330312821568199 ], [ 74.608924383052823, 30.328695860000597 ], [ 74.609104045449229, 30.328695860000597 ], [ 74.609104045449229, 30.328965353595198 ], [ 74.609014214251033, 30.328965353595198 ], [ 74.609014214251033, 30.3291450159916 ], [ 74.609104045449229, 30.3291450159916 ], [ 74.609104045449229, 30.329234847189799 ], [ 74.609193876647424, 30.329234847189799 ], [ 74.609193876647424, 30.329414509586197 ], [ 74.609104045449229, 30.329414509586197 ], [ 74.609104045449229, 30.330312821568199 ], [ 74.611709150197029, 30.330312821568199 ], [ 74.611709150197029, 30.329863665577196 ], [ 74.610810838215031, 30.329863665577196 ], [ 74.610810838215031, 30.329773834378997 ], [ 74.611709150197029, 30.329773834378997 ], [ 74.611709150197029, 30.329324678387998 ], [ 74.611529487800624, 30.329324678387998 ], [ 74.611529487800624, 30.329234847189799 ], [ 74.611709150197029, 30.329234847189799 ], [ 74.611709150197029, 30.328875522396999 ], [ 74.609643032638431, 30.328875522396999 ], [ 74.609643032638431, 30.328695860000597 ], [ 74.610361682224024, 30.328695860000597 ], [ 74.610361682224024, 30.328785691198799 ], [ 74.61054134462043, 30.328785691198799 ], [ 74.61054134462043, 30.328695860000597 ], [ 74.611709150197029, 30.328695860000597 ], [ 74.611709150197029, 30.328516197604198 ], [ 74.611798981395225, 30.328516197604198 ], [ 74.611798981395225, 30.327797548018598 ], [ 74.611619318998834, 30.327797548018598 ], [ 74.611619318998834, 30.327707716820399 ], [ 74.611439656602428, 30.327707716820399 ], [ 74.611439656602428, 30.327797548018598 ], [ 74.610092188629423, 30.327797548018598 ], [ 74.610092188629423, 30.327977210414996 ], [ 74.610002357431227, 30.327977210414996 ], [ 74.610002357431227, 30.327797548018598 ], [ 74.609553201440235, 30.327797548018598 ], [ 74.609553201440235, 30.327707716820399 ], [ 74.609463370242025, 30.327707716820399 ], [ 74.609463370242025, 30.327797548018598 ], [ 74.608924383052823, 30.327797548018598 ], [ 74.608924383052823, 30.327707716820399 ], [ 74.608565058260027, 30.327707716820399 ], [ 74.608565058260027, 30.327797548018598 ], [ 74.608475227061831, 30.327797548018598 ], [ 74.608475227061831, 30.327887379216797 ], [ 74.608385395863621, 30.327887379216797 ], [ 74.608385395863621, 30.327977210414996 ], [ 74.608295564665426, 30.327977210414996 ], [ 74.608295564665426, 30.328067041613199 ], [ 74.60820573346723, 30.328067041613199 ], [ 74.60820573346723, 30.328156872811398 ], [ 74.608115902269034, 30.328156872811398 ], [ 74.608115902269034, 30.328336535207796 ], [ 74.608026071070825, 30.328336535207796 ], [ 74.608026071070825, 30.328426366405999 ], [ 74.607936239872629, 30.328426366405999 ], [ 74.607936239872629, 30.328516197604198 ], [ 74.607846408674433, 30.328516197604198 ], [ 74.607846408674433, 30.328606028802398 ], [ 74.607756577476223, 30.328606028802398 ], [ 74.607756577476223, 30.328695860000597 ], [ 74.607666746278028, 30.328695860000597 ], [ 74.607666746278028, 30.328785691198799 ], [ 74.607576915079832, 30.328785691198799 ], [ 74.607576915079832, 30.328875522396999 ], [ 74.607487083881622, 30.328875522396999 ], [ 74.607487083881622, 30.328965353595198 ], [ 74.607397252683427, 30.328965353595198 ], [ 74.607397252683427, 30.329055184793397 ], [ 74.607307421485231, 30.329055184793397 ], [ 74.607307421485231, 30.329234847189799 ], [ 74.607217590287036, 30.329234847189799 ], [ 74.607217590287036, 30.329324678387998 ], [ 74.607127759088826, 30.329324678387998 ], [ 74.607127759088826, 30.329414509586197 ], [ 74.606948096692435, 30.329414509586197 ], [ 74.606948096692435, 30.329504340784396 ], [ 74.606858265494225, 30.329504340784396 ], [ 74.606858265494225, 30.329684003180798 ], [ 74.606768434296029, 30.329684003180798 ], [ 74.606768434296029, 30.329773834378997 ], [ 74.606678603097834, 30.329773834378997 ], [ 74.606678603097834, 30.329863665577196 ], [ 74.606588771899624, 30.329863665577196 ], [ 74.606588771899624, 30.329953496775399 ], [ 74.606498940701428, 30.329953496775399 ], [ 74.606498940701428, 30.330043327973598 ], [ 74.606409109503232, 30.330043327973598 ], [ 74.606409109503232, 30.330133159171798 ], [ 74.606319278305023, 30.330133159171798 ], [ 74.606319278305023, 30.330312821568199 ], [ 74.606858265494225, 30.330312821568199 ], [ 74.606858265494225, 30.330402652766399 ], [ 74.60703792789063, 30.330402652766399 ], [ 74.60703792789063, 30.330492483964598 ], [ 74.606678603097834, 30.330492483964598 ], [ 74.606678603097834, 30.330402652766399 ], [ 74.606319278305023, 30.330402652766399 ], [ 74.606319278305023, 30.330941639955597 ], [ 74.606229447106827, 30.330941639955597 ], [ 74.606229447106827, 30.331929783135799 ], [ 74.608115902269034, 30.331929783135799 ], [ 74.608115902269034, 30.331839951937599 ], [ 74.60820573346723, 30.331839951937599 ], [ 74.60820573346723, 30.331929783135799 ], [ 74.608924383052823, 30.331929783135799 ], [ 74.608924383052823, 30.330492483964598 ], [ 74.608834551854628, 30.330492483964598 ], [ 74.608834551854628, 30.330402652766399 ], [ 74.608654889458222, 30.330402652766399 ], [ 74.608654889458222, 30.330492483964598 ], [ 74.607127759088826, 30.330492483964598 ], [ 74.607127759088826, 30.330402652766399 ], [ 74.607217590287036, 30.330402652766399 ], [ 74.607217590287036, 30.330312821568199 ], [ 74.60820573346723, 30.330312821568199 ], [ 74.60820573346723, 30.328965353595198 ], [ 74.608295564665426, 30.328965353595198 ], [ 74.608295564665426, 30.330312821568199 ] ], [ [ 74.608295564665426, 30.328875522396999 ], [ 74.60820573346723, 30.328875522396999 ], [ 74.60820573346723, 30.328785691198799 ], [ 74.608026071070825, 30.328785691198799 ], [ 74.608026071070825, 30.328695860000597 ], [ 74.608475227061831, 30.328695860000597 ], [ 74.608475227061831, 30.328785691198799 ], [ 74.608385395863621, 30.328785691198799 ], [ 74.608385395863621, 30.328965353595198 ], [ 74.608295564665426, 30.328965353595198 ], [ 74.608295564665426, 30.328875522396999 ] ], [ [ 74.60937353904383, 30.329324678387998 ], [ 74.609553201440235, 30.329324678387998 ], [ 74.609553201440235, 30.329234847189799 ], [ 74.609643032638431, 30.329234847189799 ], [ 74.609643032638431, 30.329055184793397 ], [ 74.609732863836626, 30.329055184793397 ], [ 74.609732863836626, 30.329234847189799 ], [ 74.609822695034822, 30.329234847189799 ], [ 74.609822695034822, 30.329324678387998 ], [ 74.609732863836626, 30.329324678387998 ], [ 74.609732863836626, 30.329414509586197 ], [ 74.60937353904383, 30.329414509586197 ], [ 74.60937353904383, 30.329324678387998 ] ], [ [ 74.610990500611422, 30.329234847189799 ], [ 74.611080331809632, 30.329234847189799 ], [ 74.611080331809632, 30.3291450159916 ], [ 74.611170163007827, 30.3291450159916 ], [ 74.611170163007827, 30.329234847189799 ], [ 74.611259994206023, 30.329234847189799 ], [ 74.611259994206023, 30.329324678387998 ], [ 74.610990500611422, 30.329324678387998 ], [ 74.610990500611422, 30.329234847189799 ] ], [ [ 74.610092188629423, 30.328067041613199 ], [ 74.610182019827633, 30.328067041613199 ], [ 74.610182019827633, 30.328606028802398 ], [ 74.610092188629423, 30.328606028802398 ], [ 74.610092188629423, 30.328067041613199 ] ], [ [ 74.610631175818625, 30.327977210414996 ], [ 74.610721007016835, 30.327977210414996 ], [ 74.610721007016835, 30.328426366405999 ], [ 74.610631175818625, 30.328426366405999 ], [ 74.610631175818625, 30.327977210414996 ] ] ] } },
{ "type": "Feature", "properties": { "source_field_id": "1649384", "source_area_m2": 127578.13, "confidence": null, "determination_datetime": "2024-01-01T05:30:00+05:30", "determination_method": "auto-imagery", "xmin": 74.606319278305023, "ymin": 30.330402652766399, "xmax": 74.614583748539431, "ymax": 30.332019614333998, "area_m2": 127480.49724432424, "area_ha": 12.748049724432425, "field_id": "FTW-IN-PB-1649384", "boundary_source": "FIELDS_OF_THE_WORLD_GLOBAL_PRUE_2024_2025", "boundary_type": "RESEARCH_FIELD_BOUNDARY", "research_boundary_disclaimer": "Model-derived remote-sensing field unit; not a cadastral or ownership boundary.", "source_provider": "Fields of The World / Source Cooperative", "source_dataset": "Global Fields of The World, Punjab partition", "source_url": "https://data.source.coop/ftw/global-data/predictions/vectors/alpha/results-by-admin-conf/admin:country_code=IN/IN_PB.parquet", "real_or_synthetic": "REAL", "centroid_lon": 74.610538948307337, "centroid_lat": 30.331220756152891, "data_status": "REAL_SATELLITE_OBSERVATIONS", "ground_truth_status": "NO_GROUND_TRUTH_WEAK_PROXY_LABELS_ONLY", "demo_rank": 38, "demo_category": "OTHER", "demo_score": 8.0, "cropland_fraction": 1.0 }, "geometry": { "type": "Polygon", "coordinates": [ [ [ 74.610900669413226, 30.332019614333998 ], [ 74.610900669413226, 30.331929783135799 ], [ 74.611439656602428, 30.331929783135799 ], [ 74.611439656602428, 30.332019614333998 ], [ 74.611709150197029, 30.332019614333998 ], [ 74.611709150197029, 30.331929783135799 ], [ 74.611888812593435, 30.331929783135799 ], [ 74.611888812593435, 30.332019614333998 ], [ 74.612697293377224, 30.332019614333998 ], [ 74.612697293377224, 30.331929783135799 ], [ 74.613056618170035, 30.331929783135799 ], [ 74.613056618170035, 30.332019614333998 ], [ 74.614404086143026, 30.332019614333998 ], [ 74.614404086143026, 30.331929783135799 ], [ 74.614583748539431, 30.331929783135799 ], [ 74.614583748539431, 30.330492483964598 ], [ 74.612068474989826, 30.330492483964598 ], [ 74.612068474989826, 30.330402652766399 ], [ 74.61197864379163, 30.330402652766399 ], [ 74.61197864379163, 30.330492483964598 ], [ 74.610900669413226, 30.330492483964598 ], [ 74.610900669413226, 30.330402652766399 ], [ 74.610361682224024, 30.330402652766399 ], [ 74.610361682224024, 30.330492483964598 ], [ 74.609014214251033, 30.330492483964598 ], [ 74.609014214251033, 30.330851808757398 ], [ 74.608924383052823, 30.330851808757398 ], [ 74.608924383052823, 30.330492483964598 ], [ 74.608295564665426, 30.330492483964598 ], [ 74.608295564665426, 30.330672146360996 ], [ 74.60820573346723, 30.330672146360996 ], [ 74.60820573346723, 30.330492483964598 ], [ 74.606319278305023, 30.330492483964598 ], [ 74.606319278305023, 30.331839951937599 ], [ 74.606588771899624, 30.331839951937599 ], [ 74.606588771899624, 30.331929783135799 ], [ 74.607397252683427, 30.331929783135799 ], [ 74.607397252683427, 30.331750120739397 ], [ 74.607487083881622, 30.331750120739397 ], [ 74.607487083881622, 30.331929783135799 ], [ 74.608115902269034, 30.331929783135799 ], [ 74.608115902269034, 30.330851808757398 ], [ 74.60820573346723, 30.330851808757398 ], [ 74.60820573346723, 30.331839951937599 ], [ 74.608295564665426, 30.331839951937599 ], [ 74.608295564665426, 30.331929783135799 ], [ 74.610721007016835, 30.331929783135799 ], [ 74.610721007016835, 30.332019614333998 ], [ 74.610900669413226, 30.332019614333998 ] ], [ [ 74.611259994206023, 30.331031471153796 ], [ 74.611349825404233, 30.331031471153796 ], [ 74.611349825404233, 30.331121302351999 ], [ 74.611259994206023, 30.331121302351999 ], [ 74.611259994206023, 30.331031471153796 ] ] ] } },
{ "type": "Feature", "properties": { "source_field_id": "1650870", "source_area_m2": 123147.64, "confidence": null, "determination_datetime": "2024-01-01T05:30:00+05:30", "determination_method": "auto-imagery", "xmin": 74.548647649060626, "ymin": 30.364448676884198, "xmax": 74.553678196159822, "ymax": 30.368131756010399, "area_m2": 123054.78360843207, "area_ha": 12.305478360843207, "field_id": "FTW-IN-PB-1650870", "boundary_source": "FIELDS_OF_THE_WORLD_GLOBAL_PRUE_2024_2025", "boundary_type": "RESEARCH_FIELD_BOUNDARY", "research_boundary_disclaimer": "Model-derived remote-sensing field unit; not a cadastral or ownership boundary.", "source_provider": "Fields of The World / Source Cooperative", "source_dataset": "Global Fields of The World, Punjab partition", "source_url": "https://data.source.coop/ftw/global-data/predictions/vectors/alpha/results-by-admin-conf/admin:country_code=IN/IN_PB.parquet", "real_or_synthetic": "REAL", "centroid_lon": 74.551613837159337, "centroid_lat": 30.366164627005496, "data_status": "REAL_SATELLITE_OBSERVATIONS", "ground_truth_status": "NO_GROUND_TRUTH_WEAK_PROXY_LABELS_ONLY", "demo_rank": 39, "demo_category": "OTHER", "demo_score": 8.0, "cropland_fraction": 1.0 }, "geometry": { "type": "Polygon", "coordinates": [ [ [ 74.553678196159822, 30.368131756010399 ], [ 74.553678196159822, 30.367862262415798 ], [ 74.553588364961627, 30.367862262415798 ], [ 74.553588364961627, 30.367233444028397 ], [ 74.553498533763431, 30.367233444028397 ], [ 74.553498533763431, 30.367053781631999 ], [ 74.553588364961627, 30.367053781631999 ], [ 74.553588364961627, 30.366784288037397 ], [ 74.553498533763431, 30.366784288037397 ], [ 74.553498533763431, 30.366424963244597 ], [ 74.553588364961627, 30.366424963244597 ], [ 74.553588364961627, 30.365706313658997 ], [ 74.553498533763431, 30.365706313658997 ], [ 74.553498533763431, 30.365526651262599 ], [ 74.553588364961627, 30.365526651262599 ], [ 74.553588364961627, 30.364448676884198 ], [ 74.551701909799434, 30.364448676884198 ], [ 74.551701909799434, 30.364538508082397 ], [ 74.551612078601224, 30.364538508082397 ], [ 74.551612078601224, 30.364808001676998 ], [ 74.551701909799434, 30.364808001676998 ], [ 74.551701909799434, 30.365077495271599 ], [ 74.551522247403028, 30.365077495271599 ], [ 74.551522247403028, 30.364448676884198 ], [ 74.55089342901563, 30.364448676884198 ], [ 74.55089342901563, 30.364538508082397 ], [ 74.550803597817435, 30.364538508082397 ], [ 74.550803597817435, 30.364448676884198 ], [ 74.550174779430023, 30.364448676884198 ], [ 74.550174779430023, 30.365975807253598 ], [ 74.550803597817435, 30.365975807253598 ], [ 74.550803597817435, 30.365346988866197 ], [ 74.55089342901563, 30.365346988866197 ], [ 74.55089342901563, 30.364897832875197 ], [ 74.550983260213826, 30.364897832875197 ], [ 74.550983260213826, 30.365436820064399 ], [ 74.55089342901563, 30.365436820064399 ], [ 74.55089342901563, 30.365975807253598 ], [ 74.550983260213826, 30.365975807253598 ], [ 74.550983260213826, 30.366065638451797 ], [ 74.551971403394035, 30.366065638451797 ], [ 74.551971403394035, 30.365975807253598 ], [ 74.552690052979628, 30.365975807253598 ], [ 74.552690052979628, 30.366065638451797 ], [ 74.552330728186831, 30.366065638451797 ], [ 74.552330728186831, 30.366155469649996 ], [ 74.550983260213826, 30.366155469649996 ], [ 74.550983260213826, 30.366514794442796 ], [ 74.550803597817435, 30.366514794442796 ], [ 74.550803597817435, 30.366604625640999 ], [ 74.550623935421029, 30.366604625640999 ], [ 74.550623935421029, 30.366514794442796 ], [ 74.550713766619225, 30.366514794442796 ], [ 74.550713766619225, 30.366424963244597 ], [ 74.550803597817435, 30.366424963244597 ], [ 74.550803597817435, 30.366065638451797 ], [ 74.549186636249829, 30.366065638451797 ], [ 74.549186636249829, 30.366155469649996 ], [ 74.548827311457032, 30.366155469649996 ], [ 74.548827311457032, 30.366245300848199 ], [ 74.548647649060626, 30.366245300848199 ], [ 74.548647649060626, 30.366424963244597 ], [ 74.548917142655228, 30.366424963244597 ], [ 74.548917142655228, 30.366514794442796 ], [ 74.550534104222834, 30.366514794442796 ], [ 74.550534104222834, 30.366604625640999 ], [ 74.548647649060626, 30.366604625640999 ], [ 74.548647649060626, 30.366874119235597 ], [ 74.548737480258822, 30.366874119235597 ], [ 74.548737480258822, 30.367053781631999 ], [ 74.548917142655228, 30.367053781631999 ], [ 74.548917142655228, 30.366963950433799 ], [ 74.54945612984443, 30.366963950433799 ], [ 74.54945612984443, 30.367053781631999 ], [ 74.549366298646234, 30.367053781631999 ], [ 74.549366298646234, 30.367143612830198 ], [ 74.548827311457032, 30.367143612830198 ], [ 74.548827311457032, 30.367502937622998 ], [ 74.548917142655228, 30.367502937622998 ], [ 74.548917142655228, 30.367592768821197 ], [ 74.549186636249829, 30.367592768821197 ], [ 74.549186636249829, 30.367502937622998 ], [ 74.549276467448024, 30.367502937622998 ], [ 74.549276467448024, 30.3673232752266 ], [ 74.549366298646234, 30.3673232752266 ], [ 74.549366298646234, 30.367592768821197 ], [ 74.550713766619225, 30.367592768821197 ], [ 74.550713766619225, 30.367233444028397 ], [ 74.550623935421029, 30.367233444028397 ], [ 74.550623935421029, 30.367143612830198 ], [ 74.549815454637226, 30.367143612830198 ], [ 74.549815454637226, 30.367053781631999 ], [ 74.550623935421029, 30.367053781631999 ], [ 74.550623935421029, 30.366963950433799 ], [ 74.550713766619225, 30.366963950433799 ], [ 74.550713766619225, 30.367053781631999 ], [ 74.55089342901563, 30.367053781631999 ], [ 74.55089342901563, 30.367143612830198 ], [ 74.552151065790426, 30.367143612830198 ], [ 74.552151065790426, 30.366963950433799 ], [ 74.552240896988621, 30.366963950433799 ], [ 74.552240896988621, 30.366604625640999 ], [ 74.551881572195825, 30.366604625640999 ], [ 74.551881572195825, 30.366514794442796 ], [ 74.552240896988621, 30.366514794442796 ], [ 74.552240896988621, 30.366424963244597 ], [ 74.552330728186831, 30.366424963244597 ], [ 74.552330728186831, 30.366514794442796 ], [ 74.552420559385027, 30.366514794442796 ], [ 74.552420559385027, 30.366784288037397 ], [ 74.552330728186831, 30.366784288037397 ], [ 74.552330728186831, 30.368041924812196 ], [ 74.552420559385027, 30.368041924812196 ], [ 74.552420559385027, 30.368131756010399 ], [ 74.553678196159822, 30.368131756010399 ] ], [ [ 74.55322904016883, 30.366694456839198 ], [ 74.553408702565235, 30.366694456839198 ], [ 74.553408702565235, 30.366784288037397 ], [ 74.55322904016883, 30.366784288037397 ], [ 74.55322904016883, 30.366694456839198 ] ], [ [ 74.551522247403028, 30.366514794442796 ], [ 74.551612078601224, 30.366514794442796 ], [ 74.551612078601224, 30.366604625640999 ], [ 74.551522247403028, 30.366604625640999 ], [ 74.551522247403028, 30.366514794442796 ] ], [ [ 74.552959546574229, 30.365975807253598 ], [ 74.553049377772425, 30.365975807253598 ], [ 74.553049377772425, 30.365436820064399 ], [ 74.553139208970634, 30.365436820064399 ], [ 74.553139208970634, 30.366065638451797 ], [ 74.552959546574229, 30.366065638451797 ], [ 74.552959546574229, 30.365975807253598 ] ] ] } },
{ "type": "Feature", "properties": { "source_field_id": "1650978", "source_area_m2": 125280.64, "confidence": null, "determination_datetime": "2025-01-01T05:30:00+05:30", "determination_method": "auto-imagery", "xmin": 74.531400059006231, "ymin": 30.377743694217799, "xmax": 74.536789930898223, "ymax": 30.382864072515197, "area_m2": 125186.62077184387, "area_ha": 12.518662077184386, "field_id": "FTW-IN-PB-1650978", "boundary_source": "FIELDS_OF_THE_WORLD_GLOBAL_PRUE_2024_2025", "boundary_type": "RESEARCH_FIELD_BOUNDARY", "research_boundary_disclaimer": "Model-derived remote-sensing field unit; not a cadastral or ownership boundary.", "source_provider": "Fields of The World / Source Cooperative", "source_dataset": "Global Fields of The World, Punjab partition", "source_url": "https://data.source.coop/ftw/global-data/predictions/vectors/alpha/results-by-admin-conf/admin:country_code=IN/IN_PB.parquet", "real_or_synthetic": "REAL", "centroid_lon": 74.534440479084253, "centroid_lat": 30.379668646536313, "data_status": "REAL_SATELLITE_OBSERVATIONS", "ground_truth_status": "NO_GROUND_TRUTH_WEAK_PROXY_LABELS_ONLY", "demo_rank": 40, "demo_category": "OTHER", "demo_score": 8.0, "cropland_fraction": 1.0 }, "geometry": { "type": "Polygon", "coordinates": [ [ [ 74.535262800528827, 30.382864072515197 ], [ 74.535262800528827, 30.380887786154798 ], [ 74.535352631727022, 30.380887786154798 ], [ 74.535352631727022, 30.380797954956599 ], [ 74.535262800528827, 30.380797954956599 ], [ 74.535262800528827, 30.380708123758399 ], [ 74.534723813339625, 30.380708123758399 ], [ 74.534723813339625, 30.381426773343996 ], [ 74.534633982141429, 30.381426773343996 ], [ 74.534633982141429, 30.380708123758399 ], [ 74.533376345366634, 30.380708123758399 ], [ 74.533376345366634, 30.380618292560197 ], [ 74.533645838961235, 30.380618292560197 ], [ 74.533645838961235, 30.380528461361997 ], [ 74.534184826150423, 30.380528461361997 ], [ 74.534184826150423, 30.380618292560197 ], [ 74.534274657348632, 30.380618292560197 ], [ 74.534274657348632, 30.380528461361997 ], [ 74.534633982141429, 30.380528461361997 ], [ 74.534633982141429, 30.379719980578198 ], [ 74.534544150943233, 30.379719980578198 ], [ 74.534544150943233, 30.3795403181818 ], [ 74.534633982141429, 30.3795403181818 ], [ 74.534633982141429, 30.379360655785398 ], [ 74.534723813339625, 30.379360655785398 ], [ 74.534723813339625, 30.379450486983597 ], [ 74.534813644537834, 30.379450486983597 ], [ 74.534813644537834, 30.379630149379999 ], [ 74.534723813339625, 30.379630149379999 ], [ 74.534723813339625, 30.379809811776397 ], [ 74.534813644537834, 30.379809811776397 ], [ 74.534813644537834, 30.379899642974596 ], [ 74.534723813339625, 30.379899642974596 ], [ 74.534723813339625, 30.380528461361997 ], [ 74.534813644537834, 30.380528461361997 ], [ 74.534813644537834, 30.380618292560197 ], [ 74.534993306934226, 30.380618292560197 ], [ 74.534993306934226, 30.380528461361997 ], [ 74.535262800528827, 30.380528461361997 ], [ 74.535262800528827, 30.380438630163798 ], [ 74.535352631727022, 30.380438630163798 ], [ 74.535352631727022, 30.379989474172799 ], [ 74.535262800528827, 30.379989474172799 ], [ 74.535262800528827, 30.379899642974596 ], [ 74.534993306934226, 30.379899642974596 ], [ 74.534993306934226, 30.379809811776397 ], [ 74.535262800528827, 30.379809811776397 ], [ 74.535262800528827, 30.379360655785398 ], [ 74.535172969330631, 30.379360655785398 ], [ 74.535172969330631, 30.379180993388999 ], [ 74.535262800528827, 30.379180993388999 ], [ 74.535262800528827, 30.378911499794398 ], [ 74.535352631727022, 30.378911499794398 ], [ 74.535352631727022, 30.379180993388999 ], [ 74.536520437303622, 30.379180993388999 ], [ 74.536520437303622, 30.379270824587199 ], [ 74.535981450114434, 30.379270824587199 ], [ 74.535981450114434, 30.379360655785398 ], [ 74.535891618916224, 30.379360655785398 ], [ 74.535891618916224, 30.380528461361997 ], [ 74.536520437303622, 30.380528461361997 ], [ 74.536520437303622, 30.379899642974596 ], [ 74.536610268501832, 30.379899642974596 ], [ 74.536610268501832, 30.379719980578198 ], [ 74.536700099700028, 30.379719980578198 ], [ 74.536700099700028, 30.379001330992597 ], [ 74.536789930898223, 30.379001330992597 ], [ 74.536789930898223, 30.377923356614197 ], [ 74.536700099700028, 30.377923356614197 ], [ 74.536700099700028, 30.377743694217799 ], [ 74.536520437303622, 30.377743694217799 ], [ 74.536520437303622, 30.377833525415998 ], [ 74.535622125321623, 30.377833525415998 ], [ 74.535622125321623, 30.377923356614197 ], [ 74.535083138132421, 30.377923356614197 ], [ 74.535083138132421, 30.3780131878124 ], [ 74.534993306934226, 30.3780131878124 ], [ 74.534993306934226, 30.379180993388999 ], [ 74.535083138132421, 30.379180993388999 ], [ 74.535083138132421, 30.379270824587199 ], [ 74.534993306934226, 30.379270824587199 ], [ 74.534993306934226, 30.379360655785398 ], [ 74.53490347573603, 30.379360655785398 ], [ 74.53490347573603, 30.379180993388999 ], [ 74.534813644537834, 30.379180993388999 ], [ 74.534813644537834, 30.379091162190797 ], [ 74.534723813339625, 30.379091162190797 ], [ 74.534723813339625, 30.379001330992597 ], [ 74.533915332555821, 30.379001330992597 ], [ 74.533915332555821, 30.379091162190797 ], [ 74.533825501357626, 30.379091162190797 ], [ 74.533825501357626, 30.379001330992597 ], [ 74.53256786458283, 30.379001330992597 ], [ 74.53256786458283, 30.378911499794398 ], [ 74.533286514168424, 30.378911499794398 ], [ 74.533286514168424, 30.378821668596199 ], [ 74.533466176564829, 30.378821668596199 ], [ 74.533466176564829, 30.378911499794398 ], [ 74.53373567015943, 30.378911499794398 ], [ 74.53373567015943, 30.378642006199797 ], [ 74.533825501357626, 30.378642006199797 ], [ 74.533825501357626, 30.378821668596199 ], [ 74.533915332555821, 30.378821668596199 ], [ 74.533915332555821, 30.378911499794398 ], [ 74.534723813339625, 30.378911499794398 ], [ 74.534723813339625, 30.378821668596199 ], [ 74.534813644537834, 30.378821668596199 ], [ 74.534813644537834, 30.378282681406997 ], [ 74.534723813339625, 30.378282681406997 ], [ 74.534723813339625, 30.378103019010599 ], [ 74.534274657348632, 30.378103019010599 ], [ 74.534274657348632, 30.378192850208798 ], [ 74.533825501357626, 30.378192850208798 ], [ 74.533825501357626, 30.378282681406997 ], [ 74.533286514168424, 30.378282681406997 ], [ 74.533286514168424, 30.378372512605196 ], [ 74.532747526979222, 30.378372512605196 ], [ 74.532747526979222, 30.378462343803399 ], [ 74.532208539790034, 30.378462343803399 ], [ 74.532208539790034, 30.378552175001598 ], [ 74.531669552600832, 30.378552175001598 ], [ 74.531669552600832, 30.378642006199797 ], [ 74.531400059006231, 30.378642006199797 ], [ 74.531400059006231, 30.378821668596199 ], [ 74.531489890204426, 30.378821668596199 ], [ 74.531489890204426, 30.378911499794398 ], [ 74.531579721402622, 30.378911499794398 ], [ 74.531579721402622, 30.379001330992597 ], [ 74.531669552600832, 30.379001330992597 ], [ 74.531669552600832, 30.379091162190797 ], [ 74.531759383799027, 30.379091162190797 ], [ 74.531759383799027, 30.379180993388999 ], [ 74.531849214997223, 30.379180993388999 ], [ 74.531849214997223, 30.379360655785398 ], [ 74.531939046195433, 30.379360655785398 ], [ 74.531939046195433, 30.379450486983597 ], [ 74.532028877393628, 30.379450486983597 ], [ 74.532028877393628, 30.3795403181818 ], [ 74.532208539790034, 30.3795403181818 ], [ 74.532208539790034, 30.379719980578198 ], [ 74.532298370988229, 30.379719980578198 ], [ 74.532298370988229, 30.379809811776397 ], [ 74.532388202186425, 30.379809811776397 ], [ 74.532388202186425, 30.379899642974596 ], [ 74.532478033384635, 30.379899642974596 ], [ 74.532478033384635, 30.379989474172799 ], [ 74.53256786458283, 30.379989474172799 ], [ 74.53256786458283, 30.380079305370998 ], [ 74.532657695781026, 30.380079305370998 ], [ 74.532657695781026, 30.380169136569197 ], [ 74.532747526979222, 30.380169136569197 ], [ 74.532747526979222, 30.380258967767396 ], [ 74.532837358177431, 30.380258967767396 ], [ 74.532837358177431, 30.380438630163798 ], [ 74.532927189375627, 30.380438630163798 ], [ 74.532927189375627, 30.380528461361997 ], [ 74.533017020573823, 30.380528461361997 ], [ 74.533017020573823, 30.380618292560197 ], [ 74.533196682970228, 30.380618292560197 ], [ 74.533196682970228, 30.380708123758399 ], [ 74.533286514168424, 30.380708123758399 ], [ 74.533286514168424, 30.380887786154798 ], [ 74.533376345366634, 30.380887786154798 ], [ 74.533376345366634, 30.380977617352997 ], [ 74.533466176564829, 30.380977617352997 ], [ 74.533466176564829, 30.3810674485512 ], [ 74.533556007763025, 30.3810674485512 ], [ 74.533556007763025, 30.381157279749399 ], [ 74.533645838961235, 30.381157279749399 ], [ 74.533645838961235, 30.381247110947598 ], [ 74.533825501357626, 30.381247110947598 ], [ 74.533825501357626, 30.381516604542199 ], [ 74.533915332555821, 30.381516604542199 ], [ 74.533915332555821, 30.381606435740398 ], [ 74.534005163754031, 30.381606435740398 ], [ 74.534005163754031, 30.381696266938597 ], [ 74.534094994952227, 30.381696266938597 ], [ 74.534094994952227, 30.381786098136796 ], [ 74.534184826150423, 30.381786098136796 ], [ 74.534184826150423, 30.381875929334999 ], [ 74.534274657348632, 30.381875929334999 ], [ 74.534274657348632, 30.381965760533198 ], [ 74.534364488546828, 30.381965760533198 ], [ 74.534364488546828, 30.382055591731397 ], [ 74.534454319745024, 30.382055591731397 ], [ 74.534454319745024, 30.382145422929597 ], [ 74.534544150943233, 30.382145422929597 ], [ 74.534544150943233, 30.382235254127799 ], [ 74.534633982141429, 30.382235254127799 ], [ 74.534633982141429, 30.382325085325999 ], [ 74.534813644537834, 30.382325085325999 ], [ 74.534813644537834, 30.382414916524198 ], [ 74.534723813339625, 30.382414916524198 ], [ 74.534723813339625, 30.382504747722397 ], [ 74.534813644537834, 30.382504747722397 ], [ 74.534813644537834, 30.3825945789206 ], [ 74.53490347573603, 30.3825945789206 ], [ 74.53490347573603, 30.382684410118799 ], [ 74.534993306934226, 30.382684410118799 ], [ 74.534993306934226, 30.382774241316998 ], [ 74.535083138132421, 30.382774241316998 ], [ 74.535083138132421, 30.382864072515197 ], [ 74.535262800528827, 30.382864072515197 ] ], [ [ 74.533915332555821, 30.3795403181818 ], [ 74.533825501357626, 30.3795403181818 ], [ 74.533825501357626, 30.379450486983597 ], [ 74.534005163754031, 30.379450486983597 ], [ 74.534005163754031, 30.379630149379999 ], [ 74.533915332555821, 30.379630149379999 ], [ 74.533915332555821, 30.3795403181818 ] ] ] } },
{ "type": "Feature", "properties": { "source_field_id": "1652020", "source_area_m2": 124660.05, "confidence": null, "determination_datetime": "2024-01-01T05:30:00+05:30", "determination_method": "auto-imagery", "xmin": 74.547928999475033, "ymin": 30.392116685929796, "xmax": 74.553318871367026, "ymax": 30.396967570632597, "area_m2": 124566.08452403538, "area_ha": 12.456608452403538, "field_id": "FTW-IN-PB-1652020", "boundary_source": "FIELDS_OF_THE_WORLD_GLOBAL_PRUE_2024_2025", "boundary_type": "RESEARCH_FIELD_BOUNDARY", "research_boundary_disclaimer": "Model-derived remote-sensing field unit; not a cadastral or ownership boundary.", "source_provider": "Fields of The World / Source Cooperative", "source_dataset": "Global Fields of The World, Punjab partition", "source_url": "https://data.source.coop/ftw/global-data/predictions/vectors/alpha/results-by-admin-conf/admin:country_code=IN/IN_PB.parquet", "real_or_synthetic": "REAL", "centroid_lon": 74.550277433705745, "centroid_lat": 30.394711126073112, "data_status": "REAL_SATELLITE_OBSERVATIONS", "ground_truth_status": "NO_GROUND_TRUTH_WEAK_PROXY_LABELS_ONLY", "demo_rank": 41, "demo_category": "OTHER", "demo_score": 8.0, "cropland_fraction": 1.0 }, "geometry": { "type": "Polygon", "coordinates": [ [ [ 74.549905285835422, 30.396967570632597 ], [ 74.549905285835422, 30.395530271461396 ], [ 74.549815454637226, 30.395530271461396 ], [ 74.549815454637226, 30.395350609064998 ], [ 74.549905285835422, 30.395350609064998 ], [ 74.549905285835422, 30.394542128281199 ], [ 74.549815454637226, 30.394542128281199 ], [ 74.549815454637226, 30.394452297082999 ], [ 74.549905285835422, 30.394452297082999 ], [ 74.549905285835422, 30.394272634686597 ], [ 74.549815454637226, 30.394272634686597 ], [ 74.549815454637226, 30.394092972290199 ], [ 74.549995117033632, 30.394092972290199 ], [ 74.549995117033632, 30.395350609064998 ], [ 74.550084948231827, 30.395350609064998 ], [ 74.550084948231827, 30.395530271461396 ], [ 74.549995117033632, 30.395530271461396 ], [ 74.549995117033632, 30.396248921046997 ], [ 74.552779884177824, 30.396248921046997 ], [ 74.552779884177824, 30.3963387522452 ], [ 74.553318871367026, 30.3963387522452 ], [ 74.553318871367026, 30.395530271461396 ], [ 74.552869715376033, 30.395530271461396 ], [ 74.552869715376033, 30.395440440263197 ], [ 74.552151065790426, 30.395440440263197 ], [ 74.552151065790426, 30.395530271461396 ], [ 74.551162922610231, 30.395530271461396 ], [ 74.551162922610231, 30.395260777866799 ], [ 74.551252753808427, 30.395260777866799 ], [ 74.551252753808427, 30.394272634686597 ], [ 74.550713766619225, 30.394272634686597 ], [ 74.550713766619225, 30.394182803488398 ], [ 74.551252753808427, 30.394182803488398 ], [ 74.551252753808427, 30.392116685929796 ], [ 74.549366298646234, 30.392116685929796 ], [ 74.549366298646234, 30.392296348326198 ], [ 74.549276467448024, 30.392296348326198 ], [ 74.549276467448024, 30.392565841920799 ], [ 74.549366298646234, 30.392565841920799 ], [ 74.549366298646234, 30.392655673118998 ], [ 74.54945612984443, 30.392655673118998 ], [ 74.54945612984443, 30.392745504317197 ], [ 74.549366298646234, 30.392745504317197 ], [ 74.549366298646234, 30.395260777866799 ], [ 74.549276467448024, 30.395260777866799 ], [ 74.549276467448024, 30.395081115470397 ], [ 74.549186636249829, 30.395081115470397 ], [ 74.549186636249829, 30.394901453073999 ], [ 74.549276467448024, 30.394901453073999 ], [ 74.549276467448024, 30.394721790677597 ], [ 74.549186636249829, 30.394721790677597 ], [ 74.549186636249829, 30.394272634686597 ], [ 74.549006973853423, 30.394272634686597 ], [ 74.549006973853423, 30.394362465884797 ], [ 74.547928999475033, 30.394362465884797 ], [ 74.547928999475033, 30.394901453073999 ], [ 74.548378155466025, 30.394901453073999 ], [ 74.548378155466025, 30.394991284272198 ], [ 74.548018830673229, 30.394991284272198 ], [ 74.548018830673229, 30.395081115470397 ], [ 74.547928999475033, 30.395081115470397 ], [ 74.547928999475033, 30.395260777866799 ], [ 74.548018830673229, 30.395260777866799 ], [ 74.548018830673229, 30.395350609064998 ], [ 74.548647649060626, 30.395350609064998 ], [ 74.548647649060626, 30.394991284272198 ], [ 74.548827311457032, 30.394991284272198 ], [ 74.548827311457032, 30.395170946668596 ], [ 74.548737480258822, 30.395170946668596 ], [ 74.548737480258822, 30.395889596254197 ], [ 74.548647649060626, 30.395889596254197 ], [ 74.548647649060626, 30.396069258650598 ], [ 74.548737480258822, 30.396069258650598 ], [ 74.548737480258822, 30.396967570632597 ], [ 74.549905285835422, 30.396967570632597 ] ], [ [ 74.54945612984443, 30.395440440263197 ], [ 74.549545961042625, 30.395440440263197 ], [ 74.549545961042625, 30.395530271461396 ], [ 74.54945612984443, 30.395530271461396 ], [ 74.54945612984443, 30.395440440263197 ] ] ] } },
{ "type": "Feature", "properties": { "source_field_id": "1652204", "source_area_m2": 143307.53, "confidence": null, "determination_datetime": "2024-01-01T05:30:00+05:30", "determination_method": "auto-imagery", "xmin": 74.546401869105622, "ymin": 30.398135376209197, "xmax": 74.551342585006623, "ymax": 30.403525248101197, "area_m2": 143199.5372157165, "area_ha": 14.31995372157165, "field_id": "FTW-IN-PB-1652204", "boundary_source": "FIELDS_OF_THE_WORLD_GLOBAL_PRUE_2024_2025", "boundary_type": "RESEARCH_FIELD_BOUNDARY", "research_boundary_disclaimer": "Model-derived remote-sensing field unit; not a cadastral or ownership boundary.", "source_provider": "Fields of The World / Source Cooperative", "source_dataset": "Global Fields of The World, Punjab partition", "source_url": "https://data.source.coop/ftw/global-data/predictions/vectors/alpha/results-by-admin-conf/admin:country_code=IN/IN_PB.parquet", "real_or_synthetic": "REAL", "centroid_lon": 74.549015956867706, "centroid_lat": 30.400526724201434, "data_status": "REAL_SATELLITE_OBSERVATIONS", "ground_truth_status": "NO_GROUND_TRUTH_WEAK_PROXY_LABELS_ONLY", "demo_rank": 42, "demo_category": "OTHER", "demo_score": 8.0, "cropland_fraction": 1.0 }, "geometry": { "type": "Polygon", "coordinates": [ [ [ 74.549366298646234, 30.403525248101197 ], [ 74.549366298646234, 30.403435416902997 ], [ 74.549545961042625, 30.403435416902997 ], [ 74.549545961042625, 30.403525248101197 ], [ 74.549815454637226, 30.403525248101197 ], [ 74.549815454637226, 30.402896429713799 ], [ 74.54945612984443, 30.402896429713799 ], [ 74.54945612984443, 30.402806598515596 ], [ 74.549815454637226, 30.402806598515596 ], [ 74.549815454637226, 30.4009201433534 ], [ 74.549635792240835, 30.4009201433534 ], [ 74.549635792240835, 30.400830312155197 ], [ 74.549725623439031, 30.400830312155197 ], [ 74.549725623439031, 30.400740480956998 ], [ 74.549815454637226, 30.400740480956998 ], [ 74.549815454637226, 30.399842168974999 ], [ 74.549725623439031, 30.399842168974999 ], [ 74.549725623439031, 30.399752337776796 ], [ 74.549815454637226, 30.399752337776796 ], [ 74.549815454637226, 30.398943856992997 ], [ 74.549096805051633, 30.398943856992997 ], [ 74.549096805051633, 30.398854025794797 ], [ 74.549725623439031, 30.398854025794797 ], [ 74.549725623439031, 30.398404869803798 ], [ 74.549815454637226, 30.398404869803798 ], [ 74.549815454637226, 30.398674363398399 ], [ 74.549905285835422, 30.398674363398399 ], [ 74.549905285835422, 30.399752337776796 ], [ 74.549995117033632, 30.399752337776796 ], [ 74.549995117033632, 30.399842168974999 ], [ 74.549905285835422, 30.399842168974999 ], [ 74.549905285835422, 30.400560818560599 ], [ 74.549995117033632, 30.400560818560599 ], [ 74.549995117033632, 30.400740480956998 ], [ 74.550534104222834, 30.400740480956998 ], [ 74.550534104222834, 30.400201493767799 ], [ 74.550623935421029, 30.400201493767799 ], [ 74.550623935421029, 30.400560818560599 ], [ 74.550713766619225, 30.400560818560599 ], [ 74.550713766619225, 30.400740480956998 ], [ 74.551252753808427, 30.400740480956998 ], [ 74.551252753808427, 30.400201493767799 ], [ 74.551342585006623, 30.400201493767799 ], [ 74.551342585006623, 30.399752337776796 ], [ 74.551252753808427, 30.399752337776796 ], [ 74.551252753808427, 30.399662506578597 ], [ 74.551342585006623, 30.399662506578597 ], [ 74.551342585006623, 30.398225207407396 ], [ 74.549096805051633, 30.398225207407396 ], [ 74.549096805051633, 30.398135376209197 ], [ 74.548827311457032, 30.398135376209197 ], [ 74.548827311457032, 30.398225207407396 ], [ 74.548647649060626, 30.398225207407396 ], [ 74.548647649060626, 30.398315038605599 ], [ 74.548557817862431, 30.398315038605599 ], [ 74.548557817862431, 30.398404869803798 ], [ 74.548647649060626, 30.398404869803798 ], [ 74.548647649060626, 30.399932000173198 ], [ 74.548557817862431, 30.399932000173198 ], [ 74.548557817862431, 30.400470987362397 ], [ 74.548647649060626, 30.400470987362397 ], [ 74.548647649060626, 30.400560818560599 ], [ 74.549186636249829, 30.400560818560599 ], [ 74.549186636249829, 30.400650649758798 ], [ 74.549276467448024, 30.400650649758798 ], [ 74.549276467448024, 30.400740480956998 ], [ 74.54945612984443, 30.400740480956998 ], [ 74.54945612984443, 30.400830312155197 ], [ 74.549366298646234, 30.400830312155197 ], [ 74.549366298646234, 30.401009974551599 ], [ 74.549276467448024, 30.401009974551599 ], [ 74.549276467448024, 30.401189636947997 ], [ 74.549186636249829, 30.401189636947997 ], [ 74.549186636249829, 30.401099805749798 ], [ 74.549096805051633, 30.401099805749798 ], [ 74.549096805051633, 30.401009974551599 ], [ 74.548917142655228, 30.401009974551599 ], [ 74.548917142655228, 30.401099805749798 ], [ 74.548378155466025, 30.401099805749798 ], [ 74.548378155466025, 30.4009201433534 ], [ 74.54828832426783, 30.4009201433534 ], [ 74.54828832426783, 30.400830312155197 ], [ 74.548378155466025, 30.400830312155197 ], [ 74.548378155466025, 30.400560818560599 ], [ 74.548467986664235, 30.400560818560599 ], [ 74.548467986664235, 30.400381156164197 ], [ 74.548378155466025, 30.400381156164197 ], [ 74.548378155466025, 30.400021831371397 ], [ 74.548467986664235, 30.400021831371397 ], [ 74.548467986664235, 30.399842168974999 ], [ 74.548378155466025, 30.399842168974999 ], [ 74.548378155466025, 30.399752337776796 ], [ 74.548018830673229, 30.399752337776796 ], [ 74.548018830673229, 30.399842168974999 ], [ 74.547928999475033, 30.399842168974999 ], [ 74.547928999475033, 30.400381156164197 ], [ 74.547839168276823, 30.400381156164197 ], [ 74.547839168276823, 30.399842168974999 ], [ 74.547749337078628, 30.399842168974999 ], [ 74.547749337078628, 30.399752337776796 ], [ 74.547569674682222, 30.399752337776796 ], [ 74.547569674682222, 30.399842168974999 ], [ 74.54712051869123, 30.399842168974999 ], [ 74.54712051869123, 30.400381156164197 ], [ 74.547210349889426, 30.400381156164197 ], [ 74.547210349889426, 30.400740480956998 ], [ 74.54712051869123, 30.400740480956998 ], [ 74.54712051869123, 30.401009974551599 ], [ 74.547030687493034, 30.401009974551599 ], [ 74.547030687493034, 30.400470987362397 ], [ 74.546851025096629, 30.400470987362397 ], [ 74.546851025096629, 30.400381156164197 ], [ 74.546940856294825, 30.400381156164197 ], [ 74.546940856294825, 30.400291324965998 ], [ 74.547030687493034, 30.400291324965998 ], [ 74.547030687493034, 30.399842168974999 ], [ 74.546940856294825, 30.399842168974999 ], [ 74.546940856294825, 30.399752337776796 ], [ 74.547030687493034, 30.399752337776796 ], [ 74.547030687493034, 30.399482844182199 ], [ 74.54712051869123, 30.399482844182199 ], [ 74.54712051869123, 30.399393012984 ], [ 74.547030687493034, 30.399393012984 ], [ 74.547030687493034, 30.399303181785797 ], [ 74.546491700303832, 30.399303181785797 ], [ 74.546491700303832, 30.400560818560599 ], [ 74.546401869105622, 30.400560818560599 ], [ 74.546401869105622, 30.4009201433534 ], [ 74.546491700303832, 30.4009201433534 ], [ 74.546491700303832, 30.401009974551599 ], [ 74.546671362700224, 30.401009974551599 ], [ 74.546671362700224, 30.401099805749798 ], [ 74.546581531502028, 30.401099805749798 ], [ 74.546581531502028, 30.401189636947997 ], [ 74.546491700303832, 30.401189636947997 ], [ 74.546491700303832, 30.401369299344399 ], [ 74.546401869105622, 30.401369299344399 ], [ 74.546401869105622, 30.401998117731797 ], [ 74.546491700303832, 30.401998117731797 ], [ 74.546491700303832, 30.402087948929999 ], [ 74.546761193898433, 30.402087948929999 ], [ 74.546761193898433, 30.401998117731797 ], [ 74.547210349889426, 30.401998117731797 ], [ 74.547210349889426, 30.401908286533597 ], [ 74.547479843484027, 30.401908286533597 ], [ 74.547479843484027, 30.401818455335398 ], [ 74.547749337078628, 30.401818455335398 ], [ 74.547749337078628, 30.401728624137199 ], [ 74.548018830673229, 30.401728624137199 ], [ 74.548018830673229, 30.401638792938996 ], [ 74.54828832426783, 30.401638792938996 ], [ 74.54828832426783, 30.401369299344399 ], [ 74.548378155466025, 30.401369299344399 ], [ 74.548378155466025, 30.401189636947997 ], [ 74.548467986664235, 30.401189636947997 ], [ 74.548467986664235, 30.401279468146196 ], [ 74.548557817862431, 30.401279468146196 ], [ 74.548557817862431, 30.401548961740797 ], [ 74.548467986664235, 30.401548961740797 ], [ 74.548467986664235, 30.401638792938996 ], [ 74.548378155466025, 30.401638792938996 ], [ 74.548378155466025, 30.401728624137199 ], [ 74.54828832426783, 30.401728624137199 ], [ 74.54828832426783, 30.402537104920999 ], [ 74.548378155466025, 30.402537104920999 ], [ 74.548378155466025, 30.402716767317397 ], [ 74.54828832426783, 30.402716767317397 ], [ 74.54828832426783, 30.403345585704798 ], [ 74.548378155466025, 30.403345585704798 ], [ 74.548378155466025, 30.403435416902997 ], [ 74.548737480258822, 30.403435416902997 ], [ 74.548737480258822, 30.402716767317397 ], [ 74.548827311457032, 30.402716767317397 ], [ 74.548827311457032, 30.402806598515596 ], [ 74.548917142655228, 30.402806598515596 ], [ 74.548917142655228, 30.402986260911998 ], [ 74.548827311457032, 30.402986260911998 ], [ 74.548827311457032, 30.403435416902997 ], [ 74.548917142655228, 30.403435416902997 ], [ 74.548917142655228, 30.403525248101197 ], [ 74.549366298646234, 30.403525248101197 ] ], [ [ 74.548647649060626, 30.4024472737228 ], [ 74.548917142655228, 30.4024472737228 ], [ 74.548917142655228, 30.402537104920999 ], [ 74.548827311457032, 30.402537104920999 ], [ 74.548827311457032, 30.402626936119198 ], [ 74.548647649060626, 30.402626936119198 ], [ 74.548647649060626, 30.4024472737228 ] ], [ [ 74.549006973853423, 30.402357442524597 ], [ 74.549186636249829, 30.402357442524597 ], [ 74.549186636249829, 30.4024472737228 ], [ 74.549006973853423, 30.4024472737228 ], [ 74.549006973853423, 30.402357442524597 ] ], [ [ 74.546761193898433, 30.401548961740797 ], [ 74.546940856294825, 30.401548961740797 ], [ 74.546940856294825, 30.401638792938996 ], [ 74.546851025096629, 30.401638792938996 ], [ 74.546851025096629, 30.401728624137199 ], [ 74.546761193898433, 30.401728624137199 ], [ 74.546761193898433, 30.401548961740797 ] ], [ [ 74.547569674682222, 30.401459130542598 ], [ 74.547749337078628, 30.401459130542598 ], [ 74.547749337078628, 30.401009974551599 ], [ 74.547659505880432, 30.401009974551599 ], [ 74.547659505880432, 30.400740480956998 ], [ 74.547479843484027, 30.400740480956998 ], [ 74.547479843484027, 30.400650649758798 ], [ 74.547569674682222, 30.400650649758798 ], [ 74.547569674682222, 30.400560818560599 ], [ 74.547749337078628, 30.400560818560599 ], [ 74.547749337078628, 30.400470987362397 ], [ 74.547839168276823, 30.400470987362397 ], [ 74.547839168276823, 30.400560818560599 ], [ 74.547928999475033, 30.400560818560599 ], [ 74.547928999475033, 30.400650649758798 ], [ 74.548018830673229, 30.400650649758798 ], [ 74.548018830673229, 30.400740480956998 ], [ 74.547928999475033, 30.400740480956998 ], [ 74.547928999475033, 30.400830312155197 ], [ 74.547839168276823, 30.400830312155197 ], [ 74.547839168276823, 30.401369299344399 ], [ 74.547928999475033, 30.401369299344399 ], [ 74.547928999475033, 30.401548961740797 ], [ 74.547569674682222, 30.401548961740797 ], [ 74.547569674682222, 30.401459130542598 ] ], [ [ 74.549096805051633, 30.401369299344399 ], [ 74.549276467448024, 30.401369299344399 ], [ 74.549276467448024, 30.401459130542598 ], [ 74.549096805051633, 30.401459130542598 ], [ 74.549096805051633, 30.401369299344399 ] ], [ [ 74.550623935421029, 30.399842168974999 ], [ 74.550534104222834, 30.399842168974999 ], [ 74.550534104222834, 30.399752337776796 ], [ 74.550444273024624, 30.399752337776796 ], [ 74.550444273024624, 30.399662506578597 ], [ 74.550713766619225, 30.399662506578597 ], [ 74.550713766619225, 30.400111662569596 ], [ 74.550623935421029, 30.400111662569596 ], [ 74.550623935421029, 30.399842168974999 ] ] ] } },
{ "type": "Feature", "properties": { "source_field_id": "1652290", "source_area_m2": 114948.52, "confidence": null, "determination_datetime": "2024-01-01T05:30:00+05:30", "determination_method": "auto-imagery", "xmin": 74.553588364961627, "ymin": 30.390050568371198, "xmax": 74.558259587268026, "ymax": 30.394272634686597, "area_m2": 114861.72368767967, "area_ha": 11.486172368767967, "field_id": "FTW-IN-PB-1652290", "boundary_source": "FIELDS_OF_THE_WORLD_GLOBAL_PRUE_2024_2025", "boundary_type": "RESEARCH_FIELD_BOUNDARY", "research_boundary_disclaimer": "Model-derived remote-sensing field unit; not a cadastral or ownership boundary.", "source_provider": "Fields of The World / Source Cooperative", "source_dataset": "Global Fields of The World, Punjab partition", "source_url": "https://data.source.coop/ftw/global-data/predictions/vectors/alpha/results-by-admin-conf/admin:country_code=IN/IN_PB.parquet", "real_or_synthetic": "REAL", "centroid_lon": 74.556613084819801, "centroid_lat": 30.391699000647058, "data_status": "REAL_SATELLITE_OBSERVATIONS", "ground_truth_status": "NO_GROUND_TRUTH_WEAK_PROXY_LABELS_ONLY", "demo_rank": 43, "demo_category": "OTHER", "demo_score": 8.0, "cropland_fraction": 1.0 }, "geometry": { "type": "Polygon", "coordinates": [ [ [ 74.558259587268026, 30.394272634686597 ], [ 74.558259587268026, 30.393553985100997 ], [ 74.55816975606983, 30.393553985100997 ], [ 74.55816975606983, 30.393374322704599 ], [ 74.558259587268026, 30.393374322704599 ], [ 74.558259587268026, 30.3932844915064 ], [ 74.55816975606983, 30.3932844915064 ], [ 74.55816975606983, 30.393194660308197 ], [ 74.558259587268026, 30.393194660308197 ], [ 74.558259587268026, 30.391218373947797 ], [ 74.55816975606983, 30.391218373947797 ], [ 74.55816975606983, 30.391128542749598 ], [ 74.558259587268026, 30.391128542749598 ], [ 74.558259587268026, 30.390409893163998 ], [ 74.55816975606983, 30.390409893163998 ], [ 74.55816975606983, 30.390320061965799 ], [ 74.558259587268026, 30.390320061965799 ], [ 74.558259587268026, 30.390140399569397 ], [ 74.55816975606983, 30.390140399569397 ], [ 74.55816975606983, 30.390050568371198 ], [ 74.557540937682433, 30.390050568371198 ], [ 74.557540937682433, 30.390140399569397 ], [ 74.557091781691426, 30.390140399569397 ], [ 74.557091781691426, 30.390050568371198 ], [ 74.556373132105833, 30.390050568371198 ], [ 74.556373132105833, 30.390140399569397 ], [ 74.556283300907623, 30.390140399569397 ], [ 74.556283300907623, 30.391128542749598 ], [ 74.556373132105833, 30.391128542749598 ], [ 74.556373132105833, 30.391487867542399 ], [ 74.556642625700434, 30.391487867542399 ], [ 74.556642625700434, 30.391577698740598 ], [ 74.556283300907623, 30.391577698740598 ], [ 74.556283300907623, 30.391757361137 ], [ 74.556193469709427, 30.391757361137 ], [ 74.556193469709427, 30.391218373947797 ], [ 74.556103638511232, 30.391218373947797 ], [ 74.556103638511232, 30.391038711551399 ], [ 74.556193469709427, 30.391038711551399 ], [ 74.556193469709427, 30.390050568371198 ], [ 74.55439684574543, 30.390050568371198 ], [ 74.55439684574543, 30.390140399569397 ], [ 74.553947689754423, 30.390140399569397 ], [ 74.553947689754423, 30.390050568371198 ], [ 74.553588364961627, 30.390050568371198 ], [ 74.553588364961627, 30.390320061965799 ], [ 74.553678196159822, 30.390320061965799 ], [ 74.553678196159822, 30.390409893163998 ], [ 74.553588364961627, 30.390409893163998 ], [ 74.553588364961627, 30.390948880353196 ], [ 74.554307014547234, 30.390948880353196 ], [ 74.554307014547234, 30.391038711551399 ], [ 74.554756170538226, 30.391038711551399 ], [ 74.554756170538226, 30.390679386758599 ], [ 74.554666339340031, 30.390679386758599 ], [ 74.554666339340031, 30.390589555560396 ], [ 74.554127352150829, 30.390589555560396 ], [ 74.554127352150829, 30.390499724362197 ], [ 74.554846001736422, 30.390499724362197 ], [ 74.554846001736422, 30.391038711551399 ], [ 74.555025664132828, 30.391038711551399 ], [ 74.555025664132828, 30.391128542749598 ], [ 74.555654482520225, 30.391128542749598 ], [ 74.555654482520225, 30.391218373947797 ], [ 74.55556465132203, 30.391218373947797 ], [ 74.55556465132203, 30.392655673118998 ], [ 74.555744313718435, 30.392655673118998 ], [ 74.555744313718435, 30.392745504317197 ], [ 74.555834144916631, 30.392745504317197 ], [ 74.555834144916631, 30.392655673118998 ], [ 74.556013807313022, 30.392655673118998 ], [ 74.556013807313022, 30.392745504317197 ], [ 74.556822288096825, 30.392745504317197 ], [ 74.556822288096825, 30.392655673118998 ], [ 74.556912119295035, 30.392655673118998 ], [ 74.556912119295035, 30.391847192335199 ], [ 74.55700195049323, 30.391847192335199 ], [ 74.55700195049323, 30.392655673118998 ], [ 74.557540937682433, 30.392655673118998 ], [ 74.557540937682433, 30.392745504317197 ], [ 74.557181612889622, 30.392745504317197 ], [ 74.557181612889622, 30.392835335515397 ], [ 74.556103638511232, 30.392835335515397 ], [ 74.556103638511232, 30.392925166713599 ], [ 74.556013807313022, 30.392925166713599 ], [ 74.556013807313022, 30.392835335515397 ], [ 74.55556465132203, 30.392835335515397 ], [ 74.55556465132203, 30.393374322704599 ], [ 74.555654482520225, 30.393374322704599 ], [ 74.555654482520225, 30.393464153902798 ], [ 74.556013807313022, 30.393464153902798 ], [ 74.556013807313022, 30.393014997911799 ], [ 74.556103638511232, 30.393014997911799 ], [ 74.556103638511232, 30.393374322704599 ], [ 74.556193469709427, 30.393374322704599 ], [ 74.556193469709427, 30.393464153902798 ], [ 74.557091781691426, 30.393464153902798 ], [ 74.557091781691426, 30.393374322704599 ], [ 74.557181612889622, 30.393374322704599 ], [ 74.557181612889622, 30.3932844915064 ], [ 74.557271444087831, 30.3932844915064 ], [ 74.557271444087831, 30.393374322704599 ], [ 74.557361275286027, 30.393374322704599 ], [ 74.557361275286027, 30.393464153902798 ], [ 74.557900262475229, 30.393464153902798 ], [ 74.557900262475229, 30.393553985100997 ], [ 74.557271444087831, 30.393553985100997 ], [ 74.557271444087831, 30.394272634686597 ], [ 74.558259587268026, 30.394272634686597 ] ], [ [ 74.557181612889622, 30.391667529938797 ], [ 74.557091781691426, 30.391667529938797 ], [ 74.557091781691426, 30.391757361137 ], [ 74.556912119295035, 30.391757361137 ], [ 74.556912119295035, 30.391667529938797 ], [ 74.556822288096825, 30.391667529938797 ], [ 74.556822288096825, 30.391577698740598 ], [ 74.557091781691426, 30.391577698740598 ], [ 74.557091781691426, 30.391487867542399 ], [ 74.557181612889622, 30.391487867542399 ], [ 74.557181612889622, 30.391667529938797 ] ], [ [ 74.557181612889622, 30.3902302307676 ], [ 74.557271444087831, 30.3902302307676 ], [ 74.557271444087831, 30.390409893163998 ], [ 74.557361275286027, 30.390409893163998 ], [ 74.557361275286027, 30.390499724362197 ], [ 74.557271444087831, 30.390499724362197 ], [ 74.557271444087831, 30.391487867542399 ], [ 74.557181612889622, 30.391487867542399 ], [ 74.557181612889622, 30.3902302307676 ] ] ] } },
{ "type": "Feature", "properties": { "source_field_id": "1653558", "source_area_m2": 117797.23, "confidence": null, "determination_datetime": "2024-01-01T05:30:00+05:30", "determination_method": "auto-imagery", "xmin": 74.610721007016835, "ymin": 30.379719980578198, "xmax": 74.614853242134032, "ymax": 30.384391202884597, "area_m2": 117707.0415073585, "area_ha": 11.770704150735851, "field_id": "FTW-IN-PB-1653558", "boundary_source": "FIELDS_OF_THE_WORLD_GLOBAL_PRUE_2024_2025", "boundary_type": "RESEARCH_FIELD_BOUNDARY", "research_boundary_disclaimer": "Model-derived remote-sensing field unit; not a cadastral or ownership boundary.", "source_provider": "Fields of The World / Source Cooperative", "source_dataset": "Global Fields of The World, Punjab partition", "source_url": "https://data.source.coop/ftw/global-data/predictions/vectors/alpha/results-by-admin-conf/admin:country_code=IN/IN_PB.parquet", "real_or_synthetic": "REAL", "centroid_lon": 74.612335937745314, "centroid_lat": 30.381977948644597, "data_status": "REAL_SATELLITE_OBSERVATIONS", "ground_truth_status": "NO_GROUND_TRUTH_WEAK_PROXY_LABELS_ONLY", "demo_rank": 44, "demo_category": "OTHER", "demo_score": 8.0, "cropland_fraction": 1.0 }, "geometry": { "type": "Polygon", "coordinates": [ [ [ 74.611888812593435, 30.384391202884597 ], [ 74.611888812593435, 30.384301371686398 ], [ 74.61197864379163, 30.384301371686398 ], [ 74.61197864379163, 30.383942046893598 ], [ 74.611888812593435, 30.383942046893598 ], [ 74.611888812593435, 30.383852215695399 ], [ 74.61197864379163, 30.383852215695399 ], [ 74.61197864379163, 30.383492890902598 ], [ 74.611888812593435, 30.383492890902598 ], [ 74.611888812593435, 30.383223397307997 ], [ 74.61197864379163, 30.383223397307997 ], [ 74.61197864379163, 30.383043734911599 ], [ 74.612068474989826, 30.383043734911599 ], [ 74.612068474989826, 30.383133566109798 ], [ 74.612337968584427, 30.383133566109798 ], [ 74.612337968584427, 30.383223397307997 ], [ 74.612517630980832, 30.383223397307997 ], [ 74.612517630980832, 30.383133566109798 ], [ 74.612697293377224, 30.383133566109798 ], [ 74.612697293377224, 30.383043734911599 ], [ 74.612876955773629, 30.383043734911599 ], [ 74.612876955773629, 30.383133566109798 ], [ 74.613326111764621, 30.383133566109798 ], [ 74.613326111764621, 30.383043734911599 ], [ 74.613505774161027, 30.383043734911599 ], [ 74.613505774161027, 30.383133566109798 ], [ 74.614763410935822, 30.383133566109798 ], [ 74.614763410935822, 30.382774241316998 ], [ 74.614853242134032, 30.382774241316998 ], [ 74.614853242134032, 30.382684410118799 ], [ 74.614763410935822, 30.382684410118799 ], [ 74.614763410935822, 30.382414916524198 ], [ 74.614853242134032, 30.382414916524198 ], [ 74.614853242134032, 30.382235254127799 ], [ 74.614404086143026, 30.382235254127799 ], [ 74.614404086143026, 30.382145422929597 ], [ 74.614044761350229, 30.382145422929597 ], [ 74.614044761350229, 30.382235254127799 ], [ 74.613954930152033, 30.382235254127799 ], [ 74.613954930152033, 30.382145422929597 ], [ 74.613865098953823, 30.382145422929597 ], [ 74.613865098953823, 30.382055591731397 ], [ 74.613954930152033, 30.382055591731397 ], [ 74.613954930152033, 30.381696266938597 ], [ 74.613865098953823, 30.381696266938597 ], [ 74.613865098953823, 30.381516604542199 ], [ 74.613954930152033, 30.381516604542199 ], [ 74.613954930152033, 30.380258967767396 ], [ 74.613775267755628, 30.380258967767396 ], [ 74.613775267755628, 30.380169136569197 ], [ 74.613326111764621, 30.380169136569197 ], [ 74.613326111764621, 30.380079305370998 ], [ 74.612966786971825, 30.380079305370998 ], [ 74.612966786971825, 30.380169136569197 ], [ 74.612876955773629, 30.380169136569197 ], [ 74.612876955773629, 30.380528461361997 ], [ 74.612966786971825, 30.380528461361997 ], [ 74.612966786971825, 30.380618292560197 ], [ 74.612876955773629, 30.380618292560197 ], [ 74.612876955773629, 30.380977617352997 ], [ 74.612966786971825, 30.380977617352997 ], [ 74.612966786971825, 30.3810674485512 ], [ 74.612876955773629, 30.3810674485512 ], [ 74.612876955773629, 30.381516604542199 ], [ 74.612966786971825, 30.381516604542199 ], [ 74.612966786971825, 30.381426773343996 ], [ 74.61314644936823, 30.381426773343996 ], [ 74.61314644936823, 30.381516604542199 ], [ 74.613236280566426, 30.381516604542199 ], [ 74.613236280566426, 30.381606435740398 ], [ 74.613326111764621, 30.381606435740398 ], [ 74.613326111764621, 30.381786098136796 ], [ 74.613236280566426, 30.381786098136796 ], [ 74.613236280566426, 30.382055591731397 ], [ 74.613326111764621, 30.382055591731397 ], [ 74.613326111764621, 30.382414916524198 ], [ 74.613236280566426, 30.382414916524198 ], [ 74.613236280566426, 30.382325085325999 ], [ 74.61314644936823, 30.382325085325999 ], [ 74.61314644936823, 30.381786098136796 ], [ 74.612697293377224, 30.381786098136796 ], [ 74.612697293377224, 30.381426773343996 ], [ 74.612787124575433, 30.381426773343996 ], [ 74.612787124575433, 30.380708123758399 ], [ 74.612697293377224, 30.380708123758399 ], [ 74.612697293377224, 30.380618292560197 ], [ 74.612607462179028, 30.380618292560197 ], [ 74.612607462179028, 30.380438630163798 ], [ 74.612787124575433, 30.380438630163798 ], [ 74.612787124575433, 30.380258967767396 ], [ 74.612607462179028, 30.380258967767396 ], [ 74.612607462179028, 30.380169136569197 ], [ 74.612517630980832, 30.380169136569197 ], [ 74.612517630980832, 30.379989474172799 ], [ 74.612158306188022, 30.379989474172799 ], [ 74.612158306188022, 30.379899642974596 ], [ 74.612068474989826, 30.379899642974596 ], [ 74.612068474989826, 30.380079305370998 ], [ 74.61197864379163, 30.380079305370998 ], [ 74.61197864379163, 30.380438630163798 ], [ 74.612427799782623, 30.380438630163798 ], [ 74.612427799782623, 30.380618292560197 ], [ 74.612248137386231, 30.380618292560197 ], [ 74.612248137386231, 30.380528461361997 ], [ 74.61197864379163, 30.380528461361997 ], [ 74.61197864379163, 30.380618292560197 ], [ 74.611888812593435, 30.380618292560197 ], [ 74.611888812593435, 30.380528461361997 ], [ 74.611170163007827, 30.380528461361997 ], [ 74.611170163007827, 30.380618292560197 ], [ 74.611080331809632, 30.380618292560197 ], [ 74.611080331809632, 30.380528461361997 ], [ 74.610990500611422, 30.380528461361997 ], [ 74.610990500611422, 30.380438630163798 ], [ 74.611349825404233, 30.380438630163798 ], [ 74.611349825404233, 30.380348798965599 ], [ 74.611439656602428, 30.380348798965599 ], [ 74.611439656602428, 30.380438630163798 ], [ 74.611798981395225, 30.380438630163798 ], [ 74.611798981395225, 30.380348798965599 ], [ 74.611888812593435, 30.380348798965599 ], [ 74.611888812593435, 30.379899642974596 ], [ 74.611619318998834, 30.379899642974596 ], [ 74.611619318998834, 30.379809811776397 ], [ 74.610990500611422, 30.379809811776397 ], [ 74.610990500611422, 30.379719980578198 ], [ 74.610810838215031, 30.379719980578198 ], [ 74.610810838215031, 30.3810674485512 ], [ 74.611080331809632, 30.3810674485512 ], [ 74.611080331809632, 30.381157279749399 ], [ 74.610900669413226, 30.381157279749399 ], [ 74.610900669413226, 30.381247110947598 ], [ 74.610810838215031, 30.381247110947598 ], [ 74.610810838215031, 30.382414916524198 ], [ 74.610721007016835, 30.382414916524198 ], [ 74.610721007016835, 30.382504747722397 ], [ 74.610810838215031, 30.382504747722397 ], [ 74.610810838215031, 30.382774241316998 ], [ 74.610721007016835, 30.382774241316998 ], [ 74.610721007016835, 30.382864072515197 ], [ 74.610810838215031, 30.382864072515197 ], [ 74.610810838215031, 30.383133566109798 ], [ 74.610900669413226, 30.383133566109798 ], [ 74.610900669413226, 30.383223397307997 ], [ 74.610810838215031, 30.383223397307997 ], [ 74.610810838215031, 30.383403059704399 ], [ 74.610900669413226, 30.383403059704399 ], [ 74.610900669413226, 30.383492890902598 ], [ 74.610721007016835, 30.383492890902598 ], [ 74.610721007016835, 30.384391202884597 ], [ 74.611888812593435, 30.384391202884597 ] ], [ [ 74.612787124575433, 30.382235254127799 ], [ 74.612876955773629, 30.382235254127799 ], [ 74.612876955773629, 30.382414916524198 ], [ 74.612787124575433, 30.382414916524198 ], [ 74.612787124575433, 30.382235254127799 ] ], [ [ 74.61197864379163, 30.381875929334999 ], [ 74.611888812593435, 30.381875929334999 ], [ 74.611888812593435, 30.381696266938597 ], [ 74.611798981395225, 30.381696266938597 ], [ 74.611798981395225, 30.381336942145797 ], [ 74.611709150197029, 30.381336942145797 ], [ 74.611709150197029, 30.381247110947598 ], [ 74.611798981395225, 30.381247110947598 ], [ 74.611798981395225, 30.380887786154798 ], [ 74.611888812593435, 30.380887786154798 ], [ 74.611888812593435, 30.381426773343996 ], [ 74.61197864379163, 30.381426773343996 ], [ 74.61197864379163, 30.381516604542199 ], [ 74.612248137386231, 30.381516604542199 ], [ 74.612248137386231, 30.381426773343996 ], [ 74.612337968584427, 30.381426773343996 ], [ 74.612337968584427, 30.381516604542199 ], [ 74.612517630980832, 30.381516604542199 ], [ 74.612517630980832, 30.381606435740398 ], [ 74.612068474989826, 30.381606435740398 ], [ 74.612068474989826, 30.382145422929597 ], [ 74.61197864379163, 30.382145422929597 ], [ 74.61197864379163, 30.381875929334999 ] ], [ [ 74.611080331809632, 30.380797954956599 ], [ 74.611170163007827, 30.380797954956599 ], [ 74.611170163007827, 30.380977617352997 ], [ 74.611080331809632, 30.380977617352997 ], [ 74.611080331809632, 30.380797954956599 ] ], [ [ 74.61314644936823, 30.380618292560197 ], [ 74.613056618170035, 30.380618292560197 ], [ 74.613056618170035, 30.380528461361997 ], [ 74.61314644936823, 30.380528461361997 ], [ 74.61314644936823, 30.380438630163798 ], [ 74.613236280566426, 30.380438630163798 ], [ 74.613236280566426, 30.380528461361997 ], [ 74.613326111764621, 30.380528461361997 ], [ 74.613326111764621, 30.380708123758399 ], [ 74.61314644936823, 30.380708123758399 ], [ 74.61314644936823, 30.380618292560197 ] ] ] } },
{ "type": "Feature", "properties": { "source_field_id": "1655390", "source_area_m2": 121707.92, "confidence": null, "determination_datetime": "2024-01-01T05:30:00+05:30", "determination_method": "auto-imagery", "xmin": 74.635334755323626, "ymin": 30.346033281253199, "xmax": 74.639107665648027, "ymax": 30.349806191577599, "area_m2": 121614.22560842599, "area_ha": 12.161422560842599, "field_id": "FTW-IN-PB-1655390", "boundary_source": "FIELDS_OF_THE_WORLD_GLOBAL_PRUE_2024_2025", "boundary_type": "RESEARCH_FIELD_BOUNDARY", "research_boundary_disclaimer": "Model-derived remote-sensing field unit; not a cadastral or ownership boundary.", "source_provider": "Fields of The World / Source Cooperative", "source_dataset": "Global Fields of The World, Punjab partition", "source_url": "https://data.source.coop/ftw/global-data/predictions/vectors/alpha/results-by-admin-conf/admin:country_code=IN/IN_PB.parquet", "real_or_synthetic": "REAL", "centroid_lon": 74.6372307028888, "centroid_lat": 30.347972646258111, "data_status": "REAL_SATELLITE_OBSERVATIONS", "ground_truth_status": "NO_GROUND_TRUTH_WEAK_PROXY_LABELS_ONLY", "demo_rank": 45, "demo_category": "OTHER", "demo_score": 8.0, "cropland_fraction": 1.0 }, "geometry": { "type": "Polygon", "coordinates": [ [ [ 74.636233067305625, 30.349806191577599 ], [ 74.636233067305625, 30.349716360379396 ], [ 74.63641272970203, 30.349716360379396 ], [ 74.63641272970203, 30.348997710793796 ], [ 74.636502560900226, 30.348997710793796 ], [ 74.636502560900226, 30.349626529181197 ], [ 74.636592392098436, 30.349626529181197 ], [ 74.636592392098436, 30.349716360379396 ], [ 74.637131379287624, 30.349716360379396 ], [ 74.637131379287624, 30.349626529181197 ], [ 74.637670366476826, 30.349626529181197 ], [ 74.637670366476826, 30.349536697982998 ], [ 74.637850028873231, 30.349536697982998 ], [ 74.637850028873231, 30.349626529181197 ], [ 74.638299184864223, 30.349626529181197 ], [ 74.638299184864223, 30.349536697982998 ], [ 74.639107665648027, 30.349536697982998 ], [ 74.639107665648027, 30.349087541991999 ], [ 74.638838172053426, 30.349087541991999 ], [ 74.638838172053426, 30.348997710793796 ], [ 74.639017834449831, 30.348997710793796 ], [ 74.639017834449831, 30.348907879595597 ], [ 74.639107665648027, 30.348907879595597 ], [ 74.639107665648027, 30.346123112451398 ], [ 74.638478847260629, 30.346123112451398 ], [ 74.638478847260629, 30.346033281253199 ], [ 74.638299184864223, 30.346033281253199 ], [ 74.638299184864223, 30.346123112451398 ], [ 74.638209353666028, 30.346123112451398 ], [ 74.638209353666028, 30.346392606045999 ], [ 74.63758053527863, 30.346392606045999 ], [ 74.63758053527863, 30.346302774847796 ], [ 74.637490704080435, 30.346302774847796 ], [ 74.637490704080435, 30.346392606045999 ], [ 74.637400872882225, 30.346392606045999 ], [ 74.637400872882225, 30.346482437244198 ], [ 74.637311041684029, 30.346482437244198 ], [ 74.637311041684029, 30.346572268442397 ], [ 74.637400872882225, 30.346572268442397 ], [ 74.637400872882225, 30.347111255631599 ], [ 74.637490704080435, 30.347111255631599 ], [ 74.637490704080435, 30.347201086829799 ], [ 74.637400872882225, 30.347201086829799 ], [ 74.637400872882225, 30.347560411622599 ], [ 74.637490704080435, 30.347560411622599 ], [ 74.637490704080435, 30.348728217199199 ], [ 74.638029691269637, 30.348728217199199 ], [ 74.638029691269637, 30.347021424433397 ], [ 74.638119522467832, 30.347021424433397 ], [ 74.638119522467832, 30.346482437244198 ], [ 74.638209353666028, 30.346482437244198 ], [ 74.638209353666028, 30.348189230009996 ], [ 74.638119522467832, 30.348189230009996 ], [ 74.638119522467832, 30.348818048397398 ], [ 74.637850028873231, 30.348818048397398 ], [ 74.637850028873231, 30.348907879595597 ], [ 74.637760197675036, 30.348907879595597 ], [ 74.637760197675036, 30.348818048397398 ], [ 74.637221210485833, 30.348818048397398 ], [ 74.637221210485833, 30.348728217199199 ], [ 74.63641272970203, 30.348728217199199 ], [ 74.63641272970203, 30.348638386000999 ], [ 74.637400872882225, 30.348638386000999 ], [ 74.637400872882225, 30.348099398811797 ], [ 74.636682223296631, 30.348099398811797 ], [ 74.636682223296631, 30.348009567613598 ], [ 74.637311041684029, 30.348009567613598 ], [ 74.637311041684029, 30.347919736415399 ], [ 74.637400872882225, 30.347919736415399 ], [ 74.637400872882225, 30.347650242820798 ], [ 74.637311041684029, 30.347650242820798 ], [ 74.637311041684029, 30.347290918027998 ], [ 74.637221210485833, 30.347290918027998 ], [ 74.637221210485833, 30.347111255631599 ], [ 74.637311041684029, 30.347111255631599 ], [ 74.637311041684029, 30.346751930838799 ], [ 74.637221210485833, 30.346751930838799 ], [ 74.637221210485833, 30.346662099640596 ], [ 74.637041548089428, 30.346662099640596 ], [ 74.637041548089428, 30.346751930838799 ], [ 74.636861885693037, 30.346751930838799 ], [ 74.636861885693037, 30.346212943649597 ], [ 74.635424586521836, 30.346212943649597 ], [ 74.635424586521836, 30.346572268442397 ], [ 74.635514417720032, 30.346572268442397 ], [ 74.635514417720032, 30.346931593235198 ], [ 74.635424586521836, 30.346931593235198 ], [ 74.635424586521836, 30.347201086829799 ], [ 74.635514417720032, 30.347201086829799 ], [ 74.635514417720032, 30.347290918027998 ], [ 74.635424586521836, 30.347290918027998 ], [ 74.635424586521836, 30.347919736415399 ], [ 74.636233067305625, 30.347919736415399 ], [ 74.636233067305625, 30.348009567613598 ], [ 74.635514417720032, 30.348009567613598 ], [ 74.635514417720032, 30.348099398811797 ], [ 74.635424586521836, 30.348099398811797 ], [ 74.635424586521836, 30.349626529181197 ], [ 74.635334755323626, 30.349626529181197 ], [ 74.635334755323626, 30.349806191577599 ], [ 74.636233067305625, 30.349806191577599 ] ], [ [ 74.638568678458824, 30.348997710793796 ], [ 74.638658509657034, 30.348997710793796 ], [ 74.638658509657034, 30.349087541991999 ], [ 74.638568678458824, 30.349087541991999 ], [ 74.638568678458824, 30.348997710793796 ] ] ] } },
{ "type": "Feature", "properties": { "source_field_id": "1656629", "source_area_m2": 139792.41, "confidence": null, "determination_datetime": "2024-01-01T05:30:00+05:30", "determination_method": "auto-imagery", "xmin": 74.673872339351433, "ymin": 30.330312821568199, "xmax": 74.677914743270435, "ymax": 30.334534887883599, "area_m2": 139683.94532883147, "area_ha": 13.968394532883147, "field_id": "FTW-IN-PB-1656629", "boundary_source": "FIELDS_OF_THE_WORLD_GLOBAL_PRUE_2024_2025", "boundary_type": "RESEARCH_FIELD_BOUNDARY", "research_boundary_disclaimer": "Model-derived remote-sensing field unit; not a cadastral or ownership boundary.", "source_provider": "Fields of The World / Source Cooperative", "source_dataset": "Global Fields of The World, Punjab partition", "source_url": "https://data.source.coop/ftw/global-data/predictions/vectors/alpha/results-by-admin-conf/admin:country_code=IN/IN_PB.parquet", "real_or_synthetic": "REAL", "centroid_lon": 74.675668828725122, "centroid_lat": 30.332385924370733, "data_status": "REAL_SATELLITE_OBSERVATIONS", "ground_truth_status": "NO_GROUND_TRUTH_WEAK_PROXY_LABELS_ONLY", "demo_rank": 46, "demo_category": "OTHER", "demo_score": 8.0, "cropland_fraction": 1.0 }, "geometry": { "type": "Polygon", "coordinates": [ [ [ 74.675579132117235, 30.334534887883599 ], [ 74.675579132117235, 30.334445056685396 ], [ 74.675758794513627, 30.334445056685396 ], [ 74.675758794513627, 30.334265394288998 ], [ 74.675668963315431, 30.334265394288998 ], [ 74.675668963315431, 30.334175563090799 ], [ 74.675848625711836, 30.334175563090799 ], [ 74.675848625711836, 30.334445056685396 ], [ 74.677016431288436, 30.334445056685396 ], [ 74.677016431288436, 30.333546744703398 ], [ 74.676926600090226, 30.333546744703398 ], [ 74.676926600090226, 30.333456913505199 ], [ 74.676746937693835, 30.333456913505199 ], [ 74.676746937693835, 30.333546744703398 ], [ 74.676657106495625, 30.333546744703398 ], [ 74.676657106495625, 30.333816238297999 ], [ 74.67656727529743, 30.333816238297999 ], [ 74.67656727529743, 30.332648432721399 ], [ 74.675309638522634, 30.332648432721399 ], [ 74.675309638522634, 30.332738263919598 ], [ 74.675219807324424, 30.332738263919598 ], [ 74.675219807324424, 30.332109445532197 ], [ 74.674770651333432, 30.332109445532197 ], [ 74.674770651333432, 30.3321992767304 ], [ 74.674590988937027, 30.3321992767304 ], [ 74.674590988937027, 30.331929783135799 ], [ 74.674680820135237, 30.331929783135799 ], [ 74.674680820135237, 30.332019614333998 ], [ 74.675129976126229, 30.332019614333998 ], [ 74.675129976126229, 30.331929783135799 ], [ 74.675219807324424, 30.331929783135799 ], [ 74.675219807324424, 30.330582315162797 ], [ 74.675309638522634, 30.330582315162797 ], [ 74.675309638522634, 30.331929783135799 ], [ 74.67539946972083, 30.331929783135799 ], [ 74.67539946972083, 30.332019614333998 ], [ 74.675309638522634, 30.332019614333998 ], [ 74.675309638522634, 30.332558601523196 ], [ 74.675938456910032, 30.332558601523196 ], [ 74.675938456910032, 30.332378939126798 ], [ 74.676028288108228, 30.332378939126798 ], [ 74.676028288108228, 30.332558601523196 ], [ 74.676657106495625, 30.332558601523196 ], [ 74.676657106495625, 30.332828095117797 ], [ 74.677914743270435, 30.332828095117797 ], [ 74.677914743270435, 30.332019614333998 ], [ 74.677824912072225, 30.332019614333998 ], [ 74.677824912072225, 30.331839951937599 ], [ 74.677106262486632, 30.331839951937599 ], [ 74.677106262486632, 30.331929783135799 ], [ 74.675938456910032, 30.331929783135799 ], [ 74.675938456910032, 30.332019614333998 ], [ 74.675848625711836, 30.332019614333998 ], [ 74.675848625711836, 30.331929783135799 ], [ 74.675758794513627, 30.331929783135799 ], [ 74.675758794513627, 30.331839951937599 ], [ 74.675848625711836, 30.331839951937599 ], [ 74.675848625711836, 30.331750120739397 ], [ 74.675938456910032, 30.331750120739397 ], [ 74.675938456910032, 30.331839951937599 ], [ 74.676477444099234, 30.331839951937599 ], [ 74.676477444099234, 30.331750120739397 ], [ 74.676746937693835, 30.331750120739397 ], [ 74.676746937693835, 30.331839951937599 ], [ 74.676926600090226, 30.331839951937599 ], [ 74.676926600090226, 30.331750120739397 ], [ 74.677914743270435, 30.331750120739397 ], [ 74.677914743270435, 30.330761977559199 ], [ 74.677465587279428, 30.330761977559199 ], [ 74.677465587279428, 30.330672146360996 ], [ 74.676746937693835, 30.330672146360996 ], [ 74.676746937693835, 30.330582315162797 ], [ 74.676028288108228, 30.330582315162797 ], [ 74.676028288108228, 30.330492483964598 ], [ 74.675219807324424, 30.330492483964598 ], [ 74.675219807324424, 30.330402652766399 ], [ 74.674590988937027, 30.330402652766399 ], [ 74.674590988937027, 30.331300964748397 ], [ 74.674411326540636, 30.331300964748397 ], [ 74.674411326540636, 30.331211133550198 ], [ 74.674501157738831, 30.331211133550198 ], [ 74.674501157738831, 30.330402652766399 ], [ 74.674411326540636, 30.330402652766399 ], [ 74.674411326540636, 30.330312821568199 ], [ 74.673962170549629, 30.330312821568199 ], [ 74.673962170549629, 30.331390795946596 ], [ 74.673872339351433, 30.331390795946596 ], [ 74.673872339351433, 30.331750120739397 ], [ 74.673962170549629, 30.331750120739397 ], [ 74.673962170549629, 30.331929783135799 ], [ 74.673872339351433, 30.331929783135799 ], [ 74.673872339351433, 30.334445056685396 ], [ 74.674770651333432, 30.334445056685396 ], [ 74.674770651333432, 30.334355225487197 ], [ 74.674860482531628, 30.334355225487197 ], [ 74.674860482531628, 30.334445056685396 ], [ 74.675309638522634, 30.334445056685396 ], [ 74.675309638522634, 30.334534887883599 ], [ 74.675579132117235, 30.334534887883599 ] ], [ [ 74.67656727529743, 30.333906069496198 ], [ 74.676657106495625, 30.333906069496198 ], [ 74.676657106495625, 30.333995900694397 ], [ 74.67656727529743, 30.333995900694397 ], [ 74.67656727529743, 30.333906069496198 ] ] ] } },
{ "type": "Feature", "properties": { "source_field_id": "1657150", "source_area_m2": 143846.67, "confidence": null, "determination_datetime": "2024-01-01T05:30:00+05:30", "determination_method": "auto-imagery", "xmin": 74.699564062036629, "ymin": 30.322946663315797, "xmax": 74.710074312226027, "ymax": 30.326450080045596, "area_m2": 143734.46889100035, "area_ha": 14.373446889100034, "field_id": "FTW-IN-PB-1657150", "boundary_source": "FIELDS_OF_THE_WORLD_GLOBAL_PRUE_2024_2025", "boundary_type": "RESEARCH_FIELD_BOUNDARY", "research_boundary_disclaimer": "Model-derived remote-sensing field unit; not a cadastral or ownership boundary.", "source_provider": "Fields of The World / Source Cooperative", "source_dataset": "Global Fields of The World, Punjab partition", "source_url": "https://data.source.coop/ftw/global-data/predictions/vectors/alpha/results-by-admin-conf/admin:country_code=IN/IN_PB.parquet", "real_or_synthetic": "REAL", "centroid_lon": 74.704762267420634, "centroid_lat": 30.32484872290896, "data_status": "REAL_SATELLITE_OBSERVATIONS", "ground_truth_status": "NO_GROUND_TRUTH_WEAK_PROXY_LABELS_ONLY", "demo_rank": 47, "demo_category": "OTHER", "demo_score": 8.0, "cropland_fraction": 1.0 }, "geometry": { "type": "Polygon", "coordinates": [ [ [ 74.702618322775436, 30.324833118477997 ], [ 74.702618322775436, 30.324743287279798 ], [ 74.701989504388024, 30.324743287279798 ], [ 74.701989504388024, 30.324653456081599 ], [ 74.701809841991633, 30.324653456081599 ], [ 74.701809841991633, 30.324383962486998 ], [ 74.701720010793423, 30.324383962486998 ], [ 74.701720010793423, 30.324294131288799 ], [ 74.701540348397032, 30.324294131288799 ], [ 74.701540348397032, 30.324383962486998 ], [ 74.701450517198836, 30.324383962486998 ], [ 74.701450517198836, 30.324563624883396 ], [ 74.701540348397032, 30.324563624883396 ], [ 74.701540348397032, 30.324653456081599 ], [ 74.701450517198836, 30.324653456081599 ], [ 74.701450517198836, 30.324922949676196 ], [ 74.701360686000626, 30.324922949676196 ], [ 74.701360686000626, 30.324653456081599 ], [ 74.701270854802431, 30.324653456081599 ], [ 74.701270854802431, 30.324563624883396 ], [ 74.70100136120783, 30.324563624883396 ], [ 74.70100136120783, 30.324473793685197 ], [ 74.700911530009634, 30.324473793685197 ], [ 74.700911530009634, 30.324294131288799 ], [ 74.70100136120783, 30.324294131288799 ], [ 74.70100136120783, 30.324114468892397 ], [ 74.701181023604235, 30.324114468892397 ], [ 74.701181023604235, 30.324204300090599 ], [ 74.703067478766428, 30.324204300090599 ], [ 74.703067478766428, 30.324114468892397 ], [ 74.703157309964624, 30.324114468892397 ], [ 74.703157309964624, 30.323844975297799 ], [ 74.703067478766428, 30.323844975297799 ], [ 74.703067478766428, 30.323665312901397 ], [ 74.703157309964624, 30.323665312901397 ], [ 74.703157309964624, 30.323395819306796 ], [ 74.703067478766428, 30.323395819306796 ], [ 74.703067478766428, 30.323305988108597 ], [ 74.702797985171827, 30.323305988108597 ], [ 74.702797985171827, 30.323216156910398 ], [ 74.702528491577226, 30.323216156910398 ], [ 74.702528491577226, 30.323755144099596 ], [ 74.701989504388024, 30.323755144099596 ], [ 74.701989504388024, 30.323665312901397 ], [ 74.70243866037903, 30.323665312901397 ], [ 74.70243866037903, 30.323216156910398 ], [ 74.702348829180835, 30.323216156910398 ], [ 74.702348829180835, 30.323126325712199 ], [ 74.702079335586234, 30.323126325712199 ], [ 74.702079335586234, 30.323036494514 ], [ 74.701360686000626, 30.323036494514 ], [ 74.701360686000626, 30.322946663315797 ], [ 74.701091192406025, 30.322946663315797 ], [ 74.701091192406025, 30.323665312901397 ], [ 74.701540348397032, 30.323665312901397 ], [ 74.701540348397032, 30.323395819306796 ], [ 74.701630179595227, 30.323395819306796 ], [ 74.701630179595227, 30.323665312901397 ], [ 74.701809841991633, 30.323665312901397 ], [ 74.701809841991633, 30.323755144099596 ], [ 74.701899673189828, 30.323755144099596 ], [ 74.701899673189828, 30.323844975297799 ], [ 74.701540348397032, 30.323844975297799 ], [ 74.701540348397032, 30.323755144099596 ], [ 74.701360686000626, 30.323755144099596 ], [ 74.701360686000626, 30.323844975297799 ], [ 74.70100136120783, 30.323844975297799 ], [ 74.70100136120783, 30.323755144099596 ], [ 74.700462374018628, 30.323755144099596 ], [ 74.700462374018628, 30.324383962486998 ], [ 74.700821698811424, 30.324383962486998 ], [ 74.700821698811424, 30.324473793685197 ], [ 74.700462374018628, 30.324473793685197 ], [ 74.700462374018628, 30.324563624883396 ], [ 74.700282711622236, 30.324563624883396 ], [ 74.700282711622236, 30.324473793685197 ], [ 74.699743724433034, 30.324473793685197 ], [ 74.699743724433034, 30.324653456081599 ], [ 74.699653893234824, 30.324653456081599 ], [ 74.699653893234824, 30.325012780874399 ], [ 74.699564062036629, 30.325012780874399 ], [ 74.699564062036629, 30.325192443270797 ], [ 74.699653893234824, 30.325192443270797 ], [ 74.699653893234824, 30.325282274468996 ], [ 74.700282711622236, 30.325282274468996 ], [ 74.700282711622236, 30.324653456081599 ], [ 74.700372542820432, 30.324653456081599 ], [ 74.700372542820432, 30.325282274468996 ], [ 74.701270854802431, 30.325282274468996 ], [ 74.701270854802431, 30.325192443270797 ], [ 74.701450517198836, 30.325192443270797 ], [ 74.701450517198836, 30.325282274468996 ], [ 74.702079335586234, 30.325282274468996 ], [ 74.702079335586234, 30.325192443270797 ], [ 74.70243866037903, 30.325192443270797 ], [ 74.70243866037903, 30.325282274468996 ], [ 74.705223427523237, 30.325282274468996 ], [ 74.705223427523237, 30.325192443270797 ], [ 74.705313258721432, 30.325192443270797 ], [ 74.705313258721432, 30.325282274468996 ], [ 74.70594207710883, 30.325282274468996 ], [ 74.70594207710883, 30.325102612072598 ], [ 74.706031908307025, 30.325102612072598 ], [ 74.706031908307025, 30.325282274468996 ], [ 74.707289545081835, 30.325282274468996 ], [ 74.707289545081835, 30.325192443270797 ], [ 74.707379376280031, 30.325192443270797 ], [ 74.707379376280031, 30.325012780874399 ], [ 74.707289545081835, 30.325012780874399 ], [ 74.707289545081835, 30.324922949676196 ], [ 74.707199713883625, 30.324922949676196 ], [ 74.707199713883625, 30.324833118477997 ], [ 74.707289545081835, 30.324833118477997 ], [ 74.707289545081835, 30.324743287279798 ], [ 74.707379376280031, 30.324743287279798 ], [ 74.707379376280031, 30.324473793685197 ], [ 74.707469207478226, 30.324473793685197 ], [ 74.707469207478226, 30.325282274468996 ], [ 74.708277688262029, 30.325282274468996 ], [ 74.708277688262029, 30.325372105667199 ], [ 74.70854718185663, 30.325372105667199 ], [ 74.70854718185663, 30.325461936865398 ], [ 74.708008194667428, 30.325461936865398 ], [ 74.708008194667428, 30.325372105667199 ], [ 74.707469207478226, 30.325372105667199 ], [ 74.707469207478226, 30.325461936865398 ], [ 74.707289545081835, 30.325461936865398 ], [ 74.707289545081835, 30.325372105667199 ], [ 74.706750557892633, 30.325372105667199 ], [ 74.706750557892633, 30.325461936865398 ], [ 74.706031908307025, 30.325461936865398 ], [ 74.706031908307025, 30.326180586450999 ], [ 74.70594207710883, 30.326180586450999 ], [ 74.70594207710883, 30.325461936865398 ], [ 74.705852245910634, 30.325461936865398 ], [ 74.705852245910634, 30.325372105667199 ], [ 74.705403089919628, 30.325372105667199 ], [ 74.705403089919628, 30.325461936865398 ], [ 74.705313258721432, 30.325461936865398 ], [ 74.705313258721432, 30.325821261658199 ], [ 74.705403089919628, 30.325821261658199 ], [ 74.705403089919628, 30.3260907552528 ], [ 74.705492921117823, 30.3260907552528 ], [ 74.705492921117823, 30.326360248847397 ], [ 74.705582752316033, 30.326360248847397 ], [ 74.705582752316033, 30.326450080045596 ], [ 74.705762414712424, 30.326450080045596 ], [ 74.705762414712424, 30.326360248847397 ], [ 74.706031908307025, 30.326360248847397 ], [ 74.706031908307025, 30.326450080045596 ], [ 74.706121739505235, 30.326450080045596 ], [ 74.706121739505235, 30.326360248847397 ], [ 74.707648869874632, 30.326360248847397 ], [ 74.707648869874632, 30.326450080045596 ], [ 74.708098025865624, 30.326450080045596 ], [ 74.708098025865624, 30.326360248847397 ], [ 74.70854718185663, 30.326360248847397 ], [ 74.70854718185663, 30.326180586450999 ], [ 74.708098025865624, 30.326180586450999 ], [ 74.708098025865624, 30.325821261658199 ], [ 74.708277688262029, 30.325821261658199 ], [ 74.708277688262029, 30.325911092856398 ], [ 74.70854718185663, 30.325911092856398 ], [ 74.70854718185663, 30.325821261658199 ], [ 74.708637013054826, 30.325821261658199 ], [ 74.708637013054826, 30.325731430459999 ], [ 74.708816675451232, 30.325731430459999 ], [ 74.708816675451232, 30.325551768063598 ], [ 74.709176000244028, 30.325551768063598 ], [ 74.709176000244028, 30.325461936865398 ], [ 74.709265831442224, 30.325461936865398 ], [ 74.709265831442224, 30.325192443270797 ], [ 74.709355662640434, 30.325192443270797 ], [ 74.709355662640434, 30.325102612072598 ], [ 74.709804818631426, 30.325102612072598 ], [ 74.709804818631426, 30.325012780874399 ], [ 74.710074312226027, 30.325012780874399 ], [ 74.710074312226027, 30.324833118477997 ], [ 74.709625156235035, 30.324833118477997 ], [ 74.709625156235035, 30.324743287279798 ], [ 74.709445493838629, 30.324743287279798 ], [ 74.709445493838629, 30.324833118477997 ], [ 74.709355662640434, 30.324833118477997 ], [ 74.709355662640434, 30.324743287279798 ], [ 74.709176000244028, 30.324743287279798 ], [ 74.709176000244028, 30.324653456081599 ], [ 74.708726844253036, 30.324653456081599 ], [ 74.708726844253036, 30.324563624883396 ], [ 74.708367519460225, 30.324563624883396 ], [ 74.708367519460225, 30.324473793685197 ], [ 74.708008194667428, 30.324473793685197 ], [ 74.708008194667428, 30.324922949676196 ], [ 74.707918363469233, 30.324922949676196 ], [ 74.707918363469233, 30.324383962486998 ], [ 74.707379376280031, 30.324383962486998 ], [ 74.707379376280031, 30.324294131288799 ], [ 74.707199713883625, 30.324294131288799 ], [ 74.707199713883625, 30.324204300090599 ], [ 74.706840389090829, 30.324204300090599 ], [ 74.706840389090829, 30.324114468892397 ], [ 74.706391233099836, 30.324114468892397 ], [ 74.706391233099836, 30.324024637694198 ], [ 74.706031908307025, 30.324024637694198 ], [ 74.706031908307025, 30.324743287279798 ], [ 74.706840389090829, 30.324743287279798 ], [ 74.706840389090829, 30.324833118477997 ], [ 74.706031908307025, 30.324833118477997 ], [ 74.706031908307025, 30.324922949676196 ], [ 74.705852245910634, 30.324922949676196 ], [ 74.705852245910634, 30.324833118477997 ], [ 74.705403089919628, 30.324833118477997 ], [ 74.705403089919628, 30.324922949676196 ], [ 74.705043765126831, 30.324922949676196 ], [ 74.705043765126831, 30.324833118477997 ], [ 74.704864102730426, 30.324833118477997 ], [ 74.704864102730426, 30.324922949676196 ], [ 74.704504777937629, 30.324922949676196 ], [ 74.704504777937629, 30.324833118477997 ], [ 74.704594609135825, 30.324833118477997 ], [ 74.704594609135825, 30.324743287279798 ], [ 74.70594207710883, 30.324743287279798 ], [ 74.70594207710883, 30.323934806495998 ], [ 74.705582752316033, 30.323934806495998 ], [ 74.705582752316033, 30.323844975297799 ], [ 74.705313258721432, 30.323844975297799 ], [ 74.705313258721432, 30.324294131288799 ], [ 74.703336972361029, 30.324294131288799 ], [ 74.703336972361029, 30.324383962486998 ], [ 74.703067478766428, 30.324383962486998 ], [ 74.703067478766428, 30.324294131288799 ], [ 74.702797985171827, 30.324294131288799 ], [ 74.702797985171827, 30.324383962486998 ], [ 74.702618322775436, 30.324383962486998 ], [ 74.702618322775436, 30.324563624883396 ], [ 74.702708153973632, 30.324563624883396 ], [ 74.702708153973632, 30.324833118477997 ], [ 74.702618322775436, 30.324833118477997 ] ], [ [ 74.702887816370037, 30.324833118477997 ], [ 74.702887816370037, 30.324922949676196 ], [ 74.702708153973632, 30.324922949676196 ], [ 74.702708153973632, 30.324833118477997 ], [ 74.702887816370037, 30.324833118477997 ] ], [ [ 74.706660726694423, 30.325821261658199 ], [ 74.706750557892633, 30.325821261658199 ], [ 74.706750557892633, 30.3260907552528 ], [ 74.706660726694423, 30.3260907552528 ], [ 74.706660726694423, 30.325821261658199 ] ], [ [ 74.707289545081835, 30.325551768063598 ], [ 74.707379376280031, 30.325551768063598 ], [ 74.707379376280031, 30.325821261658199 ], [ 74.707469207478226, 30.325821261658199 ], [ 74.707469207478226, 30.326000924054597 ], [ 74.707379376280031, 30.326000924054597 ], [ 74.707379376280031, 30.3260907552528 ], [ 74.707289545081835, 30.3260907552528 ], [ 74.707289545081835, 30.325551768063598 ] ], [ [ 74.708726844253036, 30.325282274468996 ], [ 74.708816675451232, 30.325282274468996 ], [ 74.708816675451232, 30.325372105667199 ], [ 74.708726844253036, 30.325372105667199 ], [ 74.708726844253036, 30.325282274468996 ] ], [ [ 74.703067478766428, 30.324833118477997 ], [ 74.703157309964624, 30.324833118477997 ], [ 74.703157309964624, 30.324743287279798 ], [ 74.703247141162834, 30.324743287279798 ], [ 74.703247141162834, 30.324833118477997 ], [ 74.704235284343028, 30.324833118477997 ], [ 74.704235284343028, 30.324922949676196 ], [ 74.703067478766428, 30.324922949676196 ], [ 74.703067478766428, 30.324833118477997 ] ] ] } },
{ "type": "Feature", "properties": { "source_field_id": "1657634", "source_area_m2": 132716.8, "confidence": null, "determination_datetime": "2024-01-01T05:30:00+05:30", "determination_method": "auto-imagery", "xmin": 74.670279091423424, "ymin": 30.345943450054996, "xmax": 74.674411326540636, "ymax": 30.351512984343398, "area_m2": 132613.90061779181, "area_ha": 13.261390061779181, "field_id": "FTW-IN-PB-1657634", "boundary_source": "FIELDS_OF_THE_WORLD_GLOBAL_PRUE_2024_2025", "boundary_type": "RESEARCH_FIELD_BOUNDARY", "research_boundary_disclaimer": "Model-derived remote-sensing field unit; not a cadastral or ownership boundary.", "source_provider": "Fields of The World / Source Cooperative", "source_dataset": "Global Fields of The World, Punjab partition", "source_url": "https://data.source.coop/ftw/global-data/predictions/vectors/alpha/results-by-admin-conf/admin:country_code=IN/IN_PB.parquet", "real_or_synthetic": "REAL", "centroid_lon": 74.671909823537064, "centroid_lat": 30.348403603096987, "data_status": "REAL_SATELLITE_OBSERVATIONS", "ground_truth_status": "NO_GROUND_TRUTH_WEAK_PROXY_LABELS_ONLY", "demo_rank": 48, "demo_category": "OTHER", "demo_score": 8.0, "cropland_fraction": 1.0 }, "geometry": { "type": "Polygon", "coordinates": [ [ [ 74.672255377783827, 30.351512984343398 ], [ 74.672255377783827, 30.349806191577599 ], [ 74.671716390594625, 30.349806191577599 ], [ 74.671716390594625, 30.351153659550597 ], [ 74.671626559396429, 30.351153659550597 ], [ 74.671626559396429, 30.349806191577599 ], [ 74.671087572207227, 30.349806191577599 ], [ 74.671087572207227, 30.349896022775798 ], [ 74.670997741009032, 30.349896022775798 ], [ 74.670997741009032, 30.350704503559598 ], [ 74.670907909810836, 30.350704503559598 ], [ 74.670907909810836, 30.349806191577599 ], [ 74.670728247414431, 30.349806191577599 ], [ 74.670728247414431, 30.349716360379396 ], [ 74.670907909810836, 30.349716360379396 ], [ 74.670907909810836, 30.349446866784799 ], [ 74.670997741009032, 30.349446866784799 ], [ 74.670997741009032, 30.349626529181197 ], [ 74.671087572207227, 30.349626529181197 ], [ 74.671087572207227, 30.349716360379396 ], [ 74.671536728198234, 30.349716360379396 ], [ 74.671536728198234, 30.349626529181197 ], [ 74.671716390594625, 30.349626529181197 ], [ 74.671716390594625, 30.349716360379396 ], [ 74.672255377783827, 30.349716360379396 ], [ 74.672255377783827, 30.348818048397398 ], [ 74.672345208982037, 30.348818048397398 ], [ 74.672345208982037, 30.349177373190198 ], [ 74.672704533774834, 30.349177373190198 ], [ 74.672704533774834, 30.349267204388397 ], [ 74.672345208982037, 30.349267204388397 ], [ 74.672345208982037, 30.349626529181197 ], [ 74.672435040180233, 30.349626529181197 ], [ 74.672435040180233, 30.349716360379396 ], [ 74.67306385856763, 30.349716360379396 ], [ 74.67306385856763, 30.349626529181197 ], [ 74.673243520964036, 30.349626529181197 ], [ 74.673243520964036, 30.349716360379396 ], [ 74.673692676955028, 30.349716360379396 ], [ 74.673692676955028, 30.349626529181197 ], [ 74.673872339351433, 30.349626529181197 ], [ 74.673872339351433, 30.349716360379396 ], [ 74.674321495342426, 30.349716360379396 ], [ 74.674321495342426, 30.348728217199199 ], [ 74.673872339351433, 30.348728217199199 ], [ 74.673872339351433, 30.348818048397398 ], [ 74.673692676955028, 30.348818048397398 ], [ 74.673692676955028, 30.348728217199199 ], [ 74.670997741009032, 30.348728217199199 ], [ 74.670997741009032, 30.349177373190198 ], [ 74.671087572207227, 30.349177373190198 ], [ 74.671087572207227, 30.349267204388397 ], [ 74.670997741009032, 30.349267204388397 ], [ 74.670997741009032, 30.349357035586596 ], [ 74.670907909810836, 30.349357035586596 ], [ 74.670907909810836, 30.348728217199199 ], [ 74.67045875381983, 30.348728217199199 ], [ 74.67045875381983, 30.348638386000999 ], [ 74.670907909810836, 30.348638386000999 ], [ 74.670907909810836, 30.348368892406398 ], [ 74.670818078612626, 30.348368892406398 ], [ 74.670818078612626, 30.348279061208199 ], [ 74.670638416216235, 30.348279061208199 ], [ 74.670638416216235, 30.348189230009996 ], [ 74.670997741009032, 30.348189230009996 ], [ 74.670997741009032, 30.348638386000999 ], [ 74.671357065801828, 30.348638386000999 ], [ 74.671357065801828, 30.347829905217196 ], [ 74.671446897000024, 30.347829905217196 ], [ 74.671446897000024, 30.348099398811797 ], [ 74.672614702576624, 30.348099398811797 ], [ 74.672614702576624, 30.348189230009996 ], [ 74.671446897000024, 30.348189230009996 ], [ 74.671446897000024, 30.348548554802797 ], [ 74.671536728198234, 30.348548554802797 ], [ 74.671536728198234, 30.348638386000999 ], [ 74.672974027369435, 30.348638386000999 ], [ 74.672974027369435, 30.348189230009996 ], [ 74.672884196171225, 30.348189230009996 ], [ 74.672884196171225, 30.348009567613598 ], [ 74.672974027369435, 30.348009567613598 ], [ 74.672974027369435, 30.347650242820798 ], [ 74.672884196171225, 30.347650242820798 ], [ 74.672884196171225, 30.3474705804244 ], [ 74.672974027369435, 30.3474705804244 ], [ 74.672974027369435, 30.346572268442397 ], [ 74.672884196171225, 30.346572268442397 ], [ 74.672884196171225, 30.346482437244198 ], [ 74.672524871378428, 30.346482437244198 ], [ 74.672524871378428, 30.346572268442397 ], [ 74.672255377783827, 30.346572268442397 ], [ 74.672255377783827, 30.346482437244198 ], [ 74.672345208982037, 30.346482437244198 ], [ 74.672345208982037, 30.346302774847796 ], [ 74.672435040180233, 30.346302774847796 ], [ 74.672435040180233, 30.346392606045999 ], [ 74.673153689765826, 30.346392606045999 ], [ 74.673153689765826, 30.346482437244198 ], [ 74.673602845756832, 30.346482437244198 ], [ 74.673602845756832, 30.346392606045999 ], [ 74.673782508153224, 30.346392606045999 ], [ 74.673782508153224, 30.346482437244198 ], [ 74.673962170549629, 30.346482437244198 ], [ 74.673962170549629, 30.346392606045999 ], [ 74.674141832946034, 30.346392606045999 ], [ 74.674141832946034, 30.346482437244198 ], [ 74.674321495342426, 30.346482437244198 ], [ 74.674321495342426, 30.346302774847796 ], [ 74.674411326540636, 30.346302774847796 ], [ 74.674411326540636, 30.346033281253199 ], [ 74.672255377783827, 30.346033281253199 ], [ 74.672255377783827, 30.345943450054996 ], [ 74.671716390594625, 30.345943450054996 ], [ 74.671716390594625, 30.346033281253199 ], [ 74.671536728198234, 30.346033281253199 ], [ 74.671536728198234, 30.345943450054996 ], [ 74.670818078612626, 30.345943450054996 ], [ 74.670818078612626, 30.346033281253199 ], [ 74.670638416216235, 30.346033281253199 ], [ 74.670638416216235, 30.346212943649597 ], [ 74.670548585018025, 30.346212943649597 ], [ 74.670548585018025, 30.346482437244198 ], [ 74.67045875381983, 30.346482437244198 ], [ 74.67045875381983, 30.346572268442397 ], [ 74.670368922621634, 30.346572268442397 ], [ 74.670368922621634, 30.347021424433397 ], [ 74.670279091423424, 30.347021424433397 ], [ 74.670279091423424, 30.347111255631599 ], [ 74.670368922621634, 30.347111255631599 ], [ 74.670368922621634, 30.3474705804244 ], [ 74.67045875381983, 30.3474705804244 ], [ 74.67045875381983, 30.347380749226197 ], [ 74.670728247414431, 30.347380749226197 ], [ 74.670728247414431, 30.3474705804244 ], [ 74.671267234603633, 30.3474705804244 ], [ 74.671267234603633, 30.347290918027998 ], [ 74.671357065801828, 30.347290918027998 ], [ 74.671357065801828, 30.347380749226197 ], [ 74.671446897000024, 30.347380749226197 ], [ 74.671446897000024, 30.3474705804244 ], [ 74.671536728198234, 30.3474705804244 ], [ 74.671536728198234, 30.347650242820798 ], [ 74.671267234603633, 30.347650242820798 ], [ 74.671267234603633, 30.347560411622599 ], [ 74.670368922621634, 30.347560411622599 ], [ 74.670368922621634, 30.348189230009996 ], [ 74.670548585018025, 30.348189230009996 ], [ 74.670548585018025, 30.348279061208199 ], [ 74.670368922621634, 30.348279061208199 ], [ 74.670368922621634, 30.348368892406398 ], [ 74.670279091423424, 30.348368892406398 ], [ 74.670279091423424, 30.348548554802797 ], [ 74.670368922621634, 30.348548554802797 ], [ 74.670368922621634, 30.349267204388397 ], [ 74.67045875381983, 30.349267204388397 ], [ 74.67045875381983, 30.349357035586596 ], [ 74.670368922621634, 30.349357035586596 ], [ 74.670368922621634, 30.350794334757797 ], [ 74.67045875381983, 30.350794334757797 ], [ 74.67045875381983, 30.350884165955996 ], [ 74.670728247414431, 30.350884165955996 ], [ 74.670728247414431, 30.350973997154199 ], [ 74.671087572207227, 30.350973997154199 ], [ 74.671087572207227, 30.351063828352398 ], [ 74.671177403405423, 30.351063828352398 ], [ 74.671177403405423, 30.351153659550597 ], [ 74.671357065801828, 30.351153659550597 ], [ 74.671357065801828, 30.351243490748796 ], [ 74.671716390594625, 30.351243490748796 ], [ 74.671716390594625, 30.351333321946999 ], [ 74.671806221792835, 30.351333321946999 ], [ 74.671806221792835, 30.351423153145198 ], [ 74.672075715387436, 30.351423153145198 ], [ 74.672075715387436, 30.351512984343398 ], [ 74.672255377783827, 30.351512984343398 ] ], [ [ 74.671536728198234, 30.348907879595597 ], [ 74.671896052991031, 30.348907879595597 ], [ 74.671896052991031, 30.348997710793796 ], [ 74.671626559396429, 30.348997710793796 ], [ 74.671626559396429, 30.349357035586596 ], [ 74.671536728198234, 30.349357035586596 ], [ 74.671536728198234, 30.348907879595597 ] ], [ [ 74.67306385856763, 30.349267204388397 ], [ 74.672974027369435, 30.349267204388397 ], [ 74.672974027369435, 30.349177373190198 ], [ 74.673153689765826, 30.349177373190198 ], [ 74.673153689765826, 30.349357035586596 ], [ 74.67306385856763, 30.349357035586596 ], [ 74.67306385856763, 30.349267204388397 ] ], [ [ 74.673692676955028, 30.348997710793796 ], [ 74.673782508153224, 30.348997710793796 ], [ 74.673782508153224, 30.349087541991999 ], [ 74.673872339351433, 30.349087541991999 ], [ 74.673872339351433, 30.349177373190198 ], [ 74.673782508153224, 30.349177373190198 ], [ 74.673782508153224, 30.349267204388397 ], [ 74.673692676955028, 30.349267204388397 ], [ 74.673692676955028, 30.348997710793796 ] ], [ [ 74.672435040180233, 30.347560411622599 ], [ 74.671806221792835, 30.347560411622599 ], [ 74.671806221792835, 30.3474705804244 ], [ 74.672255377783827, 30.3474705804244 ], [ 74.672255377783827, 30.347380749226197 ], [ 74.672345208982037, 30.347380749226197 ], [ 74.672345208982037, 30.3474705804244 ], [ 74.672794364973029, 30.3474705804244 ], [ 74.672794364973029, 30.347560411622599 ], [ 74.672524871378428, 30.347560411622599 ], [ 74.672524871378428, 30.347650242820798 ], [ 74.672435040180233, 30.347650242820798 ], [ 74.672435040180233, 30.347560411622599 ] ], [ [ 74.671626559396429, 30.347021424433397 ], [ 74.671536728198234, 30.347021424433397 ], [ 74.671536728198234, 30.346751930838799 ], [ 74.671626559396429, 30.346751930838799 ], [ 74.671626559396429, 30.346931593235198 ], [ 74.671716390594625, 30.346931593235198 ], [ 74.671716390594625, 30.347111255631599 ], [ 74.671626559396429, 30.347111255631599 ], [ 74.671626559396429, 30.347021424433397 ] ], [ [ 74.672255377783827, 30.346931593235198 ], [ 74.672345208982037, 30.346931593235198 ], [ 74.672345208982037, 30.347021424433397 ], [ 74.672435040180233, 30.347021424433397 ], [ 74.672435040180233, 30.347111255631599 ], [ 74.672255377783827, 30.347111255631599 ], [ 74.672255377783827, 30.346931593235198 ] ], [ [ 74.671536728198234, 30.346392606045999 ], [ 74.671626559396429, 30.346392606045999 ], [ 74.671626559396429, 30.346302774847796 ], [ 74.671716390594625, 30.346302774847796 ], [ 74.671716390594625, 30.346572268442397 ], [ 74.671896052991031, 30.346572268442397 ], [ 74.671896052991031, 30.346662099640596 ], [ 74.671536728198234, 30.346662099640596 ], [ 74.671536728198234, 30.346392606045999 ] ] ] } },
{ "type": "Feature", "properties": { "source_field_id": "1658220", "source_area_m2": 113532.58, "confidence": null, "determination_datetime": "2024-01-01T05:30:00+05:30", "determination_method": "auto-imagery", "xmin": 74.690491111018432, "ymin": 30.348907879595597, "xmax": 74.694623346135629, "ymax": 30.354746907478599, "area_m2": 113444.20797110183, "area_ha": 11.344420797110184, "field_id": "FTW-IN-PB-1658220", "boundary_source": "FIELDS_OF_THE_WORLD_GLOBAL_PRUE_2024_2025", "boundary_type": "RESEARCH_FIELD_BOUNDARY", "research_boundary_disclaimer": "Model-derived remote-sensing field unit; not a cadastral or ownership boundary.", "source_provider": "Fields of The World / Source Cooperative", "source_dataset": "Global Fields of The World, Punjab partition", "source_url": "https://data.source.coop/ftw/global-data/predictions/vectors/alpha/results-by-admin-conf/admin:country_code=IN/IN_PB.parquet", "real_or_synthetic": "REAL", "centroid_lon": 74.69282572007576, "centroid_lat": 30.351631792126614, "data_status": "REAL_SATELLITE_OBSERVATIONS", "ground_truth_status": "NO_GROUND_TRUTH_WEAK_PROXY_LABELS_ONLY", "demo_rank": 49, "demo_category": "OTHER", "demo_score": 8.0, "cropland_fraction": 1.0 }, "geometry": { "type": "Polygon", "coordinates": [ [ [ 74.69255722857703, 30.354746907478599 ], [ 74.69255722857703, 30.354657076280397 ], [ 74.692647059775226, 30.354657076280397 ], [ 74.692647059775226, 30.353848595496597 ], [ 74.69255722857703, 30.353848595496597 ], [ 74.69255722857703, 30.353579101902 ], [ 74.692467397378834, 30.353579101902 ], [ 74.692467397378834, 30.352680789919997 ], [ 74.692377566180625, 30.352680789919997 ], [ 74.692377566180625, 30.352590958721798 ], [ 74.692467397378834, 30.352590958721798 ], [ 74.692467397378834, 30.351872309136198 ], [ 74.693006384568037, 30.351872309136198 ], [ 74.693006384568037, 30.351423153145198 ], [ 74.692916553369827, 30.351423153145198 ], [ 74.692916553369827, 30.351333321946999 ], [ 74.693006384568037, 30.351333321946999 ], [ 74.693006384568037, 30.351153659550597 ], [ 74.693096215766232, 30.351153659550597 ], [ 74.693096215766232, 30.350973997154199 ], [ 74.693006384568037, 30.350973997154199 ], [ 74.693006384568037, 30.350884165955996 ], [ 74.692826722171631, 30.350884165955996 ], [ 74.692826722171631, 30.350794334757797 ], [ 74.693096215766232, 30.350794334757797 ], [ 74.693096215766232, 30.3505248411632 ], [ 74.693006384568037, 30.3505248411632 ], [ 74.693006384568037, 30.350165516370399 ], [ 74.693096215766232, 30.350165516370399 ], [ 74.693096215766232, 30.350435009964997 ], [ 74.693186046964428, 30.350435009964997 ], [ 74.693186046964428, 30.351512984343398 ], [ 74.693096215766232, 30.351512984343398 ], [ 74.693096215766232, 30.351872309136198 ], [ 74.693186046964428, 30.351872309136198 ], [ 74.693186046964428, 30.352501127523599 ], [ 74.694533514937433, 30.352501127523599 ], [ 74.694533514937433, 30.351333321946999 ], [ 74.694623346135629, 30.351333321946999 ], [ 74.694623346135629, 30.351243490748796 ], [ 74.694533514937433, 30.351243490748796 ], [ 74.694533514937433, 30.350794334757797 ], [ 74.694623346135629, 30.350794334757797 ], [ 74.694623346135629, 30.349626529181197 ], [ 74.694443683739223, 30.349626529181197 ], [ 74.694443683739223, 30.349536697982998 ], [ 74.694623346135629, 30.349536697982998 ], [ 74.694623346135629, 30.348997710793796 ], [ 74.694533514937433, 30.348997710793796 ], [ 74.694533514937433, 30.348907879595597 ], [ 74.694264021342832, 30.348907879595597 ], [ 74.694264021342832, 30.348997710793796 ], [ 74.693455540559029, 30.348997710793796 ], [ 74.693455540559029, 30.349087541991999 ], [ 74.693275878162623, 30.349087541991999 ], [ 74.693275878162623, 30.349177373190198 ], [ 74.693186046964428, 30.349177373190198 ], [ 74.693186046964428, 30.349267204388397 ], [ 74.693096215766232, 30.349267204388397 ], [ 74.693096215766232, 30.349536697982998 ], [ 74.693545371757224, 30.349536697982998 ], [ 74.693545371757224, 30.349626529181197 ], [ 74.692916553369827, 30.349626529181197 ], [ 74.692916553369827, 30.349716360379396 ], [ 74.692826722171631, 30.349716360379396 ], [ 74.692826722171631, 30.349806191577599 ], [ 74.692736890973435, 30.349806191577599 ], [ 74.692736890973435, 30.349896022775798 ], [ 74.69255722857703, 30.349896022775798 ], [ 74.69255722857703, 30.350075685172197 ], [ 74.692467397378834, 30.350075685172197 ], [ 74.692467397378834, 30.350165516370399 ], [ 74.692377566180625, 30.350165516370399 ], [ 74.692377566180625, 30.350345178766798 ], [ 74.692287734982429, 30.350345178766798 ], [ 74.692287734982429, 30.350435009964997 ], [ 74.692197903784233, 30.350435009964997 ], [ 74.692197903784233, 30.350704503559598 ], [ 74.692287734982429, 30.350704503559598 ], [ 74.692287734982429, 30.350794334757797 ], [ 74.692467397378834, 30.350794334757797 ], [ 74.692467397378834, 30.350973997154199 ], [ 74.691748747793227, 30.350973997154199 ], [ 74.691748747793227, 30.351063828352398 ], [ 74.691658916595031, 30.351063828352398 ], [ 74.691658916595031, 30.351153659550597 ], [ 74.691569085396836, 30.351153659550597 ], [ 74.691569085396836, 30.351333321946999 ], [ 74.691479254198626, 30.351333321946999 ], [ 74.691479254198626, 30.351512984343398 ], [ 74.691569085396836, 30.351512984343398 ], [ 74.691569085396836, 30.351692646739799 ], [ 74.691479254198626, 30.351692646739799 ], [ 74.691479254198626, 30.351782477937999 ], [ 74.691569085396836, 30.351782477937999 ], [ 74.691569085396836, 30.351962140334397 ], [ 74.691479254198626, 30.351962140334397 ], [ 74.691479254198626, 30.351872309136198 ], [ 74.69138942300043, 30.351872309136198 ], [ 74.69138942300043, 30.351782477937999 ], [ 74.690850435811228, 30.351782477937999 ], [ 74.690850435811228, 30.351872309136198 ], [ 74.690670773414837, 30.351872309136198 ], [ 74.690670773414837, 30.351962140334397 ], [ 74.690580942216627, 30.351962140334397 ], [ 74.690580942216627, 30.352051971532596 ], [ 74.690491111018432, 30.352051971532596 ], [ 74.690491111018432, 30.352680789919997 ], [ 74.690580942216627, 30.352680789919997 ], [ 74.690580942216627, 30.352770621118196 ], [ 74.691030098207634, 30.352770621118196 ], [ 74.691030098207634, 30.352680789919997 ], [ 74.691119929405829, 30.352680789919997 ], [ 74.691119929405829, 30.352411296325396 ], [ 74.691299591802235, 30.352411296325396 ], [ 74.691299591802235, 30.352501127523599 ], [ 74.691209760604025, 30.352501127523599 ], [ 74.691209760604025, 30.353219777109199 ], [ 74.691119929405829, 30.353219777109199 ], [ 74.691119929405829, 30.353938426694796 ], [ 74.691209760604025, 30.353938426694796 ], [ 74.691209760604025, 30.354297751487596 ], [ 74.691299591802235, 30.354297751487596 ], [ 74.691299591802235, 30.354387582685799 ], [ 74.691479254198626, 30.354387582685799 ], [ 74.691479254198626, 30.354297751487596 ], [ 74.691748747793227, 30.354297751487596 ], [ 74.691748747793227, 30.352590958721798 ], [ 74.691658916595031, 30.352590958721798 ], [ 74.691658916595031, 30.352501127523599 ], [ 74.691748747793227, 30.352501127523599 ], [ 74.691748747793227, 30.352051971532596 ], [ 74.691658916595031, 30.352051971532596 ], [ 74.691658916595031, 30.351962140334397 ], [ 74.691928410189632, 30.351962140334397 ], [ 74.691928410189632, 30.352051971532596 ], [ 74.691838578991437, 30.352051971532596 ], [ 74.691838578991437, 30.352590958721798 ], [ 74.691928410189632, 30.352590958721798 ], [ 74.691928410189632, 30.352680789919997 ], [ 74.691838578991437, 30.352680789919997 ], [ 74.691838578991437, 30.354207920289397 ], [ 74.691928410189632, 30.354207920289397 ], [ 74.691928410189632, 30.354387582685799 ], [ 74.692108072586024, 30.354387582685799 ], [ 74.692108072586024, 30.354567245082198 ], [ 74.692197903784233, 30.354567245082198 ], [ 74.692197903784233, 30.354746907478599 ], [ 74.69255722857703, 30.354746907478599 ] ], [ [ 74.693545371757224, 30.351423153145198 ], [ 74.693814865351825, 30.351423153145198 ], [ 74.693814865351825, 30.351333321946999 ], [ 74.693904696550035, 30.351333321946999 ], [ 74.693904696550035, 30.351423153145198 ], [ 74.694264021342832, 30.351423153145198 ], [ 74.694264021342832, 30.351512984343398 ], [ 74.693545371757224, 30.351512984343398 ], [ 74.693545371757224, 30.351423153145198 ] ], [ [ 74.693904696550035, 30.350973997154199 ], [ 74.693814865351825, 30.350973997154199 ], [ 74.693814865351825, 30.350884165955996 ], [ 74.693904696550035, 30.350884165955996 ], [ 74.693904696550035, 30.350614672361399 ], [ 74.693994527748231, 30.350614672361399 ], [ 74.693994527748231, 30.351063828352398 ], [ 74.693904696550035, 30.351063828352398 ], [ 74.693904696550035, 30.350973997154199 ] ], [ [ 74.693814865351825, 30.350345178766798 ], [ 74.69372503415363, 30.350345178766798 ], [ 74.69372503415363, 30.350165516370399 ], [ 74.693814865351825, 30.350165516370399 ], [ 74.693814865351825, 30.350255347568599 ], [ 74.693904696550035, 30.350255347568599 ], [ 74.693904696550035, 30.3505248411632 ], [ 74.693814865351825, 30.3505248411632 ], [ 74.693814865351825, 30.350345178766798 ] ], [ [ 74.692916553369827, 30.349806191577599 ], [ 74.693275878162623, 30.349806191577599 ], [ 74.693275878162623, 30.349896022775798 ], [ 74.692916553369827, 30.349896022775798 ], [ 74.692916553369827, 30.349806191577599 ] ], [ [ 74.693545371757224, 30.349716360379396 ], [ 74.69372503415363, 30.349716360379396 ], [ 74.69372503415363, 30.349806191577599 ], [ 74.693545371757224, 30.349806191577599 ], [ 74.693545371757224, 30.349716360379396 ] ], [ [ 74.694174190144636, 30.349536697982998 ], [ 74.694264021342832, 30.349536697982998 ], [ 74.694264021342832, 30.349626529181197 ], [ 74.694174190144636, 30.349626529181197 ], [ 74.694174190144636, 30.349536697982998 ] ] ] } },
{ "type": "Feature", "properties": { "source_field_id": "1658489", "source_area_m2": 121260.82, "confidence": null, "determination_datetime": "2024-01-01T05:30:00+05:30", "determination_method": "auto-imagery", "xmin": 74.683124952766036, "ymin": 30.359328298586799, "xmax": 74.68761651267603, "ymax": 30.364987664073396, "area_m2": 121166.56862317938, "area_ha": 12.116656862317939, "field_id": "FTW-IN-PB-1658489", "boundary_source": "FIELDS_OF_THE_WORLD_GLOBAL_PRUE_2024_2025", "boundary_type": "RESEARCH_FIELD_BOUNDARY", "research_boundary_disclaimer": "Model-derived remote-sensing field unit; not a cadastral or ownership boundary.", "source_provider": "Fields of The World / Source Cooperative", "source_dataset": "Global Fields of The World, Punjab partition", "source_url": "https://data.source.coop/ftw/global-data/predictions/vectors/alpha/results-by-admin-conf/admin:country_code=IN/IN_PB.parquet", "real_or_synthetic": "REAL", "centroid_lon": 74.685169086041086, "centroid_lat": 30.362102590732601, "data_status": "REAL_SATELLITE_OBSERVATIONS", "ground_truth_status": "NO_GROUND_TRUTH_WEAK_PROXY_LABELS_ONLY", "demo_rank": 50, "demo_category": "OTHER", "demo_score": 8.0, "cropland_fraction": 0.9975669099756691 }, "geometry": { "type": "Polygon", "coordinates": [ [ [ 74.684652083135433, 30.364987664073396 ], [ 74.684652083135433, 30.364897832875197 ], [ 74.684741914333628, 30.364897832875197 ], [ 74.684741914333628, 30.363640196100398 ], [ 74.684831745531824, 30.363640196100398 ], [ 74.684831745531824, 30.363909689694999 ], [ 74.684921576730034, 30.363909689694999 ], [ 74.684921576730034, 30.364089352091398 ], [ 74.684831745531824, 30.364089352091398 ], [ 74.684831745531824, 30.3642690144878 ], [ 74.684921576730034, 30.3642690144878 ], [ 74.684921576730034, 30.364897832875197 ], [ 74.685370732721026, 30.364897832875197 ], [ 74.685370732721026, 30.364358845685999 ], [ 74.685550395117431, 30.364358845685999 ], [ 74.685550395117431, 30.364448676884198 ], [ 74.685909719910228, 30.364448676884198 ], [ 74.685909719910228, 30.364538508082397 ], [ 74.685550395117431, 30.364538508082397 ], [ 74.685550395117431, 30.364897832875197 ], [ 74.685640226315627, 30.364897832875197 ], [ 74.685640226315627, 30.364987664073396 ], [ 74.685730057513837, 30.364987664073396 ], [ 74.685730057513837, 30.364897832875197 ], [ 74.686179213504829, 30.364897832875197 ], [ 74.686179213504829, 30.364987664073396 ], [ 74.686718200694031, 30.364987664073396 ], [ 74.686718200694031, 30.364897832875197 ], [ 74.686808031892227, 30.364897832875197 ], [ 74.686808031892227, 30.364448676884198 ], [ 74.686718200694031, 30.364448676884198 ], [ 74.686718200694031, 30.364358845685999 ], [ 74.686808031892227, 30.364358845685999 ], [ 74.686808031892227, 30.363999520893199 ], [ 74.685550395117431, 30.363999520893199 ], [ 74.685550395117431, 30.364089352091398 ], [ 74.685460563919236, 30.364089352091398 ], [ 74.685460563919236, 30.363999520893199 ], [ 74.685191070324635, 30.363999520893199 ], [ 74.685191070324635, 30.363909689694999 ], [ 74.686808031892227, 30.363909689694999 ], [ 74.686808031892227, 30.363550364902199 ], [ 74.686538538297626, 30.363550364902199 ], [ 74.686538538297626, 30.363460533703996 ], [ 74.686358875901234, 30.363460533703996 ], [ 74.686358875901234, 30.363550364902199 ], [ 74.686089382306633, 30.363550364902199 ], [ 74.686089382306633, 30.362292728127397 ], [ 74.685999551108424, 30.362292728127397 ], [ 74.685999551108424, 30.362202896929197 ], [ 74.686089382306633, 30.362202896929197 ], [ 74.686089382306633, 30.361304584947199 ], [ 74.685550395117431, 30.361304584947199 ], [ 74.685550395117431, 30.361933403334596 ], [ 74.685460563919236, 30.361933403334596 ], [ 74.685460563919236, 30.362113065730998 ], [ 74.685370732721026, 30.362113065730998 ], [ 74.685370732721026, 30.361663909739999 ], [ 74.685460563919236, 30.361663909739999 ], [ 74.685460563919236, 30.360855428956199 ], [ 74.685370732721026, 30.360855428956199 ], [ 74.685370732721026, 30.360765597757997 ], [ 74.684831745531824, 30.360765597757997 ], [ 74.684831745531824, 30.360675766559797 ], [ 74.685460563919236, 30.360675766559797 ], [ 74.685460563919236, 30.360226610568798 ], [ 74.684472420739027, 30.360226610568798 ], [ 74.684472420739027, 30.360136779370599 ], [ 74.684292758342636, 30.360136779370599 ], [ 74.684292758342636, 30.360046948172396 ], [ 74.686808031892227, 30.360046948172396 ], [ 74.686808031892227, 30.359957116974197 ], [ 74.686987694288632, 30.359957116974197 ], [ 74.686987694288632, 30.360136779370599 ], [ 74.68761651267603, 30.360136779370599 ], [ 74.68761651267603, 30.359777454577799 ], [ 74.687526681477834, 30.359777454577799 ], [ 74.687526681477834, 30.3596876233796 ], [ 74.687436850279624, 30.3596876233796 ], [ 74.687436850279624, 30.359507960983198 ], [ 74.687347019081429, 30.359507960983198 ], [ 74.687347019081429, 30.359418129784999 ], [ 74.687257187883233, 30.359418129784999 ], [ 74.687257187883233, 30.359328298586799 ], [ 74.687077525486828, 30.359328298586799 ], [ 74.687077525486828, 30.359418129784999 ], [ 74.686987694288632, 30.359418129784999 ], [ 74.686987694288632, 30.3596876233796 ], [ 74.686808031892227, 30.3596876233796 ], [ 74.686808031892227, 30.359597792181397 ], [ 74.686179213504829, 30.359597792181397 ], [ 74.686179213504829, 30.359507960983198 ], [ 74.685550395117431, 30.359507960983198 ], [ 74.685550395117431, 30.359418129784999 ], [ 74.685101239126425, 30.359418129784999 ], [ 74.685101239126425, 30.359328298586799 ], [ 74.685011407928229, 30.359328298586799 ], [ 74.685011407928229, 30.359418129784999 ], [ 74.684921576730034, 30.359418129784999 ], [ 74.684921576730034, 30.359597792181397 ], [ 74.684831745531824, 30.359597792181397 ], [ 74.684831745531824, 30.3596876233796 ], [ 74.684741914333628, 30.3596876233796 ], [ 74.684741914333628, 30.359777454577799 ], [ 74.684652083135433, 30.359777454577799 ], [ 74.684652083135433, 30.3596876233796 ], [ 74.684562251937237, 30.3596876233796 ], [ 74.684562251937237, 30.359597792181397 ], [ 74.684382589540832, 30.359597792181397 ], [ 74.684382589540832, 30.359507960983198 ], [ 74.683843602351629, 30.359507960983198 ], [ 74.683843602351629, 30.3596876233796 ], [ 74.683753771153434, 30.3596876233796 ], [ 74.683753771153434, 30.359867285775998 ], [ 74.683663939955224, 30.359867285775998 ], [ 74.683663939955224, 30.360226610568798 ], [ 74.683574108757028, 30.360226610568798 ], [ 74.683574108757028, 30.360316441766997 ], [ 74.683484277558833, 30.360316441766997 ], [ 74.683484277558833, 30.360406272965196 ], [ 74.683394446360623, 30.360406272965196 ], [ 74.683394446360623, 30.360675766559797 ], [ 74.683304615162427, 30.360675766559797 ], [ 74.683304615162427, 30.360765597757997 ], [ 74.683214783964232, 30.360765597757997 ], [ 74.683214783964232, 30.360945260154399 ], [ 74.683124952766036, 30.360945260154399 ], [ 74.683124952766036, 30.361304584947199 ], [ 74.683394446360623, 30.361304584947199 ], [ 74.683394446360623, 30.361574078541796 ], [ 74.683663939955224, 30.361574078541796 ], [ 74.683663939955224, 30.361663909739999 ], [ 74.68411309594623, 30.361663909739999 ], [ 74.68411309594623, 30.360496104163399 ], [ 74.684202927144426, 30.360496104163399 ], [ 74.684202927144426, 30.361574078541796 ], [ 74.684382589540832, 30.361574078541796 ], [ 74.684382589540832, 30.361663909739999 ], [ 74.684562251937237, 30.361663909739999 ], [ 74.684562251937237, 30.361753740938198 ], [ 74.684472420739027, 30.361753740938198 ], [ 74.684472420739027, 30.362202896929197 ], [ 74.684382589540832, 30.362202896929197 ], [ 74.684382589540832, 30.362292728127397 ], [ 74.685370732721026, 30.362292728127397 ], [ 74.685370732721026, 30.362202896929197 ], [ 74.685460563919236, 30.362202896929197 ], [ 74.685460563919236, 30.362292728127397 ], [ 74.685550395117431, 30.362292728127397 ], [ 74.685550395117431, 30.362382559325599 ], [ 74.68528090152283, 30.362382559325599 ], [ 74.68528090152283, 30.362562221721998 ], [ 74.685370732721026, 30.362562221721998 ], [ 74.685370732721026, 30.362652052920197 ], [ 74.68528090152283, 30.362652052920197 ], [ 74.68528090152283, 30.362831715316599 ], [ 74.685370732721026, 30.362831715316599 ], [ 74.685370732721026, 30.363460533703996 ], [ 74.68528090152283, 30.363460533703996 ], [ 74.68528090152283, 30.362921546514798 ], [ 74.685191070324635, 30.362921546514798 ], [ 74.685191070324635, 30.362472390523799 ], [ 74.685101239126425, 30.362472390523799 ], [ 74.685101239126425, 30.362382559325599 ], [ 74.684202927144426, 30.362382559325599 ], [ 74.684202927144426, 30.3627418841184 ], [ 74.684382589540832, 30.3627418841184 ], [ 74.684382589540832, 30.362921546514798 ], [ 74.684202927144426, 30.362921546514798 ], [ 74.684202927144426, 30.364987664073396 ], [ 74.684652083135433, 30.364987664073396 ] ], [ [ 74.686269044703025, 30.364358845685999 ], [ 74.686358875901234, 30.364358845685999 ], [ 74.686358875901234, 30.364448676884198 ], [ 74.686269044703025, 30.364448676884198 ], [ 74.686269044703025, 30.364358845685999 ] ], [ [ 74.684741914333628, 30.362831715316599 ], [ 74.684831745531824, 30.362831715316599 ], [ 74.684831745531824, 30.362921546514798 ], [ 74.684741914333628, 30.362921546514798 ], [ 74.684741914333628, 30.362831715316599 ] ], [ [ 74.68411309594623, 30.360136779370599 ], [ 74.684202927144426, 30.360136779370599 ], [ 74.684202927144426, 30.360226610568798 ], [ 74.68411309594623, 30.360226610568798 ], [ 74.68411309594623, 30.360136779370599 ] ] ] } },
{ "type": "Feature", "properties": { "source_field_id": "1659322", "source_area_m2": 101389.58, "confidence": null, "determination_datetime": "2024-01-01T05:30:00+05:30", "determination_method": "auto-imagery", "xmin": 74.640275471224626, "ymin": 30.365436820064399, "xmax": 74.644228043945432, "ymax": 30.368580912001399, "area_m2": 101311.43271542768, "area_ha": 10.131143271542769, "field_id": "FTW-IN-PB-1659322", "boundary_source": "FIELDS_OF_THE_WORLD_GLOBAL_PRUE_2024_2025", "boundary_type": "RESEARCH_FIELD_BOUNDARY", "research_boundary_disclaimer": "Model-derived remote-sensing field unit; not a cadastral or ownership boundary.", "source_provider": "Fields of The World / Source Cooperative", "source_dataset": "Global Fields of The World, Punjab partition", "source_url": "https://data.source.coop/ftw/global-data/predictions/vectors/alpha/results-by-admin-conf/admin:country_code=IN/IN_PB.parquet", "real_or_synthetic": "REAL", "centroid_lon": 74.642334536480362, "centroid_lat": 30.36704962559039, "data_status": "REAL_SATELLITE_OBSERVATIONS", "ground_truth_status": "NO_GROUND_TRUTH_WEAK_PROXY_LABELS_ONLY", "demo_rank": 51, "demo_category": "OTHER", "demo_score": 8.0, "cropland_fraction": 1.0 }, "geometry": { "type": "Polygon", "coordinates": [ [ [ 74.641982263990428, 30.368580912001399 ], [ 74.641982263990428, 30.368491080803199 ], [ 74.642072095188624, 30.368491080803199 ], [ 74.642072095188624, 30.368401249604997 ], [ 74.642161926386834, 30.368401249604997 ], [ 74.642161926386834, 30.368221587208598 ], [ 74.642072095188624, 30.368221587208598 ], [ 74.642072095188624, 30.366963950433799 ], [ 74.642161926386834, 30.366963950433799 ], [ 74.642161926386834, 30.366784288037397 ], [ 74.642072095188624, 30.366784288037397 ], [ 74.642072095188624, 30.366694456839198 ], [ 74.642161926386834, 30.366694456839198 ], [ 74.642161926386834, 30.366424963244597 ], [ 74.642072095188624, 30.366424963244597 ], [ 74.642072095188624, 30.366245300848199 ], [ 74.642251757585029, 30.366245300848199 ], [ 74.642251757585029, 30.368580912001399 ], [ 74.642790744774231, 30.368580912001399 ], [ 74.642790744774231, 30.368491080803199 ], [ 74.642880575972427, 30.368491080803199 ], [ 74.642880575972427, 30.368311418406797 ], [ 74.642790744774231, 30.368311418406797 ], [ 74.642790744774231, 30.368221587208598 ], [ 74.642880575972427, 30.368221587208598 ], [ 74.642880575972427, 30.366424963244597 ], [ 74.642790744774231, 30.366424963244597 ], [ 74.642790744774231, 30.366335132046398 ], [ 74.642880575972427, 30.366335132046398 ], [ 74.642880575972427, 30.366065638451797 ], [ 74.642970407170637, 30.366065638451797 ], [ 74.642970407170637, 30.368580912001399 ], [ 74.644138212747237, 30.368580912001399 ], [ 74.644138212747237, 30.368491080803199 ], [ 74.644228043945432, 30.368491080803199 ], [ 74.644228043945432, 30.367143612830198 ], [ 74.644138212747237, 30.367143612830198 ], [ 74.644138212747237, 30.367053781631999 ], [ 74.644228043945432, 30.367053781631999 ], [ 74.644228043945432, 30.366694456839198 ], [ 74.644138212747237, 30.366694456839198 ], [ 74.644138212747237, 30.366604625640999 ], [ 74.644048381549027, 30.366604625640999 ], [ 74.644048381549027, 30.366514794442796 ], [ 74.643868719152636, 30.366514794442796 ], [ 74.643868719152636, 30.366424963244597 ], [ 74.643778887954426, 30.366424963244597 ], [ 74.643778887954426, 30.366245300848199 ], [ 74.64368905675623, 30.366245300848199 ], [ 74.64368905675623, 30.366155469649996 ], [ 74.643599225558035, 30.366155469649996 ], [ 74.643599225558035, 30.366065638451797 ], [ 74.643419563161629, 30.366065638451797 ], [ 74.643419563161629, 30.365975807253598 ], [ 74.643329731963433, 30.365975807253598 ], [ 74.643329731963433, 30.365885976055399 ], [ 74.643239900765224, 30.365885976055399 ], [ 74.643239900765224, 30.3657961448572 ], [ 74.643150069567028, 30.3657961448572 ], [ 74.643150069567028, 30.365616482460798 ], [ 74.643060238368832, 30.365616482460798 ], [ 74.643060238368832, 30.365526651262599 ], [ 74.642970407170637, 30.365526651262599 ], [ 74.642970407170637, 30.365436820064399 ], [ 74.641982263990428, 30.365436820064399 ], [ 74.641982263990428, 30.365526651262599 ], [ 74.641892432792233, 30.365526651262599 ], [ 74.641892432792233, 30.365436820064399 ], [ 74.641263614404835, 30.365436820064399 ], [ 74.641263614404835, 30.365526651262599 ], [ 74.640724627215633, 30.365526651262599 ], [ 74.640724627215633, 30.365436820064399 ], [ 74.640544964819227, 30.365436820064399 ], [ 74.640544964819227, 30.365526651262599 ], [ 74.640365302422836, 30.365526651262599 ], [ 74.640365302422836, 30.365706313658997 ], [ 74.640275471224626, 30.365706313658997 ], [ 74.640275471224626, 30.366245300848199 ], [ 74.640994120810234, 30.366245300848199 ], [ 74.640994120810234, 30.366335132046398 ], [ 74.640904289612024, 30.366335132046398 ], [ 74.640904289612024, 30.366424963244597 ], [ 74.640814458413828, 30.366424963244597 ], [ 74.640814458413828, 30.368580912001399 ], [ 74.641982263990428, 30.368580912001399 ] ] ] } },
{ "type": "Feature", "properties": { "source_field_id": "1659361", "source_area_m2": 124090.53, "confidence": null, "determination_datetime": "2025-01-01T05:30:00+05:30", "determination_method": "auto-imagery", "xmin": 74.647192473486029, "ymin": 30.367053781631999, "xmax": 74.653480657360035, "ymax": 30.370287704767197, "area_m2": 123994.7445209768, "area_ha": 12.39947445209768, "field_id": "FTW-IN-PB-1659361", "boundary_source": "FIELDS_OF_THE_WORLD_GLOBAL_PRUE_2024_2025", "boundary_type": "RESEARCH_FIELD_BOUNDARY", "research_boundary_disclaimer": "Model-derived remote-sensing field unit; not a cadastral or ownership boundary.", "source_provider": "Fields of The World / Source Cooperative", "source_dataset": "Global Fields of The World, Punjab partition", "source_url": "https://data.source.coop/ftw/global-data/predictions/vectors/alpha/results-by-admin-conf/admin:country_code=IN/IN_PB.parquet", "real_or_synthetic": "REAL", "centroid_lon": 74.64990656240731, "centroid_lat": 30.368675695515208, "data_status": "REAL_SATELLITE_OBSERVATIONS", "ground_truth_status": "NO_GROUND_TRUTH_WEAK_PROXY_LABELS_ONLY", "demo_rank": 52, "demo_category": "OTHER", "demo_score": 8.0, "cropland_fraction": 1.0 }, "geometry": { "type": "Polygon", "coordinates": [ [ [ 74.650516227819423, 30.367682600019396 ], [ 74.650516227819423, 30.367772431217599 ], [ 74.650426396621228, 30.367772431217599 ], [ 74.650426396621228, 30.367682600019396 ], [ 74.650156903026627, 30.367682600019396 ], [ 74.650156903026627, 30.367592768821197 ], [ 74.649887409432026, 30.367592768821197 ], [ 74.649887409432026, 30.367682600019396 ], [ 74.649707747035634, 30.367682600019396 ], [ 74.649707747035634, 30.367592768821197 ], [ 74.649617915837425, 30.367592768821197 ], [ 74.649617915837425, 30.367682600019396 ], [ 74.648539941459035, 30.367682600019396 ], [ 74.648539941459035, 30.367952093613997 ], [ 74.648450110260825, 30.367952093613997 ], [ 74.648450110260825, 30.367772431217599 ], [ 74.648360279062629, 30.367772431217599 ], [ 74.648360279062629, 30.367413106424799 ], [ 74.648450110260825, 30.367413106424799 ], [ 74.648450110260825, 30.3673232752266 ], [ 74.648360279062629, 30.3673232752266 ], [ 74.648360279062629, 30.367053781631999 ], [ 74.648270447864434, 30.367053781631999 ], [ 74.648270447864434, 30.367143612830198 ], [ 74.648180616666224, 30.367143612830198 ], [ 74.648180616666224, 30.367233444028397 ], [ 74.648090785468028, 30.367233444028397 ], [ 74.648090785468028, 30.3673232752266 ], [ 74.648000954269833, 30.3673232752266 ], [ 74.648000954269833, 30.367502937622998 ], [ 74.647911123071637, 30.367502937622998 ], [ 74.647911123071637, 30.367592768821197 ], [ 74.647821291873427, 30.367592768821197 ], [ 74.647821291873427, 30.367682600019396 ], [ 74.647731460675232, 30.367682600019396 ], [ 74.647731460675232, 30.367862262415798 ], [ 74.647641629477036, 30.367862262415798 ], [ 74.647641629477036, 30.368131756010399 ], [ 74.647461967080631, 30.368131756010399 ], [ 74.647461967080631, 30.368311418406797 ], [ 74.647372135882435, 30.368311418406797 ], [ 74.647372135882435, 30.368491080803199 ], [ 74.647282304684225, 30.368491080803199 ], [ 74.647282304684225, 30.368760574397797 ], [ 74.647192473486029, 30.368760574397797 ], [ 74.647192473486029, 30.369119899190597 ], [ 74.647282304684225, 30.369119899190597 ], [ 74.647282304684225, 30.369479223983397 ], [ 74.647372135882435, 30.369479223983397 ], [ 74.647372135882435, 30.369569055181596 ], [ 74.647282304684225, 30.369569055181596 ], [ 74.647282304684225, 30.369748717577998 ], [ 74.647372135882435, 30.369748717577998 ], [ 74.647372135882435, 30.370018211172599 ], [ 74.647461967080631, 30.370018211172599 ], [ 74.647461967080631, 30.370108042370799 ], [ 74.647641629477036, 30.370108042370799 ], [ 74.647641629477036, 30.370197873568998 ], [ 74.647731460675232, 30.370197873568998 ], [ 74.647731460675232, 30.370287704767197 ], [ 74.648360279062629, 30.370287704767197 ], [ 74.648360279062629, 30.370197873568998 ], [ 74.649168759846432, 30.370197873568998 ], [ 74.649168759846432, 30.370287704767197 ], [ 74.649528084639229, 30.370287704767197 ], [ 74.649528084639229, 30.370197873568998 ], [ 74.650246734224837, 30.370197873568998 ], [ 74.650246734224837, 30.369119899190597 ], [ 74.650336565423032, 30.369119899190597 ], [ 74.650336565423032, 30.370197873568998 ], [ 74.651055215008626, 30.370197873568998 ], [ 74.651055215008626, 30.369838548776197 ], [ 74.651145046206835, 30.369838548776197 ], [ 74.651145046206835, 30.369389392785198 ], [ 74.651234877405031, 30.369389392785198 ], [ 74.651234877405031, 30.368850405596 ], [ 74.651055215008626, 30.368850405596 ], [ 74.651055215008626, 30.368760574397797 ], [ 74.65096538381043, 30.368760574397797 ], [ 74.65096538381043, 30.368850405596 ], [ 74.650606059017633, 30.368850405596 ], [ 74.650606059017633, 30.368940236794199 ], [ 74.650426396621228, 30.368940236794199 ], [ 74.650426396621228, 30.369030067992398 ], [ 74.650246734224837, 30.369030067992398 ], [ 74.650246734224837, 30.368940236794199 ], [ 74.649707747035634, 30.368940236794199 ], [ 74.649707747035634, 30.369748717577998 ], [ 74.649617915837425, 30.369748717577998 ], [ 74.649617915837425, 30.368940236794199 ], [ 74.648360279062629, 30.368940236794199 ], [ 74.648360279062629, 30.369209730388796 ], [ 74.648450110260825, 30.369209730388796 ], [ 74.648450110260825, 30.369658886379799 ], [ 74.648360279062629, 30.369658886379799 ], [ 74.648360279062629, 30.369299561586999 ], [ 74.648180616666224, 30.369299561586999 ], [ 74.648180616666224, 30.369209730388796 ], [ 74.648270447864434, 30.369209730388796 ], [ 74.648270447864434, 30.368760574397797 ], [ 74.647641629477036, 30.368760574397797 ], [ 74.647641629477036, 30.368670743199598 ], [ 74.647731460675232, 30.368670743199598 ], [ 74.647731460675232, 30.368311418406797 ], [ 74.647821291873427, 30.368311418406797 ], [ 74.647821291873427, 30.368670743199598 ], [ 74.648180616666224, 30.368670743199598 ], [ 74.648180616666224, 30.368580912001399 ], [ 74.648360279062629, 30.368580912001399 ], [ 74.648360279062629, 30.368850405596 ], [ 74.649078928648237, 30.368850405596 ], [ 74.649078928648237, 30.368760574397797 ], [ 74.649977240630236, 30.368760574397797 ], [ 74.649977240630236, 30.368850405596 ], [ 74.650426396621228, 30.368850405596 ], [ 74.650426396621228, 30.368760574397797 ], [ 74.650516227819423, 30.368760574397797 ], [ 74.650516227819423, 30.368401249604997 ], [ 74.650426396621228, 30.368401249604997 ], [ 74.650426396621228, 30.367952093613997 ], [ 74.650516227819423, 30.367952093613997 ], [ 74.650516227819423, 30.368041924812196 ], [ 74.650606059017633, 30.368041924812196 ], [ 74.650606059017633, 30.368670743199598 ], [ 74.651953526990624, 30.368670743199598 ], [ 74.651953526990624, 30.368221587208598 ], [ 74.651863695792429, 30.368221587208598 ], [ 74.651863695792429, 30.368041924812196 ], [ 74.652043358188834, 30.368041924812196 ], [ 74.652043358188834, 30.368221587208598 ], [ 74.652223020585225, 30.368221587208598 ], [ 74.652223020585225, 30.367592768821197 ], [ 74.652312851783435, 30.367592768821197 ], [ 74.652312851783435, 30.368221587208598 ], [ 74.652672176576232, 30.368221587208598 ], [ 74.652672176576232, 30.368311418406797 ], [ 74.652043358188834, 30.368311418406797 ], [ 74.652043358188834, 30.368580912001399 ], [ 74.65213318938703, 30.368580912001399 ], [ 74.65213318938703, 30.368670743199598 ], [ 74.652402682981631, 30.368670743199598 ], [ 74.652402682981631, 30.368580912001399 ], [ 74.653480657360035, 30.368580912001399 ], [ 74.653480657360035, 30.368491080803199 ], [ 74.653390826161825, 30.368491080803199 ], [ 74.653390826161825, 30.368221587208598 ], [ 74.653300994963629, 30.368221587208598 ], [ 74.653300994963629, 30.368041924812196 ], [ 74.653211163765434, 30.368041924812196 ], [ 74.653211163765434, 30.367952093613997 ], [ 74.653121332567224, 30.367952093613997 ], [ 74.653121332567224, 30.367772431217599 ], [ 74.653031501369028, 30.367772431217599 ], [ 74.653031501369028, 30.367682600019396 ], [ 74.652941670170833, 30.367682600019396 ], [ 74.652941670170833, 30.367592768821197 ], [ 74.652851838972623, 30.367592768821197 ], [ 74.652851838972623, 30.367502937622998 ], [ 74.652762007774427, 30.367502937622998 ], [ 74.652762007774427, 30.367143612830198 ], [ 74.652402682981631, 30.367143612830198 ], [ 74.652402682981631, 30.367502937622998 ], [ 74.652312851783435, 30.367502937622998 ], [ 74.652312851783435, 30.367143612830198 ], [ 74.650695890215829, 30.367143612830198 ], [ 74.650695890215829, 30.367233444028397 ], [ 74.650606059017633, 30.367233444028397 ], [ 74.650606059017633, 30.367592768821197 ], [ 74.650695890215829, 30.367592768821197 ], [ 74.650695890215829, 30.367682600019396 ], [ 74.650516227819423, 30.367682600019396 ] ], [ [ 74.648539941459035, 30.369658886379799 ], [ 74.648539941459035, 30.369748717577998 ], [ 74.648450110260825, 30.369748717577998 ], [ 74.648450110260825, 30.369658886379799 ], [ 74.648539941459035, 30.369658886379799 ] ], [ [ 74.652043358188834, 30.367682600019396 ], [ 74.652043358188834, 30.367772431217599 ], [ 74.650695890215829, 30.367772431217599 ], [ 74.650695890215829, 30.367682600019396 ], [ 74.652043358188834, 30.367682600019396 ] ], [ [ 74.647731460675232, 30.369119899190597 ], [ 74.647821291873427, 30.369119899190597 ], [ 74.647821291873427, 30.369209730388796 ], [ 74.648000954269833, 30.369209730388796 ], [ 74.648000954269833, 30.369299561586999 ], [ 74.647821291873427, 30.369299561586999 ], [ 74.647821291873427, 30.369479223983397 ], [ 74.647731460675232, 30.369479223983397 ], [ 74.647731460675232, 30.369119899190597 ] ], [ [ 74.647731460675232, 30.368131756010399 ], [ 74.647821291873427, 30.368131756010399 ], [ 74.647821291873427, 30.368221587208598 ], [ 74.647731460675232, 30.368221587208598 ], [ 74.647731460675232, 30.368131756010399 ] ] ] } },
{ "type": "Feature", "properties": { "source_field_id": "1660606", "source_area_m2": 149938.72, "confidence": null, "determination_datetime": "2024-01-01T05:30:00+05:30", "determination_method": "auto-imagery", "xmin": 74.652223020585225, "ymin": 30.390050568371198, "xmax": 74.659948503630432, "ymax": 30.395530271461396, "area_m2": 149822.83250239931, "area_ha": 14.982283250239931, "field_id": "FTW-IN-PB-1660606", "boundary_source": "FIELDS_OF_THE_WORLD_GLOBAL_PRUE_2024_2025", "boundary_type": "RESEARCH_FIELD_BOUNDARY", "research_boundary_disclaimer": "Model-derived remote-sensing field unit; not a cadastral or ownership boundary.", "source_provider": "Fields of The World / Source Cooperative", "source_dataset": "Global Fields of The World, Punjab partition", "source_url": "https://data.source.coop/ftw/global-data/predictions/vectors/alpha/results-by-admin-conf/admin:country_code=IN/IN_PB.parquet", "real_or_synthetic": "REAL", "centroid_lon": 74.656029392196032, "centroid_lat": 30.392812153057864, "data_status": "REAL_SATELLITE_OBSERVATIONS", "ground_truth_status": "NO_GROUND_TRUTH_WEAK_PROXY_LABELS_ONLY", "demo_rank": 53, "demo_category": "OTHER", "demo_score": 8.0, "cropland_fraction": 1.0 }, "geometry": { "type": "Polygon", "coordinates": [ [ [ 74.655187450125837, 30.391757361137 ], [ 74.655187450125837, 30.391847192335199 ], [ 74.655097618927627, 30.391847192335199 ], [ 74.655097618927627, 30.391937023533398 ], [ 74.655007787729431, 30.391937023533398 ], [ 74.655007787729431, 30.392026854731597 ], [ 74.654828125333026, 30.392026854731597 ], [ 74.654828125333026, 30.392206517127999 ], [ 74.65473829413483, 30.392206517127999 ], [ 74.65473829413483, 30.392296348326198 ], [ 74.654558631738425, 30.392296348326198 ], [ 74.654558631738425, 30.392386179524397 ], [ 74.654468800540229, 30.392386179524397 ], [ 74.654468800540229, 30.392476010722596 ], [ 74.654289138143824, 30.392476010722596 ], [ 74.654289138143824, 30.392565841920799 ], [ 74.654199306945628, 30.392565841920799 ], [ 74.654199306945628, 30.392655673118998 ], [ 74.654109475747433, 30.392655673118998 ], [ 74.654109475747433, 30.392745504317197 ], [ 74.654019644549237, 30.392745504317197 ], [ 74.654019644549237, 30.392835335515397 ], [ 74.653839982152832, 30.392835335515397 ], [ 74.653839982152832, 30.392925166713599 ], [ 74.653750150954636, 30.392925166713599 ], [ 74.653750150954636, 30.393014997911799 ], [ 74.653660319756426, 30.393014997911799 ], [ 74.653660319756426, 30.393104829109998 ], [ 74.653570488558231, 30.393104829109998 ], [ 74.653570488558231, 30.3932844915064 ], [ 74.653390826161825, 30.3932844915064 ], [ 74.653390826161825, 30.393374322704599 ], [ 74.653300994963629, 30.393374322704599 ], [ 74.653300994963629, 30.393464153902798 ], [ 74.653211163765434, 30.393464153902798 ], [ 74.653211163765434, 30.393553985100997 ], [ 74.653121332567224, 30.393553985100997 ], [ 74.653121332567224, 30.393733647497399 ], [ 74.652941670170833, 30.393733647497399 ], [ 74.652941670170833, 30.393823478695598 ], [ 74.652851838972623, 30.393823478695598 ], [ 74.652851838972623, 30.393913309893797 ], [ 74.652762007774427, 30.393913309893797 ], [ 74.652762007774427, 30.394003141091996 ], [ 74.652672176576232, 30.394003141091996 ], [ 74.652672176576232, 30.394182803488398 ], [ 74.652492514179826, 30.394182803488398 ], [ 74.652492514179826, 30.394272634686597 ], [ 74.652402682981631, 30.394272634686597 ], [ 74.652402682981631, 30.394362465884797 ], [ 74.652312851783435, 30.394362465884797 ], [ 74.652312851783435, 30.394452297082999 ], [ 74.652223020585225, 30.394452297082999 ], [ 74.652223020585225, 30.394631959479398 ], [ 74.652402682981631, 30.394631959479398 ], [ 74.652402682981631, 30.394721790677597 ], [ 74.652582345378036, 30.394721790677597 ], [ 74.652582345378036, 30.3948116218758 ], [ 74.652762007774427, 30.3948116218758 ], [ 74.652762007774427, 30.394901453073999 ], [ 74.653031501369028, 30.394901453073999 ], [ 74.653031501369028, 30.394991284272198 ], [ 74.653211163765434, 30.394991284272198 ], [ 74.653211163765434, 30.395081115470397 ], [ 74.653570488558231, 30.395081115470397 ], [ 74.653570488558231, 30.394901453073999 ], [ 74.653480657360035, 30.394901453073999 ], [ 74.653480657360035, 30.3948116218758 ], [ 74.653570488558231, 30.3948116218758 ], [ 74.653570488558231, 30.394631959479398 ], [ 74.653660319756426, 30.394631959479398 ], [ 74.653660319756426, 30.394721790677597 ], [ 74.653839982152832, 30.394721790677597 ], [ 74.653839982152832, 30.394631959479398 ], [ 74.653929813351027, 30.394631959479398 ], [ 74.653929813351027, 30.395350609064998 ], [ 74.654109475747433, 30.395350609064998 ], [ 74.654109475747433, 30.395440440263197 ], [ 74.654378969342034, 30.395440440263197 ], [ 74.654378969342034, 30.395530271461396 ], [ 74.655187450125837, 30.395530271461396 ], [ 74.655187450125837, 30.395260777866799 ], [ 74.655097618927627, 30.395260777866799 ], [ 74.655097618927627, 30.394092972290199 ], [ 74.655187450125837, 30.394092972290199 ], [ 74.655187450125837, 30.394003141091996 ], [ 74.655277281324032, 30.394003141091996 ], [ 74.655277281324032, 30.394272634686597 ], [ 74.65590609971143, 30.394272634686597 ], [ 74.65590609971143, 30.3932844915064 ], [ 74.655456943720424, 30.3932844915064 ], [ 74.655456943720424, 30.393374322704599 ], [ 74.655187450125837, 30.393374322704599 ], [ 74.655187450125837, 30.3932844915064 ], [ 74.655097618927627, 30.3932844915064 ], [ 74.655097618927627, 30.393553985100997 ], [ 74.655187450125837, 30.393553985100997 ], [ 74.655187450125837, 30.393643816299196 ], [ 74.655277281324032, 30.393643816299196 ], [ 74.655277281324032, 30.393553985100997 ], [ 74.655367112522228, 30.393553985100997 ], [ 74.655367112522228, 30.393823478695598 ], [ 74.655277281324032, 30.393823478695598 ], [ 74.655277281324032, 30.393913309893797 ], [ 74.655187450125837, 30.393913309893797 ], [ 74.655187450125837, 30.393823478695598 ], [ 74.653750150954636, 30.393823478695598 ], [ 74.653750150954636, 30.394003141091996 ], [ 74.653660319756426, 30.394003141091996 ], [ 74.653660319756426, 30.393823478695598 ], [ 74.653570488558231, 30.393823478695598 ], [ 74.653570488558231, 30.393733647497399 ], [ 74.653480657360035, 30.393733647497399 ], [ 74.653480657360035, 30.393643816299196 ], [ 74.653660319756426, 30.393643816299196 ], [ 74.653660319756426, 30.393553985100997 ], [ 74.653750150954636, 30.393553985100997 ], [ 74.653750150954636, 30.393643816299196 ], [ 74.653839982152832, 30.393643816299196 ], [ 74.653839982152832, 30.393733647497399 ], [ 74.655007787729431, 30.393733647497399 ], [ 74.655007787729431, 30.3932844915064 ], [ 74.654828125333026, 30.3932844915064 ], [ 74.654828125333026, 30.393194660308197 ], [ 74.654558631738425, 30.393194660308197 ], [ 74.654558631738425, 30.393104829109998 ], [ 74.655187450125837, 30.393104829109998 ], [ 74.655187450125837, 30.392835335515397 ], [ 74.655277281324032, 30.392835335515397 ], [ 74.655277281324032, 30.392655673118998 ], [ 74.655367112522228, 30.392655673118998 ], [ 74.655367112522228, 30.392745504317197 ], [ 74.655995930909626, 30.392745504317197 ], [ 74.655995930909626, 30.392386179524397 ], [ 74.656085762107836, 30.392386179524397 ], [ 74.656085762107836, 30.392476010722596 ], [ 74.656175593306031, 30.392476010722596 ], [ 74.656175593306031, 30.392386179524397 ], [ 74.656355255702437, 30.392386179524397 ], [ 74.656355255702437, 30.392296348326198 ], [ 74.656534918098828, 30.392296348326198 ], [ 74.656534918098828, 30.392206517127999 ], [ 74.656624749297023, 30.392206517127999 ], [ 74.656624749297023, 30.392116685929796 ], [ 74.656804411693429, 30.392116685929796 ], [ 74.656804411693429, 30.392026854731597 ], [ 74.656984074089834, 30.392026854731597 ], [ 74.656984074089834, 30.391937023533398 ], [ 74.657163736486226, 30.391937023533398 ], [ 74.657163736486226, 30.392116685929796 ], [ 74.656984074089834, 30.392116685929796 ], [ 74.656984074089834, 30.392206517127999 ], [ 74.656804411693429, 30.392206517127999 ], [ 74.656804411693429, 30.392296348326198 ], [ 74.656624749297023, 30.392296348326198 ], [ 74.656624749297023, 30.392386179524397 ], [ 74.656445086900632, 30.392386179524397 ], [ 74.656445086900632, 30.392476010722596 ], [ 74.656265424504227, 30.392476010722596 ], [ 74.656265424504227, 30.392565841920799 ], [ 74.656175593306031, 30.392565841920799 ], [ 74.656175593306031, 30.392745504317197 ], [ 74.656085762107836, 30.392745504317197 ], [ 74.656085762107836, 30.393104829109998 ], [ 74.656624749297023, 30.393104829109998 ], [ 74.656624749297023, 30.393194660308197 ], [ 74.657702723675428, 30.393194660308197 ], [ 74.657702723675428, 30.393104829109998 ], [ 74.657972217270029, 30.393104829109998 ], [ 74.657972217270029, 30.392655673118998 ], [ 74.658062048468224, 30.392655673118998 ], [ 74.658062048468224, 30.392206517127999 ], [ 74.657433230080827, 30.392206517127999 ], [ 74.657433230080827, 30.392116685929796 ], [ 74.657343398882631, 30.392116685929796 ], [ 74.657343398882631, 30.392026854731597 ], [ 74.657523061279036, 30.392026854731597 ], [ 74.657523061279036, 30.392116685929796 ], [ 74.65824171086463, 30.392116685929796 ], [ 74.65824171086463, 30.392206517127999 ], [ 74.658151879666434, 30.392206517127999 ], [ 74.658151879666434, 30.392745504317197 ], [ 74.65824171086463, 30.392745504317197 ], [ 74.65824171086463, 30.392835335515397 ], [ 74.658151879666434, 30.392835335515397 ], [ 74.658151879666434, 30.393104829109998 ], [ 74.659499347639425, 30.393104829109998 ], [ 74.659499347639425, 30.393194660308197 ], [ 74.659948503630432, 30.393194660308197 ], [ 74.659948503630432, 30.393104829109998 ], [ 74.659858672432236, 30.393104829109998 ], [ 74.659858672432236, 30.393014997911799 ], [ 74.659768841234026, 30.393014997911799 ], [ 74.659768841234026, 30.392925166713599 ], [ 74.659679010035831, 30.392925166713599 ], [ 74.659679010035831, 30.392835335515397 ], [ 74.659589178837635, 30.392835335515397 ], [ 74.659589178837635, 30.392745504317197 ], [ 74.659499347639425, 30.392745504317197 ], [ 74.659499347639425, 30.392565841920799 ], [ 74.659409516441229, 30.392565841920799 ], [ 74.659409516441229, 30.392476010722596 ], [ 74.659319685243034, 30.392476010722596 ], [ 74.659319685243034, 30.392386179524397 ], [ 74.659229854044824, 30.392386179524397 ], [ 74.659229854044824, 30.392296348326198 ], [ 74.659140022846628, 30.392296348326198 ], [ 74.659140022846628, 30.392206517127999 ], [ 74.659050191648433, 30.392206517127999 ], [ 74.659050191648433, 30.392116685929796 ], [ 74.658960360450223, 30.392116685929796 ], [ 74.658960360450223, 30.392026854731597 ], [ 74.658870529252027, 30.392026854731597 ], [ 74.658870529252027, 30.391937023533398 ], [ 74.658780698053832, 30.391937023533398 ], [ 74.658780698053832, 30.391757361137 ], [ 74.658690866855636, 30.391757361137 ], [ 74.658690866855636, 30.391667529938797 ], [ 74.658601035657426, 30.391667529938797 ], [ 74.658601035657426, 30.391577698740598 ], [ 74.658511204459231, 30.391577698740598 ], [ 74.658511204459231, 30.391487867542399 ], [ 74.658421373261035, 30.391487867542399 ], [ 74.658421373261035, 30.391398036344199 ], [ 74.658331542062825, 30.391398036344199 ], [ 74.658331542062825, 30.391308205145997 ], [ 74.657972217270029, 30.391308205145997 ], [ 74.657972217270029, 30.391218373947797 ], [ 74.658062048468224, 30.391218373947797 ], [ 74.658062048468224, 30.391128542749598 ], [ 74.65824171086463, 30.391128542749598 ], [ 74.65824171086463, 30.391038711551399 ], [ 74.658421373261035, 30.391038711551399 ], [ 74.658421373261035, 30.390948880353196 ], [ 74.658601035657426, 30.390948880353196 ], [ 74.658601035657426, 30.390859049154997 ], [ 74.658690866855636, 30.390859049154997 ], [ 74.658690866855636, 30.390679386758599 ], [ 74.658601035657426, 30.390679386758599 ], [ 74.658601035657426, 30.390589555560396 ], [ 74.658511204459231, 30.390589555560396 ], [ 74.658511204459231, 30.390499724362197 ], [ 74.658421373261035, 30.390499724362197 ], [ 74.658421373261035, 30.390409893163998 ], [ 74.658331542062825, 30.390409893163998 ], [ 74.658331542062825, 30.390320061965799 ], [ 74.65824171086463, 30.390320061965799 ], [ 74.65824171086463, 30.390140399569397 ], [ 74.658151879666434, 30.390140399569397 ], [ 74.658151879666434, 30.390050568371198 ], [ 74.657792554873623, 30.390050568371198 ], [ 74.657792554873623, 30.390140399569397 ], [ 74.657702723675428, 30.390140399569397 ], [ 74.657702723675428, 30.3902302307676 ], [ 74.657523061279036, 30.3902302307676 ], [ 74.657523061279036, 30.390320061965799 ], [ 74.657343398882631, 30.390320061965799 ], [ 74.657343398882631, 30.390409893163998 ], [ 74.657163736486226, 30.390409893163998 ], [ 74.657163736486226, 30.390499724362197 ], [ 74.65707390528803, 30.390499724362197 ], [ 74.65707390528803, 30.390589555560396 ], [ 74.656894242891624, 30.390589555560396 ], [ 74.656894242891624, 30.390679386758599 ], [ 74.656804411693429, 30.390679386758599 ], [ 74.656804411693429, 30.390769217956798 ], [ 74.656624749297023, 30.390769217956798 ], [ 74.656624749297023, 30.390859049154997 ], [ 74.656445086900632, 30.390859049154997 ], [ 74.656445086900632, 30.390948880353196 ], [ 74.656355255702437, 30.390948880353196 ], [ 74.656355255702437, 30.391038711551399 ], [ 74.656175593306031, 30.391038711551399 ], [ 74.656175593306031, 30.391128542749598 ], [ 74.656085762107836, 30.391128542749598 ], [ 74.656085762107836, 30.391218373947797 ], [ 74.65590609971143, 30.391218373947797 ], [ 74.65590609971143, 30.391308205145997 ], [ 74.655816268513234, 30.391308205145997 ], [ 74.655816268513234, 30.391398036344199 ], [ 74.655726437315025, 30.391398036344199 ], [ 74.655726437315025, 30.391487867542399 ], [ 74.655546774918633, 30.391487867542399 ], [ 74.655546774918633, 30.391577698740598 ], [ 74.655456943720424, 30.391577698740598 ], [ 74.655456943720424, 30.391757361137 ], [ 74.655187450125837, 30.391757361137 ] ], [ [ 74.65590609971143, 30.392386179524397 ], [ 74.65590609971143, 30.392296348326198 ], [ 74.655995930909626, 30.392296348326198 ], [ 74.655995930909626, 30.392386179524397 ], [ 74.65590609971143, 30.392386179524397 ] ], [ [ 74.655816268513234, 30.392296348326198 ], [ 74.655816268513234, 30.392206517127999 ], [ 74.65590609971143, 30.392206517127999 ], [ 74.65590609971143, 30.392296348326198 ], [ 74.655816268513234, 30.392296348326198 ] ], [ [ 74.655726437315025, 30.392206517127999 ], [ 74.655726437315025, 30.392116685929796 ], [ 74.655816268513234, 30.392116685929796 ], [ 74.655816268513234, 30.392206517127999 ], [ 74.655726437315025, 30.392206517127999 ] ], [ [ 74.657972217270029, 30.391398036344199 ], [ 74.657882386071833, 30.391398036344199 ], [ 74.657882386071833, 30.391487867542399 ], [ 74.657702723675428, 30.391487867542399 ], [ 74.657702723675428, 30.391398036344199 ], [ 74.657792554873623, 30.391398036344199 ], [ 74.657792554873623, 30.391308205145997 ], [ 74.657972217270029, 30.391308205145997 ], [ 74.657972217270029, 30.391398036344199 ] ], [ [ 74.657702723675428, 30.391577698740598 ], [ 74.657612892477232, 30.391577698740598 ], [ 74.657612892477232, 30.391667529938797 ], [ 74.657523061279036, 30.391667529938797 ], [ 74.657523061279036, 30.391757361137 ], [ 74.657343398882631, 30.391757361137 ], [ 74.657343398882631, 30.391667529938797 ], [ 74.657433230080827, 30.391667529938797 ], [ 74.657433230080827, 30.391487867542399 ], [ 74.657702723675428, 30.391487867542399 ], [ 74.657702723675428, 30.391577698740598 ] ], [ [ 74.657343398882631, 30.391847192335199 ], [ 74.657253567684435, 30.391847192335199 ], [ 74.657253567684435, 30.391757361137 ], [ 74.657343398882631, 30.391757361137 ], [ 74.657343398882631, 30.391847192335199 ] ], [ [ 74.655546774918633, 30.391757361137 ], [ 74.655546774918633, 30.391847192335199 ], [ 74.655456943720424, 30.391847192335199 ], [ 74.655456943720424, 30.391757361137 ], [ 74.655546774918633, 30.391757361137 ] ], [ [ 74.655636606116829, 30.391847192335199 ], [ 74.655636606116829, 30.391937023533398 ], [ 74.655546774918633, 30.391937023533398 ], [ 74.655546774918633, 30.391847192335199 ], [ 74.655636606116829, 30.391847192335199 ] ], [ [ 74.653570488558231, 30.394272634686597 ], [ 74.653660319756426, 30.394272634686597 ], [ 74.653660319756426, 30.394182803488398 ], [ 74.653750150954636, 30.394182803488398 ], [ 74.653750150954636, 30.394272634686597 ], [ 74.653839982152832, 30.394272634686597 ], [ 74.653839982152832, 30.394362465884797 ], [ 74.653570488558231, 30.394362465884797 ], [ 74.653570488558231, 30.394272634686597 ] ], [ [ 74.652941670170833, 30.394182803488398 ], [ 74.653211163765434, 30.394182803488398 ], [ 74.653211163765434, 30.394272634686597 ], [ 74.652941670170833, 30.394272634686597 ], [ 74.652941670170833, 30.394182803488398 ] ] ] } },
{ "type": "Feature", "properties": { "source_field_id": "1661746", "source_area_m2": 129419.45, "confidence": null, "determination_datetime": "2024-01-01T05:30:00+05:30", "determination_method": "auto-imagery", "xmin": 74.697677606874436, "ymin": 30.368940236794199, "xmax": 74.702887816370037, "ymax": 30.373521627902399, "area_m2": 129318.57365303166, "area_ha": 12.931857365303166, "field_id": "FTW-IN-PB-1661746", "boundary_source": "FIELDS_OF_THE_WORLD_GLOBAL_PRUE_2024_2025", "boundary_type": "RESEARCH_FIELD_BOUNDARY", "research_boundary_disclaimer": "Model-derived remote-sensing field unit; not a cadastral or ownership boundary.", "source_provider": "Fields of The World / Source Cooperative", "source_dataset": "Global Fields of The World, Punjab partition", "source_url": "https://data.source.coop/ftw/global-data/predictions/vectors/alpha/results-by-admin-conf/admin:country_code=IN/IN_PB.parquet", "real_or_synthetic": "REAL", "centroid_lon": 74.700887252336585, "centroid_lat": 30.370731094864276, "data_status": "REAL_SATELLITE_OBSERVATIONS", "ground_truth_status": "NO_GROUND_TRUTH_WEAK_PROXY_LABELS_ONLY", "demo_rank": 54, "demo_category": "OTHER", "demo_score": 8.0, "cropland_fraction": 1.0 }, "geometry": { "type": "Polygon", "coordinates": [ [ [ 74.701989504388024, 30.373521627902399 ], [ 74.701989504388024, 30.3734317967042 ], [ 74.702079335586234, 30.3734317967042 ], [ 74.702079335586234, 30.373072471911399 ], [ 74.702169166784429, 30.373072471911399 ], [ 74.702169166784429, 30.372623315920396 ], [ 74.702258997982625, 30.372623315920396 ], [ 74.702258997982625, 30.373072471911399 ], [ 74.702797985171827, 30.373072471911399 ], [ 74.702797985171827, 30.372084328731198 ], [ 74.702887816370037, 30.372084328731198 ], [ 74.702887816370037, 30.371814835136597 ], [ 74.702797985171827, 30.371814835136597 ], [ 74.702797985171827, 30.369479223983397 ], [ 74.701809841991633, 30.369479223983397 ], [ 74.701809841991633, 30.369569055181596 ], [ 74.701540348397032, 30.369569055181596 ], [ 74.701540348397032, 30.371455510343797 ], [ 74.701630179595227, 30.371455510343797 ], [ 74.701630179595227, 30.371545341541999 ], [ 74.702169166784429, 30.371545341541999 ], [ 74.702169166784429, 30.370287704767197 ], [ 74.702258997982625, 30.370287704767197 ], [ 74.702258997982625, 30.371814835136597 ], [ 74.702169166784429, 30.371814835136597 ], [ 74.702169166784429, 30.371725003938398 ], [ 74.702079335586234, 30.371725003938398 ], [ 74.702079335586234, 30.371635172740199 ], [ 74.701450517198836, 30.371635172740199 ], [ 74.701450517198836, 30.369569055181596 ], [ 74.70100136120783, 30.369569055181596 ], [ 74.70100136120783, 30.370018211172599 ], [ 74.700911530009634, 30.370018211172599 ], [ 74.700911530009634, 30.369569055181596 ], [ 74.700462374018628, 30.369569055181596 ], [ 74.700462374018628, 30.369479223983397 ], [ 74.701091192406025, 30.369479223983397 ], [ 74.701091192406025, 30.369389392785198 ], [ 74.701540348397032, 30.369389392785198 ], [ 74.701540348397032, 30.369030067992398 ], [ 74.701450517198836, 30.369030067992398 ], [ 74.701450517198836, 30.368940236794199 ], [ 74.700103049225831, 30.368940236794199 ], [ 74.700103049225831, 30.370467367163599 ], [ 74.700013218027635, 30.370467367163599 ], [ 74.700013218027635, 30.368940236794199 ], [ 74.697677606874436, 30.368940236794199 ], [ 74.697677606874436, 30.369030067992398 ], [ 74.697767438072631, 30.369030067992398 ], [ 74.697767438072631, 30.369119899190597 ], [ 74.697857269270827, 30.369119899190597 ], [ 74.697857269270827, 30.369209730388796 ], [ 74.697947100469037, 30.369209730388796 ], [ 74.697947100469037, 30.369389392785198 ], [ 74.698036931667232, 30.369389392785198 ], [ 74.698036931667232, 30.369479223983397 ], [ 74.698126762865428, 30.369479223983397 ], [ 74.698126762865428, 30.369569055181596 ], [ 74.698216594063624, 30.369569055181596 ], [ 74.698216594063624, 30.369658886379799 ], [ 74.698306425261833, 30.369658886379799 ], [ 74.698306425261833, 30.369748717577998 ], [ 74.698396256460029, 30.369748717577998 ], [ 74.698396256460029, 30.369838548776197 ], [ 74.698486087658225, 30.369838548776197 ], [ 74.698486087658225, 30.369928379974397 ], [ 74.698575918856434, 30.369928379974397 ], [ 74.698575918856434, 30.370108042370799 ], [ 74.69866575005463, 30.370108042370799 ], [ 74.69866575005463, 30.370197873568998 ], [ 74.698755581252826, 30.370197873568998 ], [ 74.698755581252826, 30.370287704767197 ], [ 74.698845412451035, 30.370287704767197 ], [ 74.698845412451035, 30.3703775359654 ], [ 74.698935243649231, 30.3703775359654 ], [ 74.698935243649231, 30.370467367163599 ], [ 74.699025074847427, 30.370467367163599 ], [ 74.699025074847427, 30.370647029559997 ], [ 74.699114906045637, 30.370647029559997 ], [ 74.699114906045637, 30.370736860758196 ], [ 74.699204737243832, 30.370736860758196 ], [ 74.699204737243832, 30.370826691956399 ], [ 74.699294568442028, 30.370826691956399 ], [ 74.699294568442028, 30.370916523154598 ], [ 74.699384399640223, 30.370916523154598 ], [ 74.699384399640223, 30.371006354352797 ], [ 74.699474230838433, 30.371006354352797 ], [ 74.699474230838433, 30.371096185550996 ], [ 74.699564062036629, 30.371096185550996 ], [ 74.699564062036629, 30.371275847947398 ], [ 74.699653893234824, 30.371275847947398 ], [ 74.699653893234824, 30.371365679145597 ], [ 74.699743724433034, 30.371365679145597 ], [ 74.699743724433034, 30.371455510343797 ], [ 74.69983355563123, 30.371455510343797 ], [ 74.69983355563123, 30.371545341541999 ], [ 74.700103049225831, 30.371545341541999 ], [ 74.700103049225831, 30.371725003938398 ], [ 74.700192880424026, 30.371725003938398 ], [ 74.700192880424026, 30.371814835136597 ], [ 74.700282711622236, 30.371814835136597 ], [ 74.700282711622236, 30.3719046663348 ], [ 74.700372542820432, 30.3719046663348 ], [ 74.700372542820432, 30.371994497532999 ], [ 74.700462374018628, 30.371994497532999 ], [ 74.700462374018628, 30.372084328731198 ], [ 74.700552205216823, 30.372084328731198 ], [ 74.700552205216823, 30.372263991127596 ], [ 74.700731867613229, 30.372263991127596 ], [ 74.700731867613229, 30.370287704767197 ], [ 74.700642036415033, 30.370287704767197 ], [ 74.700642036415033, 30.369928379974397 ], [ 74.700731867613229, 30.369928379974397 ], [ 74.700731867613229, 30.370197873568998 ], [ 74.700821698811424, 30.370197873568998 ], [ 74.700821698811424, 30.372263991127596 ], [ 74.700911530009634, 30.372263991127596 ], [ 74.700911530009634, 30.372533484722197 ], [ 74.70100136120783, 30.372533484722197 ], [ 74.70100136120783, 30.372623315920396 ], [ 74.701091192406025, 30.372623315920396 ], [ 74.701091192406025, 30.372713147118599 ], [ 74.701181023604235, 30.372713147118599 ], [ 74.701181023604235, 30.372802978316798 ], [ 74.701270854802431, 30.372802978316798 ], [ 74.701270854802431, 30.372982640713197 ], [ 74.701360686000626, 30.372982640713197 ], [ 74.701360686000626, 30.373072471911399 ], [ 74.701450517198836, 30.373072471911399 ], [ 74.701450517198836, 30.373252134307798 ], [ 74.701540348397032, 30.373252134307798 ], [ 74.701540348397032, 30.373341965505997 ], [ 74.701630179595227, 30.373341965505997 ], [ 74.701630179595227, 30.3734317967042 ], [ 74.701720010793423, 30.3734317967042 ], [ 74.701720010793423, 30.373521627902399 ], [ 74.701989504388024, 30.373521627902399 ] ], [ [ 74.702079335586234, 30.372084328731198 ], [ 74.702169166784429, 30.372084328731198 ], [ 74.702169166784429, 30.372533484722197 ], [ 74.702079335586234, 30.372533484722197 ], [ 74.702079335586234, 30.372084328731198 ] ], [ [ 74.700013218027635, 30.371006354352797 ], [ 74.700103049225831, 30.371006354352797 ], [ 74.700103049225831, 30.371365679145597 ], [ 74.700013218027635, 30.371365679145597 ], [ 74.700013218027635, 30.371006354352797 ] ], [ [ 74.700103049225831, 30.370557198361798 ], [ 74.700192880424026, 30.370557198361798 ], [ 74.700192880424026, 30.370826691956399 ], [ 74.700103049225831, 30.370826691956399 ], [ 74.700103049225831, 30.370557198361798 ] ] ] } },
{ "type": "Feature", "properties": { "source_field_id": "1663770", "source_area_m2": 119763.17, "confidence": null, "determination_datetime": "2024-01-01T05:30:00+05:30", "determination_method": "auto-imagery", "xmin": 74.718338782460435, "ymin": 30.246140988854798, "xmax": 74.722381186379437, "ymax": 30.250093561575596, "area_m2": 113115.79617729115, "area_ha": 11.311579617729116, "field_id": "FTW-IN-PB-1663770", "boundary_source": "FIELDS_OF_THE_WORLD_GLOBAL_PRUE_2024_2025", "boundary_type": "RESEARCH_FIELD_BOUNDARY", "research_boundary_disclaimer": "Model-derived remote-sensing field unit; not a cadastral or ownership boundary.", "source_provider": "Fields of The World / Source Cooperative", "source_dataset": "Global Fields of The World, Punjab partition", "source_url": "https://data.source.coop/ftw/global-data/predictions/vectors/alpha/results-by-admin-conf/admin:country_code=IN/IN_PB.parquet", "real_or_synthetic": "REAL", "centroid_lon": 74.720421918169151, "centroid_lat": 30.247992090029118, "data_status": "REAL_SATELLITE_OBSERVATIONS", "ground_truth_status": "NO_GROUND_TRUTH_WEAK_PROXY_LABELS_ONLY", "demo_rank": 55, "demo_category": "OTHER", "demo_score": 8.0, "cropland_fraction": 1.0 }, "geometry": { "type": "Polygon", "coordinates": [ [ [ 74.722111692784836, 30.246410482449399 ], [ 74.722111692784836, 30.246140988854798 ], [ 74.72076422481183, 30.246140988854798 ], [ 74.72076422481183, 30.246230820052997 ], [ 74.719506588037035, 30.246230820052997 ], [ 74.719506588037035, 30.2463206512512 ], [ 74.718428613658631, 30.2463206512512 ], [ 74.718428613658631, 30.246410482449399 ], [ 74.718338782460435, 30.246410482449399 ], [ 74.718338782460435, 30.246500313647598 ], [ 74.718428613658631, 30.246500313647598 ], [ 74.718428613658631, 30.246679976043996 ], [ 74.718518444856826, 30.246679976043996 ], [ 74.718518444856826, 30.246859638440398 ], [ 74.718608276055036, 30.246859638440398 ], [ 74.718608276055036, 30.247039300836796 ], [ 74.718518444856826, 30.247039300836796 ], [ 74.718518444856826, 30.247308794431397 ], [ 74.718608276055036, 30.247308794431397 ], [ 74.718608276055036, 30.247488456827799 ], [ 74.719506588037035, 30.247488456827799 ], [ 74.719506588037035, 30.247578288025998 ], [ 74.718698107253232, 30.247578288025998 ], [ 74.718698107253232, 30.2478477816206 ], [ 74.718787938451428, 30.2478477816206 ], [ 74.718787938451428, 30.248117275215197 ], [ 74.718877769649623, 30.248117275215197 ], [ 74.718877769649623, 30.248207106413396 ], [ 74.720674393613635, 30.248207106413396 ], [ 74.720674393613635, 30.248296937611599 ], [ 74.719416756838825, 30.248296937611599 ], [ 74.719416756838825, 30.248386768809798 ], [ 74.718967600847833, 30.248386768809798 ], [ 74.718967600847833, 30.248656262404399 ], [ 74.719057432046029, 30.248656262404399 ], [ 74.719057432046029, 30.249195249593598 ], [ 74.719147263244224, 30.249195249593598 ], [ 74.719147263244224, 30.249285080791797 ], [ 74.719237094442434, 30.249285080791797 ], [ 74.719237094442434, 30.24937491199 ], [ 74.719147263244224, 30.24937491199 ], [ 74.719147263244224, 30.249734236782796 ], [ 74.719237094442434, 30.249734236782796 ], [ 74.719237094442434, 30.250003730377397 ], [ 74.71932692564063, 30.250003730377397 ], [ 74.71932692564063, 30.250093561575596 ], [ 74.719416756838825, 30.250093561575596 ], [ 74.719416756838825, 30.250003730377397 ], [ 74.72076422481183, 30.250003730377397 ], [ 74.72076422481183, 30.249913899179198 ], [ 74.721933355144259, 30.249913899179198 ], [ 74.721987619101355, 30.249195249593598 ], [ 74.72076422481183, 30.249195249593598 ], [ 74.72076422481183, 30.249285080791797 ], [ 74.71932692564063, 30.249285080791797 ], [ 74.71932692564063, 30.249195249593598 ], [ 74.720315068820824, 30.249195249593598 ], [ 74.720315068820824, 30.249105418395398 ], [ 74.721572705595634, 30.249105418395398 ], [ 74.721572705595634, 30.249015587197199 ], [ 74.721752367992025, 30.249015587197199 ], [ 74.721752367992025, 30.249105418395398 ], [ 74.721842199190235, 30.249105418395398 ], [ 74.721842199190235, 30.249015587197199 ], [ 74.722001185090633, 30.249015587197199 ], [ 74.722028317069174, 30.248656262404399 ], [ 74.721662536793829, 30.248656262404399 ], [ 74.721662536793829, 30.248746093602598 ], [ 74.721572705595634, 30.248746093602598 ], [ 74.721572705595634, 30.248656262404399 ], [ 74.72076422481183, 30.248656262404399 ], [ 74.72076422481183, 30.248566431206196 ], [ 74.722035100063806, 30.248566431206196 ], [ 74.722055449047716, 30.248296937611599 ], [ 74.721752367992025, 30.248296937611599 ], [ 74.721752367992025, 30.248207106413396 ], [ 74.722062232042362, 30.248207106413396 ], [ 74.722089364020903, 30.2478477816206 ], [ 74.720943887208236, 30.2478477816206 ], [ 74.720943887208236, 30.247757950422397 ], [ 74.722096147015534, 30.247757950422397 ], [ 74.72212327899409, 30.247398625629597 ], [ 74.721662536793829, 30.247398625629597 ], [ 74.721662536793829, 30.247308794431397 ], [ 74.722130061988722, 30.247308794431397 ], [ 74.722170759956541, 30.246769807242199 ], [ 74.722111692784836, 30.246769807242199 ], [ 74.722111692784836, 30.246679976043996 ], [ 74.721123549604627, 30.246679976043996 ], [ 74.721123549604627, 30.246769807242199 ], [ 74.719686250433426, 30.246769807242199 ], [ 74.719686250433426, 30.246679976043996 ], [ 74.720404900019034, 30.246679976043996 ], [ 74.720404900019034, 30.246590144845797 ], [ 74.720494731217229, 30.246590144845797 ], [ 74.720494731217229, 30.246679976043996 ], [ 74.72076422481183, 30.246679976043996 ], [ 74.72076422481183, 30.246590144845797 ], [ 74.722111692784836, 30.246590144845797 ], [ 74.722111692784836, 30.246500313647598 ], [ 74.72219110894045, 30.246500313647598 ], [ 74.722197891935082, 30.246410482449399 ], [ 74.722111692784836, 30.246410482449399 ] ], [ [ 74.721662536793829, 30.247488456827799 ], [ 74.720854056010026, 30.247488456827799 ], [ 74.720854056010026, 30.247398625629597 ], [ 74.721303212001033, 30.247398625629597 ], [ 74.721303212001033, 30.247308794431397 ], [ 74.721482874397424, 30.247308794431397 ], [ 74.721482874397424, 30.247398625629597 ], [ 74.721662536793829, 30.247398625629597 ], [ 74.721662536793829, 30.247488456827799 ] ], [ [ 74.721123549604627, 30.248117275215197 ], [ 74.721213380802837, 30.248117275215197 ], [ 74.721213380802837, 30.248207106413396 ], [ 74.721123549604627, 30.248207106413396 ], [ 74.721123549604627, 30.248117275215197 ] ], [ [ 74.719776081631636, 30.2478477816206 ], [ 74.720404900019034, 30.2478477816206 ], [ 74.720404900019034, 30.247757950422397 ], [ 74.720584562415425, 30.247757950422397 ], [ 74.720584562415425, 30.2478477816206 ], [ 74.720674393613635, 30.2478477816206 ], [ 74.720674393613635, 30.247937612818799 ], [ 74.719776081631636, 30.247937612818799 ], [ 74.719776081631636, 30.2478477816206 ] ], [ [ 74.719955744028027, 30.247398625629597 ], [ 74.720135406424433, 30.247398625629597 ], [ 74.720135406424433, 30.247578288025998 ], [ 74.719955744028027, 30.247578288025998 ], [ 74.719955744028027, 30.247398625629597 ] ], [ [ 74.720404900019034, 30.247308794431397 ], [ 74.720494731217229, 30.247308794431397 ], [ 74.720494731217229, 30.247398625629597 ], [ 74.720584562415425, 30.247398625629597 ], [ 74.720584562415425, 30.247488456827799 ], [ 74.720494731217229, 30.247488456827799 ], [ 74.720494731217229, 30.247578288025998 ], [ 74.720404900019034, 30.247578288025998 ], [ 74.720404900019034, 30.247308794431397 ] ], [ [ 74.720404900019034, 30.247129132034999 ], [ 74.720315068820824, 30.247129132034999 ], [ 74.720315068820824, 30.247039300836796 ], [ 74.720584562415425, 30.247039300836796 ], [ 74.720584562415425, 30.247129132034999 ], [ 74.720494731217229, 30.247129132034999 ], [ 74.720494731217229, 30.247218963233198 ], [ 74.720404900019034, 30.247218963233198 ], [ 74.720404900019034, 30.247129132034999 ] ], [ [ 74.719955744028027, 30.247039300836796 ], [ 74.720135406424433, 30.247039300836796 ], [ 74.720135406424433, 30.247129132034999 ], [ 74.719955744028027, 30.247129132034999 ], [ 74.719955744028027, 30.247039300836796 ] ], [ [ 74.721303212001033, 30.247039300836796 ], [ 74.721393043199228, 30.247039300836796 ], [ 74.721393043199228, 30.247129132034999 ], [ 74.721303212001033, 30.247129132034999 ], [ 74.721303212001033, 30.247039300836796 ] ], [ [ 74.718877769649623, 30.246769807242199 ], [ 74.719416756838825, 30.246769807242199 ], [ 74.719416756838825, 30.246859638440398 ], [ 74.718877769649623, 30.246859638440398 ], [ 74.718877769649623, 30.246769807242199 ] ] ] } },
{ "type": "Feature", "properties": { "source_field_id": "1664628", "source_area_m2": 132481.14, "confidence": null, "determination_datetime": "2024-01-01T05:30:00+05:30", "determination_method": "auto-imagery", "xmin": 74.723010004766834, "ymin": 30.264825878080398, "xmax": 74.728938863848029, "ymax": 30.267969970017397, "area_m2": 132377.4450677479, "area_ha": 13.23774450677479, "field_id": "FTW-IN-PB-1664628", "boundary_source": "FIELDS_OF_THE_WORLD_GLOBAL_PRUE_2024_2025", "boundary_type": "RESEARCH_FIELD_BOUNDARY", "research_boundary_disclaimer": "Model-derived remote-sensing field unit; not a cadastral or ownership boundary.", "source_provider": "Fields of The World / Source Cooperative", "source_dataset": "Global Fields of The World, Punjab partition", "source_url": "https://data.source.coop/ftw/global-data/predictions/vectors/alpha/results-by-admin-conf/admin:country_code=IN/IN_PB.parquet", "real_or_synthetic": "REAL", "centroid_lon": 74.725958470186782, "centroid_lat": 30.266431664581305, "data_status": "REAL_SATELLITE_OBSERVATIONS", "ground_truth_status": "NO_GROUND_TRUTH_WEAK_PROXY_LABELS_ONLY", "demo_rank": 56, "demo_category": "OTHER", "demo_score": 8.0, "cropland_fraction": 1.0 }, "geometry": { "type": "Polygon", "coordinates": [ [ [ 74.726423590298424, 30.267969970017397 ], [ 74.726423590298424, 30.267790307620999 ], [ 74.726333759100228, 30.267790307620999 ], [ 74.726333759100228, 30.267700476422799 ], [ 74.726423590298424, 30.267700476422799 ], [ 74.726423590298424, 30.267610645224597 ], [ 74.726513421496634, 30.267610645224597 ], [ 74.726513421496634, 30.267700476422799 ], [ 74.727771058271429, 30.267700476422799 ], [ 74.727771058271429, 30.267610645224597 ], [ 74.727860889469625, 30.267610645224597 ], [ 74.727860889469625, 30.267700476422799 ], [ 74.728489707857037, 30.267700476422799 ], [ 74.728489707857037, 30.266712333242598 ], [ 74.726513421496634, 30.266712333242598 ], [ 74.726513421496634, 30.266981826837199 ], [ 74.726423590298424, 30.266981826837199 ], [ 74.726423590298424, 30.266712333242598 ], [ 74.725884603109236, 30.266712333242598 ], [ 74.725884603109236, 30.266622502044399 ], [ 74.727321902280437, 30.266622502044399 ], [ 74.727321902280437, 30.266532670846196 ], [ 74.727411733478633, 30.266532670846196 ], [ 74.727411733478633, 30.266622502044399 ], [ 74.727771058271429, 30.266622502044399 ], [ 74.727771058271429, 30.266532670846196 ], [ 74.727950720667835, 30.266532670846196 ], [ 74.727950720667835, 30.266622502044399 ], [ 74.728310045460631, 30.266622502044399 ], [ 74.728310045460631, 30.266532670846196 ], [ 74.728938863848029, 30.266532670846196 ], [ 74.728938863848029, 30.266442839647997 ], [ 74.728849032649833, 30.266442839647997 ], [ 74.728849032649833, 30.266353008449798 ], [ 74.728669370253428, 30.266353008449798 ], [ 74.728669370253428, 30.266173346053399 ], [ 74.728579539055232, 30.266173346053399 ], [ 74.728579539055232, 30.266083514855197 ], [ 74.728489707857037, 30.266083514855197 ], [ 74.728489707857037, 30.265993683656998 ], [ 74.728399876658827, 30.265993683656998 ], [ 74.728399876658827, 30.265903852458798 ], [ 74.728220214262436, 30.265903852458798 ], [ 74.728220214262436, 30.265814021260599 ], [ 74.728130383064226, 30.265814021260599 ], [ 74.728130383064226, 30.265724190062397 ], [ 74.72804055186603, 30.265724190062397 ], [ 74.72804055186603, 30.265634358864197 ], [ 74.727950720667835, 30.265634358864197 ], [ 74.727950720667835, 30.265544527665998 ], [ 74.727860889469625, 30.265544527665998 ], [ 74.727860889469625, 30.265364865269596 ], [ 74.727771058271429, 30.265364865269596 ], [ 74.727771058271429, 30.265275034071397 ], [ 74.727681227073234, 30.265275034071397 ], [ 74.727681227073234, 30.265185202873198 ], [ 74.727591395875024, 30.265185202873198 ], [ 74.727591395875024, 30.265095371674999 ], [ 74.727501564676828, 30.265095371674999 ], [ 74.727501564676828, 30.265005540476796 ], [ 74.727411733478633, 30.265005540476796 ], [ 74.727411733478633, 30.264915709278597 ], [ 74.725974434307432, 30.264915709278597 ], [ 74.725974434307432, 30.265005540476796 ], [ 74.725884603109236, 30.265005540476796 ], [ 74.725884603109236, 30.264915709278597 ], [ 74.725525278316425, 30.264915709278597 ], [ 74.725525278316425, 30.264825878080398 ], [ 74.724806628730832, 30.264825878080398 ], [ 74.724806628730832, 30.264915709278597 ], [ 74.723728654352428, 30.264915709278597 ], [ 74.723728654352428, 30.265454696467799 ], [ 74.723818485550623, 30.265454696467799 ], [ 74.723818485550623, 30.265544527665998 ], [ 74.723998147947029, 30.265544527665998 ], [ 74.723998147947029, 30.265454696467799 ], [ 74.724087979145224, 30.265454696467799 ], [ 74.724087979145224, 30.265544527665998 ], [ 74.725076122325433, 30.265544527665998 ], [ 74.725076122325433, 30.265454696467799 ], [ 74.725165953523629, 30.265454696467799 ], [ 74.725165953523629, 30.265544527665998 ], [ 74.725794771911026, 30.265544527665998 ], [ 74.725794771911026, 30.265454696467799 ], [ 74.725974434307432, 30.265454696467799 ], [ 74.725974434307432, 30.265544527665998 ], [ 74.726423590298424, 30.265544527665998 ], [ 74.726423590298424, 30.265454696467799 ], [ 74.726603252694829, 30.265454696467799 ], [ 74.726603252694829, 30.265544527665998 ], [ 74.727321902280437, 30.265544527665998 ], [ 74.727321902280437, 30.265634358864197 ], [ 74.723728654352428, 30.265634358864197 ], [ 74.723728654352428, 30.266173346053399 ], [ 74.723818485550623, 30.266173346053399 ], [ 74.723818485550623, 30.266263177251599 ], [ 74.724087979145224, 30.266263177251599 ], [ 74.724087979145224, 30.266173346053399 ], [ 74.724177810343434, 30.266173346053399 ], [ 74.724177810343434, 30.266083514855197 ], [ 74.724087979145224, 30.266083514855197 ], [ 74.724087979145224, 30.265903852458798 ], [ 74.724177810343434, 30.265903852458798 ], [ 74.724177810343434, 30.265993683656998 ], [ 74.72426764154163, 30.265993683656998 ], [ 74.72426764154163, 30.266263177251599 ], [ 74.724357472739825, 30.266263177251599 ], [ 74.724357472739825, 30.266353008449798 ], [ 74.723818485550623, 30.266353008449798 ], [ 74.723818485550623, 30.266891995638996 ], [ 74.725345615920034, 30.266891995638996 ], [ 74.725345615920034, 30.266981826837199 ], [ 74.724447303938035, 30.266981826837199 ], [ 74.724447303938035, 30.267071658035398 ], [ 74.72426764154163, 30.267071658035398 ], [ 74.72426764154163, 30.266981826837199 ], [ 74.724087979145224, 30.266981826837199 ], [ 74.724087979145224, 30.267071658035398 ], [ 74.723189667163226, 30.267071658035398 ], [ 74.723189667163226, 30.267161489233597 ], [ 74.723010004766834, 30.267161489233597 ], [ 74.723010004766834, 30.267610645224597 ], [ 74.723369329559631, 30.267610645224597 ], [ 74.723369329559631, 30.267700476422799 ], [ 74.723998147947029, 30.267700476422799 ], [ 74.723998147947029, 30.267790307620999 ], [ 74.724896459929028, 30.267790307620999 ], [ 74.724896459929028, 30.267880138819198 ], [ 74.725794771911026, 30.267880138819198 ], [ 74.725794771911026, 30.267969970017397 ], [ 74.726423590298424, 30.267969970017397 ] ], [ [ 74.725704940712831, 30.267161489233597 ], [ 74.725794771911026, 30.267161489233597 ], [ 74.725794771911026, 30.267790307620999 ], [ 74.725704940712831, 30.267790307620999 ], [ 74.725704940712831, 30.267161489233597 ] ], [ [ 74.72426764154163, 30.267341151629999 ], [ 74.724357472739825, 30.267341151629999 ], [ 74.724357472739825, 30.267610645224597 ], [ 74.72426764154163, 30.267610645224597 ], [ 74.72426764154163, 30.267341151629999 ] ], [ [ 74.727860889469625, 30.267251320431797 ], [ 74.727950720667835, 30.267251320431797 ], [ 74.727950720667835, 30.267341151629999 ], [ 74.727860889469625, 30.267341151629999 ], [ 74.727860889469625, 30.267251320431797 ] ], [ [ 74.725704940712831, 30.266891995638996 ], [ 74.725794771911026, 30.266891995638996 ], [ 74.725794771911026, 30.266981826837199 ], [ 74.725704940712831, 30.266981826837199 ], [ 74.725704940712831, 30.266891995638996 ] ] ] } },
{ "type": "Feature", "properties": { "source_field_id": "1664849", "source_area_m2": 123693.77, "confidence": null, "determination_datetime": "2024-01-01T05:30:00+05:30", "determination_method": "auto-imagery", "xmin": 74.723010004766834, "ymin": 30.271024230756197, "xmax": 74.728399876658827, "ymax": 30.273629335503998, "area_m2": 123596.9561078558, "area_ha": 12.359695610785581, "field_id": "FTW-IN-PB-1664849", "boundary_source": "FIELDS_OF_THE_WORLD_GLOBAL_PRUE_2024_2025", "boundary_type": "RESEARCH_FIELD_BOUNDARY", "research_boundary_disclaimer": "Model-derived remote-sensing field unit; not a cadastral or ownership boundary.", "source_provider": "Fields of The World / Source Cooperative", "source_dataset": "Global Fields of The World, Punjab partition", "source_url": "https://data.source.coop/ftw/global-data/predictions/vectors/alpha/results-by-admin-conf/admin:country_code=IN/IN_PB.parquet", "real_or_synthetic": "REAL", "centroid_lon": 74.725468612300517, "centroid_lat": 30.272388241058191, "data_status": "REAL_SATELLITE_OBSERVATIONS", "ground_truth_status": "NO_GROUND_TRUTH_WEAK_PROXY_LABELS_ONLY", "demo_rank": 57, "demo_category": "OTHER", "demo_score": 8.0, "cropland_fraction": 1.0 }, "geometry": { "type": "Polygon", "coordinates": [ [ [ 74.724087979145224, 30.273629335503998 ], [ 74.724087979145224, 30.273539504305798 ], [ 74.724177810343434, 30.273539504305798 ], [ 74.724177810343434, 30.273359841909397 ], [ 74.72426764154163, 30.273359841909397 ], [ 74.72426764154163, 30.273629335503998 ], [ 74.727771058271429, 30.273629335503998 ], [ 74.727771058271429, 30.273359841909397 ], [ 74.727860889469625, 30.273359841909397 ], [ 74.727860889469625, 30.273270010711197 ], [ 74.727681227073234, 30.273270010711197 ], [ 74.727681227073234, 30.273180179512998 ], [ 74.727771058271429, 30.273180179512998 ], [ 74.727771058271429, 30.272731023521999 ], [ 74.725525278316425, 30.272731023521999 ], [ 74.725525278316425, 30.272641192323796 ], [ 74.728220214262436, 30.272641192323796 ], [ 74.728220214262436, 30.272461529927398 ], [ 74.728310045460631, 30.272461529927398 ], [ 74.728310045460631, 30.272281867530999 ], [ 74.728399876658827, 30.272281867530999 ], [ 74.728399876658827, 30.272012373936398 ], [ 74.728220214262436, 30.272012373936398 ], [ 74.728220214262436, 30.271922542738199 ], [ 74.728130383064226, 30.271922542738199 ], [ 74.728130383064226, 30.271832711539997 ], [ 74.72804055186603, 30.271832711539997 ], [ 74.72804055186603, 30.271742880341797 ], [ 74.727860889469625, 30.271742880341797 ], [ 74.727860889469625, 30.271653049143598 ], [ 74.727771058271429, 30.271653049143598 ], [ 74.727771058271429, 30.271563217945399 ], [ 74.727681227073234, 30.271563217945399 ], [ 74.727681227073234, 30.271473386747196 ], [ 74.727591395875024, 30.271473386747196 ], [ 74.727591395875024, 30.271383555548997 ], [ 74.727501564676828, 30.271383555548997 ], [ 74.727501564676828, 30.271293724350798 ], [ 74.727411733478633, 30.271293724350798 ], [ 74.727411733478633, 30.271203893152599 ], [ 74.727232071082227, 30.271203893152599 ], [ 74.727232071082227, 30.271114061954396 ], [ 74.726962577487626, 30.271114061954396 ], [ 74.726962577487626, 30.271024230756197 ], [ 74.72687274628943, 30.271024230756197 ], [ 74.72687274628943, 30.271114061954396 ], [ 74.726513421496634, 30.271114061954396 ], [ 74.726513421496634, 30.271203893152599 ], [ 74.726423590298424, 30.271203893152599 ], [ 74.726423590298424, 30.271114061954396 ], [ 74.726333759100228, 30.271114061954396 ], [ 74.726333759100228, 30.271024230756197 ], [ 74.725884603109236, 30.271024230756197 ], [ 74.725884603109236, 30.271114061954396 ], [ 74.723818485550623, 30.271114061954396 ], [ 74.723818485550623, 30.271293724350798 ], [ 74.723728654352428, 30.271293724350798 ], [ 74.723728654352428, 30.271203893152599 ], [ 74.723638823154232, 30.271203893152599 ], [ 74.723638823154232, 30.271114061954396 ], [ 74.723010004766834, 30.271114061954396 ], [ 74.723010004766834, 30.273629335503998 ], [ 74.724087979145224, 30.273629335503998 ] ], [ [ 74.726333759100228, 30.273180179512998 ], [ 74.726423590298424, 30.273180179512998 ], [ 74.726423590298424, 30.273270010711197 ], [ 74.726333759100228, 30.273270010711197 ], [ 74.726333759100228, 30.273180179512998 ] ], [ [ 74.723548991956037, 30.273000517116596 ], [ 74.723728654352428, 30.273000517116596 ], [ 74.723728654352428, 30.272820854720198 ], [ 74.723818485550623, 30.272820854720198 ], [ 74.723818485550623, 30.273090348314799 ], [ 74.723548991956037, 30.273090348314799 ], [ 74.723548991956037, 30.273000517116596 ] ], [ [ 74.723638823154232, 30.272641192323796 ], [ 74.723728654352428, 30.272641192323796 ], [ 74.723728654352428, 30.272551361125597 ], [ 74.723818485550623, 30.272551361125597 ], [ 74.723818485550623, 30.272731023521999 ], [ 74.723638823154232, 30.272731023521999 ], [ 74.723638823154232, 30.272641192323796 ] ], [ [ 74.72426764154163, 30.272551361125597 ], [ 74.724447303938035, 30.272551361125597 ], [ 74.724447303938035, 30.272641192323796 ], [ 74.72426764154163, 30.272641192323796 ], [ 74.72426764154163, 30.272551361125597 ] ], [ [ 74.72426764154163, 30.271922542738199 ], [ 74.724357472739825, 30.271922542738199 ], [ 74.724357472739825, 30.272281867530999 ], [ 74.72426764154163, 30.272281867530999 ], [ 74.72426764154163, 30.271922542738199 ] ], [ [ 74.723638823154232, 30.271563217945399 ], [ 74.723818485550623, 30.271563217945399 ], [ 74.723818485550623, 30.271473386747196 ], [ 74.723908316748833, 30.271473386747196 ], [ 74.723908316748833, 30.271563217945399 ], [ 74.725974434307432, 30.271563217945399 ], [ 74.725974434307432, 30.271473386747196 ], [ 74.726603252694829, 30.271473386747196 ], [ 74.726603252694829, 30.271563217945399 ], [ 74.726962577487626, 30.271563217945399 ], [ 74.726962577487626, 30.271653049143598 ], [ 74.723638823154232, 30.271653049143598 ], [ 74.723638823154232, 30.271563217945399 ] ] ] } },
{ "type": "Feature", "properties": { "source_field_id": "1667451", "source_area_m2": 134415.72, "confidence": null, "determination_datetime": "2024-01-01T05:30:00+05:30", "determination_method": "auto-imagery", "xmin": 74.719147263244224, "ymin": 30.297165109432399, "xmax": 74.723459160757827, "ymax": 30.303093968513597, "area_m2": 134310.57934979378, "area_ha": 13.431057934979378, "field_id": "FTW-IN-PB-1667451", "boundary_source": "FIELDS_OF_THE_WORLD_GLOBAL_PRUE_2024_2025", "boundary_type": "RESEARCH_FIELD_BOUNDARY", "research_boundary_disclaimer": "Model-derived remote-sensing field unit; not a cadastral or ownership boundary.", "source_provider": "Fields of The World / Source Cooperative", "source_dataset": "Global Fields of The World, Punjab partition", "source_url": "https://data.source.coop/ftw/global-data/predictions/vectors/alpha/results-by-admin-conf/admin:country_code=IN/IN_PB.parquet", "real_or_synthetic": "REAL", "centroid_lon": 74.721766754094062, "centroid_lat": 30.300432833135073, "data_status": "REAL_SATELLITE_OBSERVATIONS", "ground_truth_status": "NO_GROUND_TRUTH_WEAK_PROXY_LABELS_ONLY", "demo_rank": 58, "demo_category": "OTHER", "demo_score": 8.0, "cropland_fraction": 1.0 }, "geometry": { "type": "Polygon", "coordinates": [ [ [ 74.720584562415425, 30.301387175747799 ], [ 74.720584562415425, 30.301477006945998 ], [ 74.720494731217229, 30.301477006945998 ], [ 74.720494731217229, 30.303004137315398 ], [ 74.720584562415425, 30.303004137315398 ], [ 74.720584562415425, 30.303093968513597 ], [ 74.721482874397424, 30.303093968513597 ], [ 74.721482874397424, 30.303004137315398 ], [ 74.721572705595634, 30.303004137315398 ], [ 74.721572705595634, 30.302734643720797 ], [ 74.721482874397424, 30.302734643720797 ], [ 74.721482874397424, 30.301656669342396 ], [ 74.721572705595634, 30.301656669342396 ], [ 74.721572705595634, 30.302554981324398 ], [ 74.721662536793829, 30.302554981324398 ], [ 74.721662536793829, 30.303004137315398 ], [ 74.721752367992025, 30.303004137315398 ], [ 74.721752367992025, 30.303093968513597 ], [ 74.722560848775828, 30.303093968513597 ], [ 74.722560848775828, 30.303004137315398 ], [ 74.722650679974024, 30.303004137315398 ], [ 74.722650679974024, 30.301477006945998 ], [ 74.722560848775828, 30.301477006945998 ], [ 74.722560848775828, 30.301297344549599 ], [ 74.722650679974024, 30.301297344549599 ], [ 74.722650679974024, 30.300039707774797 ], [ 74.722560848775828, 30.300039707774797 ], [ 74.722560848775828, 30.299949876576598 ], [ 74.722740511172233, 30.299949876576598 ], [ 74.722740511172233, 30.299860045378399 ], [ 74.722830342370429, 30.299860045378399 ], [ 74.722830342370429, 30.300039707774797 ], [ 74.722740511172233, 30.300039707774797 ], [ 74.722740511172233, 30.301207513351397 ], [ 74.722920173568625, 30.301207513351397 ], [ 74.722920173568625, 30.301117682153198 ], [ 74.72309983596503, 30.301117682153198 ], [ 74.72309983596503, 30.301027850954998 ], [ 74.723279498361435, 30.301027850954998 ], [ 74.723279498361435, 30.300938019756799 ], [ 74.723369329559631, 30.300938019756799 ], [ 74.723369329559631, 30.299680382981997 ], [ 74.723459160757827, 30.299680382981997 ], [ 74.723459160757827, 30.299590551783798 ], [ 74.723369329559631, 30.299590551783798 ], [ 74.723369329559631, 30.299321058189197 ], [ 74.723459160757827, 30.299321058189197 ], [ 74.723459160757827, 30.298782071 ], [ 74.723369329559631, 30.298782071 ], [ 74.723369329559631, 30.298512577405397 ], [ 74.723459160757827, 30.298512577405397 ], [ 74.723459160757827, 30.297165109432399 ], [ 74.723189667163226, 30.297165109432399 ], [ 74.723189667163226, 30.297254940630598 ], [ 74.72309983596503, 30.297254940630598 ], [ 74.72309983596503, 30.297344771828797 ], [ 74.722920173568625, 30.297344771828797 ], [ 74.722920173568625, 30.298782071 ], [ 74.722830342370429, 30.298782071 ], [ 74.722830342370429, 30.299321058189197 ], [ 74.722920173568625, 30.299321058189197 ], [ 74.722920173568625, 30.299410889387399 ], [ 74.722830342370429, 30.299410889387399 ], [ 74.722830342370429, 30.299770214180199 ], [ 74.722740511172233, 30.299770214180199 ], [ 74.722740511172233, 30.299410889387399 ], [ 74.722650679974024, 30.299410889387399 ], [ 74.722650679974024, 30.299231226990997 ], [ 74.722740511172233, 30.299231226990997 ], [ 74.722740511172233, 30.298692239801799 ], [ 74.722650679974024, 30.298692239801799 ], [ 74.722650679974024, 30.298602408603596 ], [ 74.722740511172233, 30.298602408603596 ], [ 74.722740511172233, 30.297614265423398 ], [ 74.722650679974024, 30.297614265423398 ], [ 74.722650679974024, 30.297704096621597 ], [ 74.722471017577632, 30.297704096621597 ], [ 74.722471017577632, 30.297793927819797 ], [ 74.722381186379437, 30.297793927819797 ], [ 74.722381186379437, 30.297883759017999 ], [ 74.722201523983031, 30.297883759017999 ], [ 74.722201523983031, 30.298063421414398 ], [ 74.722111692784836, 30.298063421414398 ], [ 74.722111692784836, 30.298422746207198 ], [ 74.722021861586626, 30.298422746207198 ], [ 74.722021861586626, 30.298243083810799 ], [ 74.721752367992025, 30.298243083810799 ], [ 74.721752367992025, 30.298332915008999 ], [ 74.721572705595634, 30.298332915008999 ], [ 74.721572705595634, 30.298422746207198 ], [ 74.721482874397424, 30.298422746207198 ], [ 74.721482874397424, 30.298512577405397 ], [ 74.721393043199228, 30.298512577405397 ], [ 74.721393043199228, 30.298692239801799 ], [ 74.721482874397424, 30.298692239801799 ], [ 74.721482874397424, 30.299231226990997 ], [ 74.722381186379437, 30.299231226990997 ], [ 74.722381186379437, 30.299321058189197 ], [ 74.721482874397424, 30.299321058189197 ], [ 74.721482874397424, 30.299770214180199 ], [ 74.721393043199228, 30.299770214180199 ], [ 74.721393043199228, 30.299410889387399 ], [ 74.721303212001033, 30.299410889387399 ], [ 74.721303212001033, 30.299321058189197 ], [ 74.720674393613635, 30.299321058189197 ], [ 74.720674393613635, 30.299410889387399 ], [ 74.720584562415425, 30.299410889387399 ], [ 74.720584562415425, 30.299321058189197 ], [ 74.720225237622628, 30.299321058189197 ], [ 74.720225237622628, 30.299410889387399 ], [ 74.720135406424433, 30.299410889387399 ], [ 74.720135406424433, 30.299500720585598 ], [ 74.719955744028027, 30.299500720585598 ], [ 74.719955744028027, 30.299590551783798 ], [ 74.719865912829832, 30.299590551783798 ], [ 74.719865912829832, 30.299680382981997 ], [ 74.719686250433426, 30.299680382981997 ], [ 74.719686250433426, 30.299770214180199 ], [ 74.719596419235231, 30.299770214180199 ], [ 74.719596419235231, 30.299860045378399 ], [ 74.719506588037035, 30.299860045378399 ], [ 74.719506588037035, 30.299949876576598 ], [ 74.71932692564063, 30.299949876576598 ], [ 74.71932692564063, 30.300039707774797 ], [ 74.719237094442434, 30.300039707774797 ], [ 74.719237094442434, 30.300129538972996 ], [ 74.719147263244224, 30.300129538972996 ], [ 74.719147263244224, 30.300219370171199 ], [ 74.719237094442434, 30.300219370171199 ], [ 74.719237094442434, 30.300309201369398 ], [ 74.719416756838825, 30.300309201369398 ], [ 74.719416756838825, 30.300399032567597 ], [ 74.719506588037035, 30.300399032567597 ], [ 74.719506588037035, 30.300488863765796 ], [ 74.719686250433426, 30.300488863765796 ], [ 74.719686250433426, 30.300578694963999 ], [ 74.719865912829832, 30.300578694963999 ], [ 74.719865912829832, 30.300668526162198 ], [ 74.719955744028027, 30.300668526162198 ], [ 74.719955744028027, 30.300758357360397 ], [ 74.720045575226223, 30.300758357360397 ], [ 74.720045575226223, 30.300848188558597 ], [ 74.720225237622628, 30.300848188558597 ], [ 74.720225237622628, 30.300938019756799 ], [ 74.720404900019034, 30.300938019756799 ], [ 74.720404900019034, 30.301027850954998 ], [ 74.720494731217229, 30.301027850954998 ], [ 74.720494731217229, 30.301117682153198 ], [ 74.720584562415425, 30.301117682153198 ], [ 74.720584562415425, 30.301297344549599 ], [ 74.720674393613635, 30.301297344549599 ], [ 74.720674393613635, 30.301387175747799 ], [ 74.720584562415425, 30.301387175747799 ] ], [ [ 74.72076422481183, 30.301387175747799 ], [ 74.72076422481183, 30.301477006945998 ], [ 74.720674393613635, 30.301477006945998 ], [ 74.720674393613635, 30.301387175747799 ], [ 74.72076422481183, 30.301387175747799 ] ], [ [ 74.720854056010026, 30.301477006945998 ], [ 74.720854056010026, 30.301566838144197 ], [ 74.72076422481183, 30.301566838144197 ], [ 74.72076422481183, 30.301477006945998 ], [ 74.720854056010026, 30.301477006945998 ] ], [ [ 74.721213380802837, 30.301566838144197 ], [ 74.721213380802837, 30.301477006945998 ], [ 74.721303212001033, 30.301477006945998 ], [ 74.721303212001033, 30.301387175747799 ], [ 74.721393043199228, 30.301387175747799 ], [ 74.721393043199228, 30.300758357360397 ], [ 74.721482874397424, 30.300758357360397 ], [ 74.721482874397424, 30.301387175747799 ], [ 74.722201523983031, 30.301387175747799 ], [ 74.722201523983031, 30.301477006945998 ], [ 74.721572705595634, 30.301477006945998 ], [ 74.721572705595634, 30.301566838144197 ], [ 74.721303212001033, 30.301566838144197 ], [ 74.721303212001033, 30.301656669342396 ], [ 74.721033718406431, 30.301656669342396 ], [ 74.721033718406431, 30.301746500540599 ], [ 74.720943887208236, 30.301746500540599 ], [ 74.720943887208236, 30.301656669342396 ], [ 74.720854056010026, 30.301656669342396 ], [ 74.720854056010026, 30.301566838144197 ], [ 74.721213380802837, 30.301566838144197 ] ], [ [ 74.721303212001033, 30.300399032567597 ], [ 74.721393043199228, 30.300399032567597 ], [ 74.721393043199228, 30.300488863765796 ], [ 74.721303212001033, 30.300488863765796 ], [ 74.721303212001033, 30.300399032567597 ] ], [ [ 74.722111692784836, 30.298512577405397 ], [ 74.722201523983031, 30.298512577405397 ], [ 74.722201523983031, 30.298602408603596 ], [ 74.722381186379437, 30.298602408603596 ], [ 74.722381186379437, 30.298692239801799 ], [ 74.722111692784836, 30.298692239801799 ], [ 74.722111692784836, 30.298512577405397 ] ] ] } },
{ "type": "Feature", "properties": { "source_field_id": "1667683", "source_area_m2": 116446.77, "confidence": null, "determination_datetime": "2024-01-01T05:30:00+05:30", "determination_method": "auto-imagery", "xmin": 74.735945697307628, "ymin": 30.284409079287997, "xmax": 74.740347426019426, "ymax": 30.289439626387196, "area_m2": 116355.44440371152, "area_ha": 11.635544440371152, "field_id": "FTW-IN-PB-1667683", "boundary_source": "FIELDS_OF_THE_WORLD_GLOBAL_PRUE_2024_2025", "boundary_type": "RESEARCH_FIELD_BOUNDARY", "research_boundary_disclaimer": "Model-derived remote-sensing field unit; not a cadastral or ownership boundary.", "source_provider": "Fields of The World / Source Cooperative", "source_dataset": "Global Fields of The World, Punjab partition", "source_url": "https://data.source.coop/ftw/global-data/predictions/vectors/alpha/results-by-admin-conf/admin:country_code=IN/IN_PB.parquet", "real_or_synthetic": "REAL", "centroid_lon": 74.738416519359546, "centroid_lat": 30.286472823586607, "data_status": "REAL_SATELLITE_OBSERVATIONS", "ground_truth_status": "NO_GROUND_TRUTH_WEAK_PROXY_LABELS_ONLY", "demo_rank": 59, "demo_category": "OTHER", "demo_score": 8.0, "cropland_fraction": 0.99481865284974091 }, "geometry": { "type": "Polygon", "coordinates": [ [ [ 74.737742321271625, 30.289439626387196 ], [ 74.737742321271625, 30.289349795188997 ], [ 74.738191477262632, 30.289349795188997 ], [ 74.738191477262632, 30.289259963990798 ], [ 74.738281308460827, 30.289259963990798 ], [ 74.738281308460827, 30.288720976801599 ], [ 74.738191477262632, 30.288720976801599 ], [ 74.738191477262632, 30.287912496017796 ], [ 74.738101646064436, 30.287912496017796 ], [ 74.738101646064436, 30.287822664819597 ], [ 74.738191477262632, 30.287822664819597 ], [ 74.738191477262632, 30.287373508828598 ], [ 74.738101646064436, 30.287373508828598 ], [ 74.738101646064436, 30.287283677630398 ], [ 74.738281308460827, 30.287283677630398 ], [ 74.738281308460827, 30.288451483206998 ], [ 74.738371139659023, 30.288451483206998 ], [ 74.738371139659023, 30.289259963990798 ], [ 74.738820295650029, 30.289259963990798 ], [ 74.738820295650029, 30.289170132792599 ], [ 74.738910126848225, 30.289170132792599 ], [ 74.738910126848225, 30.288720976801599 ], [ 74.738820295650029, 30.288720976801599 ], [ 74.738820295650029, 30.287463340026797 ], [ 74.738730464451834, 30.287463340026797 ], [ 74.738730464451834, 30.287373508828598 ], [ 74.739359282839231, 30.287373508828598 ], [ 74.739359282839231, 30.287463340026797 ], [ 74.738999958046435, 30.287463340026797 ], [ 74.738999958046435, 30.288002327215999 ], [ 74.738910126848225, 30.288002327215999 ], [ 74.738910126848225, 30.288451483206998 ], [ 74.738999958046435, 30.288451483206998 ], [ 74.738999958046435, 30.289080301594399 ], [ 74.73908978924463, 30.289080301594399 ], [ 74.73908978924463, 30.289170132792599 ], [ 74.739269451641036, 30.289170132792599 ], [ 74.739269451641036, 30.289080301594399 ], [ 74.739449114037427, 30.289080301594399 ], [ 74.739449114037427, 30.288900639197998 ], [ 74.739538945235637, 30.288900639197998 ], [ 74.739538945235637, 30.288631145603397 ], [ 74.739449114037427, 30.288631145603397 ], [ 74.739449114037427, 30.288451483206998 ], [ 74.739538945235637, 30.288451483206998 ], [ 74.739538945235637, 30.288092158414198 ], [ 74.739449114037427, 30.288092158414198 ], [ 74.739449114037427, 30.287732833621398 ], [ 74.739538945235637, 30.287732833621398 ], [ 74.739538945235637, 30.287553171224999 ], [ 74.739449114037427, 30.287553171224999 ], [ 74.739449114037427, 30.287283677630398 ], [ 74.739538945235637, 30.287283677630398 ], [ 74.739538945235637, 30.287104015233997 ], [ 74.739449114037427, 30.287104015233997 ], [ 74.739449114037427, 30.287014184035797 ], [ 74.738730464451834, 30.287014184035797 ], [ 74.738730464451834, 30.286924352837598 ], [ 74.739449114037427, 30.286924352837598 ], [ 74.739449114037427, 30.286834521639399 ], [ 74.739538945235637, 30.286834521639399 ], [ 74.739538945235637, 30.286115872053799 ], [ 74.739449114037427, 30.286115872053799 ], [ 74.739449114037427, 30.285936209657397 ], [ 74.739538945235637, 30.285936209657397 ], [ 74.739538945235637, 30.285846378459198 ], [ 74.739449114037427, 30.285846378459198 ], [ 74.739449114037427, 30.285756547260998 ], [ 74.739538945235637, 30.285756547260998 ], [ 74.739538945235637, 30.285307391269999 ], [ 74.739449114037427, 30.285307391269999 ], [ 74.739449114037427, 30.285127728873597 ], [ 74.739538945235637, 30.285127728873597 ], [ 74.739538945235637, 30.284858235278996 ], [ 74.739449114037427, 30.284858235278996 ], [ 74.739449114037427, 30.284768404080797 ], [ 74.739538945235637, 30.284768404080797 ], [ 74.739538945235637, 30.284588741684399 ], [ 74.739628776433833, 30.284588741684399 ], [ 74.739628776433833, 30.285756547260998 ], [ 74.74025759482123, 30.285756547260998 ], [ 74.74025759482123, 30.285666716062799 ], [ 74.740347426019426, 30.285666716062799 ], [ 74.740347426019426, 30.284498910486199 ], [ 74.739988101226629, 30.284498910486199 ], [ 74.739988101226629, 30.284409079287997 ], [ 74.739718607632028, 30.284409079287997 ], [ 74.739718607632028, 30.284498910486199 ], [ 74.739269451641036, 30.284498910486199 ], [ 74.739269451641036, 30.284409079287997 ], [ 74.738820295650029, 30.284409079287997 ], [ 74.738820295650029, 30.284498910486199 ], [ 74.738281308460827, 30.284498910486199 ], [ 74.738281308460827, 30.285666716062799 ], [ 74.738371139659023, 30.285666716062799 ], [ 74.738371139659023, 30.285756547260998 ], [ 74.738281308460827, 30.285756547260998 ], [ 74.738281308460827, 30.285846378459198 ], [ 74.738191477262632, 30.285846378459198 ], [ 74.738191477262632, 30.285756547260998 ], [ 74.738101646064436, 30.285756547260998 ], [ 74.738101646064436, 30.285666716062799 ], [ 74.738191477262632, 30.285666716062799 ], [ 74.738191477262632, 30.284498910486199 ], [ 74.737921983668031, 30.284498910486199 ], [ 74.737921983668031, 30.284588741684399 ], [ 74.737832152469835, 30.284588741684399 ], [ 74.737832152469835, 30.284498910486199 ], [ 74.737742321271625, 30.284498910486199 ], [ 74.737742321271625, 30.284409079287997 ], [ 74.737382996478829, 30.284409079287997 ], [ 74.737382996478829, 30.284498910486199 ], [ 74.737293165280633, 30.284498910486199 ], [ 74.737293165280633, 30.285487053666397 ], [ 74.737203334082423, 30.285487053666397 ], [ 74.737203334082423, 30.284498910486199 ], [ 74.737113502884228, 30.284498910486199 ], [ 74.737113502884228, 30.284409079287997 ], [ 74.737023671686032, 30.284409079287997 ], [ 74.737023671686032, 30.284498910486199 ], [ 74.736933840487836, 30.284498910486199 ], [ 74.736933840487836, 30.284588741684399 ], [ 74.736844009289626, 30.284588741684399 ], [ 74.736844009289626, 30.284678572882598 ], [ 74.736754178091431, 30.284678572882598 ], [ 74.736754178091431, 30.284768404080797 ], [ 74.736664346893235, 30.284768404080797 ], [ 74.736664346893235, 30.284858235278996 ], [ 74.736574515695025, 30.284858235278996 ], [ 74.736574515695025, 30.284948066477199 ], [ 74.73648468449683, 30.284948066477199 ], [ 74.73648468449683, 30.285037897675398 ], [ 74.736394853298634, 30.285037897675398 ], [ 74.736394853298634, 30.285127728873597 ], [ 74.736305022100424, 30.285127728873597 ], [ 74.736305022100424, 30.285217560071796 ], [ 74.736215190902229, 30.285217560071796 ], [ 74.736215190902229, 30.285307391269999 ], [ 74.736125359704033, 30.285307391269999 ], [ 74.736125359704033, 30.285397222468198 ], [ 74.736035528505823, 30.285397222468198 ], [ 74.736035528505823, 30.285487053666397 ], [ 74.735945697307628, 30.285487053666397 ], [ 74.735945697307628, 30.285666716062799 ], [ 74.737203334082423, 30.285666716062799 ], [ 74.737203334082423, 30.285576884864597 ], [ 74.737293165280633, 30.285576884864597 ], [ 74.737293165280633, 30.285666716062799 ], [ 74.737382996478829, 30.285666716062799 ], [ 74.737382996478829, 30.285756547260998 ], [ 74.737832152469835, 30.285756547260998 ], [ 74.737832152469835, 30.285666716062799 ], [ 74.738011814866226, 30.285666716062799 ], [ 74.738011814866226, 30.285846378459198 ], [ 74.737472827677024, 30.285846378459198 ], [ 74.737472827677024, 30.285936209657397 ], [ 74.737382996478829, 30.285936209657397 ], [ 74.737382996478829, 30.286205703251998 ], [ 74.737293165280633, 30.286205703251998 ], [ 74.737293165280633, 30.286744690441196 ], [ 74.737742321271625, 30.286744690441196 ], [ 74.737742321271625, 30.286834521639399 ], [ 74.737203334082423, 30.286834521639399 ], [ 74.737203334082423, 30.287193846432199 ], [ 74.73765249007343, 30.287193846432199 ], [ 74.73765249007343, 30.287283677630398 ], [ 74.737203334082423, 30.287283677630398 ], [ 74.737203334082423, 30.287553171224999 ], [ 74.737293165280633, 30.287553171224999 ], [ 74.737293165280633, 30.287643002423199 ], [ 74.737562658875234, 30.287643002423199 ], [ 74.737562658875234, 30.287732833621398 ], [ 74.73765249007343, 30.287732833621398 ], [ 74.73765249007343, 30.288631145603397 ], [ 74.737562658875234, 30.288631145603397 ], [ 74.737562658875234, 30.289349795188997 ], [ 74.73765249007343, 30.289349795188997 ], [ 74.73765249007343, 30.289439626387196 ], [ 74.737742321271625, 30.289439626387196 ] ], [ [ 74.738191477262632, 30.286834521639399 ], [ 74.738640633253624, 30.286834521639399 ], [ 74.738640633253624, 30.286924352837598 ], [ 74.738191477262632, 30.286924352837598 ], [ 74.738191477262632, 30.286834521639399 ] ], [ [ 74.738101646064436, 30.286026040855599 ], [ 74.73908978924463, 30.286026040855599 ], [ 74.73908978924463, 30.286115872053799 ], [ 74.738101646064436, 30.286115872053799 ], [ 74.738101646064436, 30.286026040855599 ] ], [ [ 74.738999958046435, 30.285217560071796 ], [ 74.73908978924463, 30.285217560071796 ], [ 74.73908978924463, 30.285127728873597 ], [ 74.739179620442826, 30.285127728873597 ], [ 74.739179620442826, 30.285217560071796 ], [ 74.739269451641036, 30.285217560071796 ], [ 74.739269451641036, 30.285307391269999 ], [ 74.738999958046435, 30.285307391269999 ], [ 74.738999958046435, 30.285217560071796 ] ] ] } },
{ "type": "Feature", "properties": { "source_field_id": "1680688", "source_area_m2": 175209.09, "confidence": null, "determination_datetime": "2024-01-01T05:30:00+05:30", "determination_method": "auto-imagery", "xmin": 74.726064265505627, "ymin": 30.343787501298198, "xmax": 74.729477851037231, "ymax": 30.350255347568599, "area_m2": 144031.16241447977, "area_ha": 14.403116241447977, "field_id": "FTW-IN-PB-1680688", "boundary_source": "FIELDS_OF_THE_WORLD_GLOBAL_PRUE_2024_2025", "boundary_type": "RESEARCH_FIELD_BOUNDARY", "research_boundary_disclaimer": "Model-derived remote-sensing field unit; not a cadastral or ownership boundary.", "source_provider": "Fields of The World / Source Cooperative", "source_dataset": "Global Fields of The World, Punjab partition", "source_url": "https://data.source.coop/ftw/global-data/predictions/vectors/alpha/results-by-admin-conf/admin:country_code=IN/IN_PB.parquet", "real_or_synthetic": "REAL", "centroid_lon": 74.727578003055456, "centroid_lat": 30.346749990923652, "data_status": "REAL_SATELLITE_OBSERVATIONS", "ground_truth_status": "NO_GROUND_TRUTH_WEAK_PROXY_LABELS_ONLY", "demo_rank": 60, "demo_category": "OTHER", "demo_score": 8.0, "cropland_fraction": 1.0 }, "geometry": { "type": "Polygon", "coordinates": [ [ [ 74.729388019839035, 30.347290918027998 ], [ 74.728938863848029, 30.347290918027998 ], [ 74.728938863848029, 30.347380749226197 ], [ 74.728849032649833, 30.347380749226197 ], [ 74.728849032649833, 30.347290918027998 ], [ 74.728759201451624, 30.347290918027998 ], [ 74.728759201451624, 30.347201086829799 ], [ 74.728849032649833, 30.347201086829799 ], [ 74.728849032649833, 30.347111255631599 ], [ 74.72804055186603, 30.347111255631599 ], [ 74.72804055186603, 30.347021424433397 ], [ 74.728938863848029, 30.347021424433397 ], [ 74.728938863848029, 30.347111255631599 ], [ 74.729028695046225, 30.347111255631599 ], [ 74.729028695046225, 30.347201086829799 ], [ 74.729388019839035, 30.347201086829799 ], [ 74.729388019839035, 30.347111255631599 ], [ 74.729477851037231, 30.347111255631599 ], [ 74.729477851037231, 30.346751930838799 ], [ 74.728759201451624, 30.346751930838799 ], [ 74.728759201451624, 30.346662099640596 ], [ 74.729388019839035, 30.346662099640596 ], [ 74.729388019839035, 30.346572268442397 ], [ 74.729477851037231, 30.346572268442397 ], [ 74.729477851037231, 30.346392606045999 ], [ 74.729388019839035, 30.346392606045999 ], [ 74.729388019839035, 30.346302774847796 ], [ 74.729477851037231, 30.346302774847796 ], [ 74.729477851037231, 30.345853618856797 ], [ 74.729388019839035, 30.345853618856797 ], [ 74.729388019839035, 30.345763787658598 ], [ 74.729298188640826, 30.345763787658598 ], [ 74.729298188640826, 30.345673956460399 ], [ 74.728938863848029, 30.345673956460399 ], [ 74.728938863848029, 30.345584125262199 ], [ 74.729388019839035, 30.345584125262199 ], [ 74.729388019839035, 30.345314631667598 ], [ 74.729477851037231, 30.345314631667598 ], [ 74.729477851037231, 30.345134969271196 ], [ 74.729298188640826, 30.345134969271196 ], [ 74.729298188640826, 30.345045138072997 ], [ 74.728759201451624, 30.345045138072997 ], [ 74.728759201451624, 30.345134969271196 ], [ 74.728489707857037, 30.345134969271196 ], [ 74.728489707857037, 30.345045138072997 ], [ 74.728220214262436, 30.345045138072997 ], [ 74.728220214262436, 30.345134969271196 ], [ 74.728130383064226, 30.345134969271196 ], [ 74.728130383064226, 30.345494294063997 ], [ 74.728399876658827, 30.345494294063997 ], [ 74.728399876658827, 30.345584125262199 ], [ 74.728220214262436, 30.345584125262199 ], [ 74.728220214262436, 30.346751930838799 ], [ 74.72804055186603, 30.346751930838799 ], [ 74.72804055186603, 30.346572268442397 ], [ 74.728130383064226, 30.346572268442397 ], [ 74.728130383064226, 30.346302774847796 ], [ 74.72804055186603, 30.346302774847796 ], [ 74.72804055186603, 30.346212943649597 ], [ 74.728130383064226, 30.346212943649597 ], [ 74.728130383064226, 30.345943450054996 ], [ 74.72804055186603, 30.345943450054996 ], [ 74.72804055186603, 30.345134969271196 ], [ 74.727860889469625, 30.345134969271196 ], [ 74.727860889469625, 30.345045138072997 ], [ 74.727591395875024, 30.345045138072997 ], [ 74.727591395875024, 30.345134969271196 ], [ 74.727501564676828, 30.345134969271196 ], [ 74.727501564676828, 30.346123112451398 ], [ 74.727411733478633, 30.346123112451398 ], [ 74.727411733478633, 30.344685813280197 ], [ 74.727321902280437, 30.344685813280197 ], [ 74.727321902280437, 30.344506150883799 ], [ 74.727411733478633, 30.344506150883799 ], [ 74.727411733478633, 30.343877332496398 ], [ 74.727052408685836, 30.343877332496398 ], [ 74.727052408685836, 30.343787501298198 ], [ 74.726154096703823, 30.343787501298198 ], [ 74.726154096703823, 30.343877332496398 ], [ 74.726064265505627, 30.343877332496398 ], [ 74.726064265505627, 30.344146826090999 ], [ 74.726154096703823, 30.344146826090999 ], [ 74.726154096703823, 30.344595982081998 ], [ 74.726064265505627, 30.344595982081998 ], [ 74.726064265505627, 30.346212943649597 ], [ 74.726154096703823, 30.346212943649597 ], [ 74.726154096703823, 30.346572268442397 ], [ 74.726243927902033, 30.346572268442397 ], [ 74.726243927902033, 30.346662099640596 ], [ 74.726154096703823, 30.346662099640596 ], [ 74.726154096703823, 30.347021424433397 ], [ 74.726064265505627, 30.347021424433397 ], [ 74.726064265505627, 30.347111255631599 ], [ 74.726154096703823, 30.347111255631599 ], [ 74.726154096703823, 30.347201086829799 ], [ 74.727411733478633, 30.347201086829799 ], [ 74.727411733478633, 30.346751930838799 ], [ 74.727321902280437, 30.346751930838799 ], [ 74.727321902280437, 30.346662099640596 ], [ 74.727411733478633, 30.346662099640596 ], [ 74.727411733478633, 30.346572268442397 ], [ 74.727501564676828, 30.346572268442397 ], [ 74.727501564676828, 30.346212943649597 ], [ 74.727591395875024, 30.346212943649597 ], [ 74.727591395875024, 30.346751930838799 ], [ 74.727501564676828, 30.346751930838799 ], [ 74.727501564676828, 30.347021424433397 ], [ 74.727591395875024, 30.347021424433397 ], [ 74.727591395875024, 30.347111255631599 ], [ 74.727681227073234, 30.347111255631599 ], [ 74.727681227073234, 30.347201086829799 ], [ 74.728130383064226, 30.347201086829799 ], [ 74.728130383064226, 30.347290918027998 ], [ 74.727771058271429, 30.347290918027998 ], [ 74.727771058271429, 30.347560411622599 ], [ 74.727860889469625, 30.347560411622599 ], [ 74.727860889469625, 30.348458723604598 ], [ 74.727681227073234, 30.348458723604598 ], [ 74.727681227073234, 30.347380749226197 ], [ 74.727591395875024, 30.347380749226197 ], [ 74.727591395875024, 30.347290918027998 ], [ 74.726154096703823, 30.347290918027998 ], [ 74.726154096703823, 30.347380749226197 ], [ 74.726064265505627, 30.347380749226197 ], [ 74.726064265505627, 30.348009567613598 ], [ 74.726154096703823, 30.348009567613598 ], [ 74.726154096703823, 30.348279061208199 ], [ 74.726064265505627, 30.348279061208199 ], [ 74.726064265505627, 30.349317634074371 ], [ 74.729388019839035, 30.348710917013509 ], [ 74.729388019839035, 30.347290918027998 ] ], [ [ 74.727591395875024, 30.348728217199199 ], [ 74.727681227073234, 30.348728217199199 ], [ 74.727681227073234, 30.348907879595597 ], [ 74.727591395875024, 30.348907879595597 ], [ 74.727591395875024, 30.348728217199199 ] ], [ [ 74.728759201451624, 30.348368892406398 ], [ 74.728849032649833, 30.348368892406398 ], [ 74.728849032649833, 30.348458723604598 ], [ 74.728759201451624, 30.348458723604598 ], [ 74.728759201451624, 30.348368892406398 ] ], [ [ 74.726693083893025, 30.346662099640596 ], [ 74.726513421496634, 30.346662099640596 ], [ 74.726513421496634, 30.346572268442397 ], [ 74.72687274628943, 30.346572268442397 ], [ 74.72687274628943, 30.346751930838799 ], [ 74.726693083893025, 30.346751930838799 ], [ 74.726693083893025, 30.346662099640596 ] ] ] } },
{ "type": "Feature", "properties": { "source_field_id": "1682003", "source_area_m2": 125771.34, "confidence": null, "determination_datetime": "2024-01-01T05:30:00+05:30", "determination_method": "auto-imagery", "xmin": 74.763434043956835, "ymin": 30.328695860000597, "xmax": 74.768105266263234, "ymax": 30.333726407099796, "area_m2": 125672.30314349607, "area_ha": 12.567230314349608, "field_id": "FTW-IN-PB-1682003", "boundary_source": "FIELDS_OF_THE_WORLD_GLOBAL_PRUE_2024_2025", "boundary_type": "RESEARCH_FIELD_BOUNDARY", "research_boundary_disclaimer": "Model-derived remote-sensing field unit; not a cadastral or ownership boundary.", "source_provider": "Fields of The World / Source Cooperative", "source_dataset": "Global Fields of The World, Punjab partition", "source_url": "https://data.source.coop/ftw/global-data/predictions/vectors/alpha/results-by-admin-conf/admin:country_code=IN/IN_PB.parquet", "real_or_synthetic": "REAL", "centroid_lon": 74.766135377210531, "centroid_lat": 30.331481967734206, "data_status": "REAL_SATELLITE_OBSERVATIONS", "ground_truth_status": "NO_GROUND_TRUTH_WEAK_PROXY_LABELS_ONLY", "demo_rank": 61, "demo_category": "OTHER", "demo_score": 8.0, "cropland_fraction": 1.0 }, "geometry": { "type": "Polygon", "coordinates": [ [ [ 74.766847629488424, 30.333097588712398 ], [ 74.766847629488424, 30.333277251108797 ], [ 74.767476447875836, 30.333277251108797 ], [ 74.767476447875836, 30.333187419910598 ], [ 74.767835772668633, 30.333187419910598 ], [ 74.767835772668633, 30.332558601523196 ], [ 74.767925603866829, 30.332558601523196 ], [ 74.767925603866829, 30.332289107928599 ], [ 74.767835772668633, 30.332289107928599 ], [ 74.767835772668633, 30.3321992767304 ], [ 74.767656110272227, 30.3321992767304 ], [ 74.767656110272227, 30.332289107928599 ], [ 74.767206954281235, 30.332289107928599 ], [ 74.767206954281235, 30.332378939126798 ], [ 74.766847629488424, 30.332378939126798 ], [ 74.766847629488424, 30.332468770324997 ], [ 74.765949317506426, 30.332468770324997 ], [ 74.765949317506426, 30.332558601523196 ], [ 74.765679823911825, 30.332558601523196 ], [ 74.765679823911825, 30.332378939126798 ], [ 74.765769655110034, 30.332378939126798 ], [ 74.765769655110034, 30.331121302351999 ], [ 74.765500161515433, 30.331121302351999 ], [ 74.765500161515433, 30.331031471153796 ], [ 74.765679823911825, 30.331031471153796 ], [ 74.765679823911825, 30.330941639955597 ], [ 74.76585948630823, 30.330941639955597 ], [ 74.76585948630823, 30.331031471153796 ], [ 74.765949317506426, 30.331031471153796 ], [ 74.765949317506426, 30.331211133550198 ], [ 74.76585948630823, 30.331211133550198 ], [ 74.76585948630823, 30.331390795946596 ], [ 74.765949317506426, 30.331390795946596 ], [ 74.765949317506426, 30.331660289541198 ], [ 74.766757798290229, 30.331660289541198 ], [ 74.766757798290229, 30.331750120739397 ], [ 74.76585948630823, 30.331750120739397 ], [ 74.76585948630823, 30.332378939126798 ], [ 74.766488304695628, 30.332378939126798 ], [ 74.766488304695628, 30.332289107928599 ], [ 74.766667967092033, 30.332289107928599 ], [ 74.766667967092033, 30.332378939126798 ], [ 74.766757798290229, 30.332378939126798 ], [ 74.766757798290229, 30.332289107928599 ], [ 74.767117123083025, 30.332289107928599 ], [ 74.767117123083025, 30.3321992767304 ], [ 74.767206954281235, 30.3321992767304 ], [ 74.767206954281235, 30.331929783135799 ], [ 74.767117123083025, 30.331929783135799 ], [ 74.767117123083025, 30.331570458342998 ], [ 74.767206954281235, 30.331570458342998 ], [ 74.767206954281235, 30.331300964748397 ], [ 74.767117123083025, 30.331300964748397 ], [ 74.767117123083025, 30.331031471153796 ], [ 74.767206954281235, 30.331031471153796 ], [ 74.767206954281235, 30.330672146360996 ], [ 74.765051005524427, 30.330672146360996 ], [ 74.765051005524427, 30.330582315162797 ], [ 74.767206954281235, 30.330582315162797 ], [ 74.767206954281235, 30.330492483964598 ], [ 74.767296785479431, 30.330492483964598 ], [ 74.767296785479431, 30.330582315162797 ], [ 74.767476447875836, 30.330582315162797 ], [ 74.767476447875836, 30.330672146360996 ], [ 74.767296785479431, 30.330672146360996 ], [ 74.767296785479431, 30.330941639955597 ], [ 74.768105266263234, 30.330941639955597 ], [ 74.768105266263234, 30.330672146360996 ], [ 74.768015435065024, 30.330672146360996 ], [ 74.768015435065024, 30.330402652766399 ], [ 74.768105266263234, 30.330402652766399 ], [ 74.768105266263234, 30.330222990369997 ], [ 74.768015435065024, 30.330222990369997 ], [ 74.768015435065024, 30.330133159171798 ], [ 74.767925603866829, 30.330133159171798 ], [ 74.767925603866829, 30.330043327973598 ], [ 74.767206954281235, 30.330043327973598 ], [ 74.767206954281235, 30.329953496775399 ], [ 74.767925603866829, 30.329953496775399 ], [ 74.767925603866829, 30.329504340784396 ], [ 74.766488304695628, 30.329504340784396 ], [ 74.766488304695628, 30.329414509586197 ], [ 74.767835772668633, 30.329414509586197 ], [ 74.767835772668633, 30.328965353595198 ], [ 74.767745941470423, 30.328965353595198 ], [ 74.767745941470423, 30.328695860000597 ], [ 74.767476447875836, 30.328695860000597 ], [ 74.767476447875836, 30.328785691198799 ], [ 74.767206954281235, 30.328785691198799 ], [ 74.767206954281235, 30.328875522396999 ], [ 74.76702729188483, 30.328875522396999 ], [ 74.76702729188483, 30.328965353595198 ], [ 74.766847629488424, 30.328965353595198 ], [ 74.766847629488424, 30.329055184793397 ], [ 74.766667967092033, 30.329055184793397 ], [ 74.766667967092033, 30.3291450159916 ], [ 74.766578135893823, 30.3291450159916 ], [ 74.766578135893823, 30.329234847189799 ], [ 74.766488304695628, 30.329234847189799 ], [ 74.766488304695628, 30.329324678387998 ], [ 74.766398473497432, 30.329324678387998 ], [ 74.766398473497432, 30.329414509586197 ], [ 74.766218811101027, 30.329414509586197 ], [ 74.766218811101027, 30.329504340784396 ], [ 74.766128979902831, 30.329504340784396 ], [ 74.766128979902831, 30.329594171982599 ], [ 74.766039148704635, 30.329594171982599 ], [ 74.766039148704635, 30.329684003180798 ], [ 74.766128979902831, 30.329684003180798 ], [ 74.766128979902831, 30.329773834378997 ], [ 74.765769655110034, 30.329773834378997 ], [ 74.765769655110034, 30.329863665577196 ], [ 74.765500161515433, 30.329863665577196 ], [ 74.765500161515433, 30.329953496775399 ], [ 74.765320499119028, 30.329953496775399 ], [ 74.765320499119028, 30.330043327973598 ], [ 74.765230667920832, 30.330043327973598 ], [ 74.765230667920832, 30.330133159171798 ], [ 74.765051005524427, 30.330133159171798 ], [ 74.765051005524427, 30.330312821568199 ], [ 74.764871343128036, 30.330312821568199 ], [ 74.764871343128036, 30.330402652766399 ], [ 74.764601849533435, 30.330402652766399 ], [ 74.764601849533435, 30.330492483964598 ], [ 74.764512018335225, 30.330492483964598 ], [ 74.764512018335225, 30.330672146360996 ], [ 74.764422187137029, 30.330672146360996 ], [ 74.764422187137029, 30.330761977559199 ], [ 74.764152693542428, 30.330761977559199 ], [ 74.764152693542428, 30.330851808757398 ], [ 74.763973031146037, 30.330851808757398 ], [ 74.763973031146037, 30.330941639955597 ], [ 74.763793368749631, 30.330941639955597 ], [ 74.763793368749631, 30.331031471153796 ], [ 74.763613706353226, 30.331031471153796 ], [ 74.763613706353226, 30.331121302351999 ], [ 74.76352387515503, 30.331121302351999 ], [ 74.76352387515503, 30.331211133550198 ], [ 74.763434043956835, 30.331211133550198 ], [ 74.763434043956835, 30.331390795946596 ], [ 74.76352387515503, 30.331390795946596 ], [ 74.76352387515503, 30.331480627144799 ], [ 74.763613706353226, 30.331480627144799 ], [ 74.763613706353226, 30.331390795946596 ], [ 74.764422187137029, 30.331390795946596 ], [ 74.764422187137029, 30.331031471153796 ], [ 74.764512018335225, 30.331031471153796 ], [ 74.764512018335225, 30.331390795946596 ], [ 74.764601849533435, 30.331390795946596 ], [ 74.764601849533435, 30.333726407099796 ], [ 74.766488304695628, 30.333726407099796 ], [ 74.766488304695628, 30.333636575901597 ], [ 74.766578135893823, 30.333636575901597 ], [ 74.766578135893823, 30.333277251108797 ], [ 74.766667967092033, 30.333277251108797 ], [ 74.766667967092033, 30.333187419910598 ], [ 74.766757798290229, 30.333187419910598 ], [ 74.766757798290229, 30.333097588712398 ], [ 74.766847629488424, 30.333097588712398 ] ], [ [ 74.766667967092033, 30.333097588712398 ], [ 74.766667967092033, 30.332738263919598 ], [ 74.766757798290229, 30.332738263919598 ], [ 74.766757798290229, 30.333097588712398 ], [ 74.766667967092033, 30.333097588712398 ] ], [ [ 74.766578135893823, 30.332738263919598 ], [ 74.766578135893823, 30.332648432721399 ], [ 74.766667967092033, 30.332648432721399 ], [ 74.766667967092033, 30.332738263919598 ], [ 74.766578135893823, 30.332738263919598 ] ], [ [ 74.766039148704635, 30.331121302351999 ], [ 74.766398473497432, 30.331121302351999 ], [ 74.766398473497432, 30.331211133550198 ], [ 74.766039148704635, 30.331211133550198 ], [ 74.766039148704635, 30.331121302351999 ] ], [ [ 74.764601849533435, 30.330672146360996 ], [ 74.764961174326231, 30.330672146360996 ], [ 74.764961174326231, 30.330761977559199 ], [ 74.764601849533435, 30.330761977559199 ], [ 74.764601849533435, 30.330672146360996 ] ], [ [ 74.765140836722637, 30.330222990369997 ], [ 74.766128979902831, 30.330222990369997 ], [ 74.766128979902831, 30.330312821568199 ], [ 74.765140836722637, 30.330312821568199 ], [ 74.765140836722637, 30.330222990369997 ] ], [ [ 74.766488304695628, 30.330222990369997 ], [ 74.76702729188483, 30.330222990369997 ], [ 74.76702729188483, 30.330312821568199 ], [ 74.766488304695628, 30.330312821568199 ], [ 74.766488304695628, 30.330222990369997 ] ], [ [ 74.766578135893823, 30.329773834378997 ], [ 74.766488304695628, 30.329773834378997 ], [ 74.766488304695628, 30.329684003180798 ], [ 74.766667967092033, 30.329684003180798 ], [ 74.766667967092033, 30.330133159171798 ], [ 74.766578135893823, 30.330133159171798 ], [ 74.766578135893823, 30.329773834378997 ] ] ] } },
{ "type": "Feature", "properties": { "source_field_id": "1683488", "source_area_m2": 115839.98, "confidence": null, "determination_datetime": "2024-01-01T05:30:00+05:30", "determination_method": "auto-imagery", "xmin": 74.765589992713629, "ymin": 30.362472390523799, "xmax": 74.769183240641624, "ymax": 30.366424963244597, "area_m2": 115748.7455139283, "area_ha": 11.57487455139283, "field_id": "FTW-IN-PB-1683488", "boundary_source": "FIELDS_OF_THE_WORLD_GLOBAL_PRUE_2024_2025", "boundary_type": "RESEARCH_FIELD_BOUNDARY", "research_boundary_disclaimer": "Model-derived remote-sensing field unit; not a cadastral or ownership boundary.", "source_provider": "Fields of The World / Source Cooperative", "source_dataset": "Global Fields of The World, Punjab partition", "source_url": "https://data.source.coop/ftw/global-data/predictions/vectors/alpha/results-by-admin-conf/admin:country_code=IN/IN_PB.parquet", "real_or_synthetic": "REAL", "centroid_lon": 74.767468411677072, "centroid_lat": 30.364440302211911, "data_status": "REAL_SATELLITE_OBSERVATIONS", "ground_truth_status": "NO_GROUND_TRUTH_WEAK_PROXY_LABELS_ONLY", "demo_rank": 62, "demo_category": "OTHER", "demo_score": 8.0, "cropland_fraction": 1.0 }, "geometry": { "type": "Polygon", "coordinates": [ [ [ 74.766039148704635, 30.366424963244597 ], [ 74.766039148704635, 30.366335132046398 ], [ 74.766398473497432, 30.366335132046398 ], [ 74.766398473497432, 30.365436820064399 ], [ 74.766308642299236, 30.365436820064399 ], [ 74.766308642299236, 30.365257157667997 ], [ 74.767117123083025, 30.365257157667997 ], [ 74.767117123083025, 30.365167326469798 ], [ 74.767206954281235, 30.365167326469798 ], [ 74.767206954281235, 30.364718170478799 ], [ 74.767296785479431, 30.364718170478799 ], [ 74.767296785479431, 30.365167326469798 ], [ 74.767386616677626, 30.365167326469798 ], [ 74.767386616677626, 30.366335132046398 ], [ 74.769093409443428, 30.366335132046398 ], [ 74.769093409443428, 30.365346988866197 ], [ 74.769183240641624, 30.365346988866197 ], [ 74.769183240641624, 30.365077495271599 ], [ 74.769093409443428, 30.365077495271599 ], [ 74.769093409443428, 30.364448676884198 ], [ 74.768913747047023, 30.364448676884198 ], [ 74.768913747047023, 30.364358845685999 ], [ 74.769093409443428, 30.364358845685999 ], [ 74.769093409443428, 30.3642690144878 ], [ 74.769183240641624, 30.3642690144878 ], [ 74.769183240641624, 30.363819858496797 ], [ 74.769093409443428, 30.363819858496797 ], [ 74.769093409443428, 30.363730027298597 ], [ 74.769183240641624, 30.363730027298597 ], [ 74.769183240641624, 30.363280871307598 ], [ 74.769093409443428, 30.363280871307598 ], [ 74.769093409443428, 30.363191040109399 ], [ 74.769183240641624, 30.363191040109399 ], [ 74.769183240641624, 30.3627418841184 ], [ 74.769003578245233, 30.3627418841184 ], [ 74.769003578245233, 30.362652052920197 ], [ 74.768374759857835, 30.362652052920197 ], [ 74.768374759857835, 30.362472390523799 ], [ 74.767835772668633, 30.362472390523799 ], [ 74.767835772668633, 30.362652052920197 ], [ 74.767925603866829, 30.362652052920197 ], [ 74.767925603866829, 30.3627418841184 ], [ 74.767835772668633, 30.3627418841184 ], [ 74.767835772668633, 30.364987664073396 ], [ 74.767745941470423, 30.364987664073396 ], [ 74.767745941470423, 30.363280871307598 ], [ 74.767656110272227, 30.363280871307598 ], [ 74.767656110272227, 30.363191040109399 ], [ 74.766667967092033, 30.363191040109399 ], [ 74.766667967092033, 30.363101208911196 ], [ 74.76702729188483, 30.363101208911196 ], [ 74.76702729188483, 30.362831715316599 ], [ 74.766937460686634, 30.362831715316599 ], [ 74.766937460686634, 30.3627418841184 ], [ 74.765679823911825, 30.3627418841184 ], [ 74.765679823911825, 30.362831715316599 ], [ 74.765589992713629, 30.362831715316599 ], [ 74.765589992713629, 30.362921546514798 ], [ 74.765679823911825, 30.362921546514798 ], [ 74.765679823911825, 30.363101208911196 ], [ 74.765589992713629, 30.363101208911196 ], [ 74.765589992713629, 30.363191040109399 ], [ 74.765679823911825, 30.363191040109399 ], [ 74.765679823911825, 30.363280871307598 ], [ 74.766039148704635, 30.363280871307598 ], [ 74.766039148704635, 30.363370702505797 ], [ 74.765679823911825, 30.363370702505797 ], [ 74.765679823911825, 30.363999520893199 ], [ 74.765769655110034, 30.363999520893199 ], [ 74.765769655110034, 30.364179183289597 ], [ 74.765679823911825, 30.364179183289597 ], [ 74.765679823911825, 30.366424963244597 ], [ 74.766039148704635, 30.366424963244597 ] ] ] } },
{ "type": "Feature", "properties": { "source_field_id": "1683548", "source_area_m2": 106228.23, "confidence": null, "determination_datetime": "2024-01-01T05:30:00+05:30", "determination_method": "auto-imagery", "xmin": 74.776998554885026, "ymin": 30.343158682910797, "xmax": 74.780501971614825, "ymax": 30.347380749226197, "area_m2": 106144.45247746023, "area_ha": 10.614445247746023, "field_id": "FTW-IN-PB-1683548", "boundary_source": "FIELDS_OF_THE_WORLD_GLOBAL_PRUE_2024_2025", "boundary_type": "RESEARCH_FIELD_BOUNDARY", "research_boundary_disclaimer": "Model-derived remote-sensing field unit; not a cadastral or ownership boundary.", "source_provider": "Fields of The World / Source Cooperative", "source_dataset": "Global Fields of The World, Punjab partition", "source_url": "https://data.source.coop/ftw/global-data/predictions/vectors/alpha/results-by-admin-conf/admin:country_code=IN/IN_PB.parquet", "real_or_synthetic": "REAL", "centroid_lon": 74.778847666677351, "centroid_lat": 30.345669259412855, "data_status": "REAL_SATELLITE_OBSERVATIONS", "ground_truth_status": "NO_GROUND_TRUTH_WEAK_PROXY_LABELS_ONLY", "demo_rank": 63, "demo_category": "OTHER", "demo_score": 8.0, "cropland_fraction": 1.0 }, "geometry": { "type": "Polygon", "coordinates": [ [ [ 74.779783322029232, 30.347380749226197 ], [ 74.779783322029232, 30.347290918027998 ], [ 74.779962984425623, 30.347290918027998 ], [ 74.779962984425623, 30.347111255631599 ], [ 74.780052815623833, 30.347111255631599 ], [ 74.780052815623833, 30.347021424433397 ], [ 74.780322309218434, 30.347021424433397 ], [ 74.780322309218434, 30.346931593235198 ], [ 74.78041214041663, 30.346931593235198 ], [ 74.78041214041663, 30.346841762036998 ], [ 74.780322309218434, 30.346841762036998 ], [ 74.780322309218434, 30.346662099640596 ], [ 74.78041214041663, 30.346662099640596 ], [ 74.78041214041663, 30.346482437244198 ], [ 74.780322309218434, 30.346482437244198 ], [ 74.780322309218434, 30.344595982081998 ], [ 74.78041214041663, 30.344595982081998 ], [ 74.78041214041663, 30.3444163196856 ], [ 74.780501971614825, 30.3444163196856 ], [ 74.780501971614825, 30.344236657289198 ], [ 74.78041214041663, 30.344236657289198 ], [ 74.78041214041663, 30.343248514108996 ], [ 74.779693490831036, 30.343248514108996 ], [ 74.779693490831036, 30.343158682910797 ], [ 74.779154503641834, 30.343158682910797 ], [ 74.779154503641834, 30.343338345307199 ], [ 74.779064672443624, 30.343338345307199 ], [ 74.779064672443624, 30.343967163694597 ], [ 74.779154503641834, 30.343967163694597 ], [ 74.779154503641834, 30.344685813280197 ], [ 74.780052815623833, 30.344685813280197 ], [ 74.780052815623833, 30.344775644478396 ], [ 74.779423997236435, 30.344775644478396 ], [ 74.779423997236435, 30.344865475676599 ], [ 74.779154503641834, 30.344865475676599 ], [ 74.779154503641834, 30.344955306874798 ], [ 74.779064672443624, 30.344955306874798 ], [ 74.779064672443624, 30.345045138072997 ], [ 74.779154503641834, 30.345045138072997 ], [ 74.779154503641834, 30.347111255631599 ], [ 74.77924433484003, 30.347111255631599 ], [ 74.77924433484003, 30.347201086829799 ], [ 74.779154503641834, 30.347201086829799 ], [ 74.779154503641834, 30.347290918027998 ], [ 74.779064672443624, 30.347290918027998 ], [ 74.779064672443624, 30.346751930838799 ], [ 74.778974841245429, 30.346751930838799 ], [ 74.778974841245429, 30.346662099640596 ], [ 74.779064672443624, 30.346662099640596 ], [ 74.779064672443624, 30.346572268442397 ], [ 74.778974841245429, 30.346572268442397 ], [ 74.778974841245429, 30.344865475676599 ], [ 74.778166360461626, 30.344865475676599 ], [ 74.778166360461626, 30.344775644478396 ], [ 74.777088386083236, 30.344775644478396 ], [ 74.777088386083236, 30.344865475676599 ], [ 74.776998554885026, 30.344865475676599 ], [ 74.776998554885026, 30.344955306874798 ], [ 74.777088386083236, 30.344955306874798 ], [ 74.777088386083236, 30.345224800469399 ], [ 74.776998554885026, 30.345224800469399 ], [ 74.776998554885026, 30.347380749226197 ], [ 74.779783322029232, 30.347380749226197 ] ] ] } },
{ "type": "Feature", "properties": { "source_field_id": "1684751", "source_area_m2": 124861.45, "confidence": null, "determination_datetime": "2024-01-01T05:30:00+05:30", "determination_method": "auto-imagery", "xmin": 74.731993124586836, "ymin": 30.368580912001399, "xmax": 74.737023671686032, "ymax": 30.374060615091597, "area_m2": 124763.58823475345, "area_ha": 12.476358823475344, "field_id": "FTW-IN-PB-1684751", "boundary_source": "FIELDS_OF_THE_WORLD_GLOBAL_PRUE_2024_2025", "boundary_type": "RESEARCH_FIELD_BOUNDARY", "research_boundary_disclaimer": "Model-derived remote-sensing field unit; not a cadastral or ownership boundary.", "source_provider": "Fields of The World / Source Cooperative", "source_dataset": "Global Fields of The World, Punjab partition", "source_url": "https://data.source.coop/ftw/global-data/predictions/vectors/alpha/results-by-admin-conf/admin:country_code=IN/IN_PB.parquet", "real_or_synthetic": "REAL", "centroid_lon": 74.734888607241516, "centroid_lat": 30.371099703588396, "data_status": "REAL_SATELLITE_OBSERVATIONS", "ground_truth_status": "NO_GROUND_TRUTH_WEAK_PROXY_LABELS_ONLY", "demo_rank": 64, "demo_category": "OTHER", "demo_score": 8.0, "cropland_fraction": 1.0 }, "geometry": { "type": "Polygon", "coordinates": [ [ [ 74.735047385325629, 30.369838548776197 ], [ 74.73531687892023, 30.369838548776197 ], [ 74.73531687892023, 30.369748717577998 ], [ 74.735137216523825, 30.369748717577998 ], [ 74.735137216523825, 30.369658886379799 ], [ 74.734059242145435, 30.369658886379799 ], [ 74.734059242145435, 30.369479223983397 ], [ 74.734238904541826, 30.369479223983397 ], [ 74.734238904541826, 30.369569055181596 ], [ 74.734867722929224, 30.369569055181596 ], [ 74.734867722929224, 30.369479223983397 ], [ 74.734688060532832, 30.369479223983397 ], [ 74.734688060532832, 30.369389392785198 ], [ 74.734508398136427, 30.369389392785198 ], [ 74.734508398136427, 30.369299561586999 ], [ 74.73414907334363, 30.369299561586999 ], [ 74.73414907334363, 30.369209730388796 ], [ 74.733969410947225, 30.369209730388796 ], [ 74.733969410947225, 30.369119899190597 ], [ 74.733699917352624, 30.369119899190597 ], [ 74.733699917352624, 30.369479223983397 ], [ 74.733879579749029, 30.369479223983397 ], [ 74.733879579749029, 30.369569055181596 ], [ 74.733250761361631, 30.369569055181596 ], [ 74.733250761361631, 30.369479223983397 ], [ 74.733610086154428, 30.369479223983397 ], [ 74.733610086154428, 30.369119899190597 ], [ 74.733520254956233, 30.369119899190597 ], [ 74.733520254956233, 30.369030067992398 ], [ 74.733340592559827, 30.369030067992398 ], [ 74.733340592559827, 30.368940236794199 ], [ 74.733160930163436, 30.368940236794199 ], [ 74.733160930163436, 30.368850405596 ], [ 74.73298126776703, 30.368850405596 ], [ 74.73298126776703, 30.368940236794199 ], [ 74.732891436568835, 30.368940236794199 ], [ 74.732891436568835, 30.369030067992398 ], [ 74.732801605370625, 30.369030067992398 ], [ 74.732801605370625, 30.368760574397797 ], [ 74.732532111776024, 30.368760574397797 ], [ 74.732532111776024, 30.368670743199598 ], [ 74.732172786983227, 30.368670743199598 ], [ 74.732172786983227, 30.368580912001399 ], [ 74.731993124586836, 30.368580912001399 ], [ 74.731993124586836, 30.369928379974397 ], [ 74.732082955785032, 30.369928379974397 ], [ 74.732082955785032, 30.370018211172599 ], [ 74.732172786983227, 30.370018211172599 ], [ 74.732172786983227, 30.370108042370799 ], [ 74.732262618181423, 30.370108042370799 ], [ 74.732262618181423, 30.370018211172599 ], [ 74.732621942974234, 30.370018211172599 ], [ 74.732621942974234, 30.370108042370799 ], [ 74.732442280577828, 30.370108042370799 ], [ 74.732442280577828, 30.370197873568998 ], [ 74.732352449379633, 30.370197873568998 ], [ 74.732352449379633, 30.3703775359654 ], [ 74.732532111776024, 30.3703775359654 ], [ 74.732532111776024, 30.370467367163599 ], [ 74.732711774172429, 30.370467367163599 ], [ 74.732711774172429, 30.370557198361798 ], [ 74.732801605370625, 30.370557198361798 ], [ 74.732801605370625, 30.370647029559997 ], [ 74.733250761361631, 30.370647029559997 ], [ 74.733250761361631, 30.370916523154598 ], [ 74.733340592559827, 30.370916523154598 ], [ 74.733340592559827, 30.371006354352797 ], [ 74.733430423758037, 30.371006354352797 ], [ 74.733430423758037, 30.371096185550996 ], [ 74.733520254956233, 30.371096185550996 ], [ 74.733520254956233, 30.371275847947398 ], [ 74.733610086154428, 30.371275847947398 ], [ 74.733610086154428, 30.371365679145597 ], [ 74.733699917352624, 30.371365679145597 ], [ 74.733699917352624, 30.371455510343797 ], [ 74.733789748550834, 30.371455510343797 ], [ 74.733789748550834, 30.371545341541999 ], [ 74.733879579749029, 30.371545341541999 ], [ 74.733879579749029, 30.371635172740199 ], [ 74.733969410947225, 30.371635172740199 ], [ 74.733969410947225, 30.371725003938398 ], [ 74.734059242145435, 30.371725003938398 ], [ 74.734059242145435, 30.371814835136597 ], [ 74.73414907334363, 30.371814835136597 ], [ 74.73414907334363, 30.3719046663348 ], [ 74.734238904541826, 30.3719046663348 ], [ 74.734238904541826, 30.371994497532999 ], [ 74.734328735740036, 30.371994497532999 ], [ 74.734328735740036, 30.372084328731198 ], [ 74.734418566938231, 30.372084328731198 ], [ 74.734418566938231, 30.372174159929397 ], [ 74.734508398136427, 30.372174159929397 ], [ 74.734508398136427, 30.372263991127596 ], [ 74.734598229334637, 30.372263991127596 ], [ 74.734598229334637, 30.372353822325799 ], [ 74.734688060532832, 30.372353822325799 ], [ 74.734688060532832, 30.372443653523998 ], [ 74.734777891731028, 30.372443653523998 ], [ 74.734777891731028, 30.372533484722197 ], [ 74.734867722929224, 30.372533484722197 ], [ 74.734867722929224, 30.372623315920396 ], [ 74.734957554127433, 30.372623315920396 ], [ 74.734957554127433, 30.372713147118599 ], [ 74.735137216523825, 30.372713147118599 ], [ 74.735137216523825, 30.372353822325799 ], [ 74.735227047722034, 30.372353822325799 ], [ 74.735227047722034, 30.372892809514997 ], [ 74.73531687892023, 30.372892809514997 ], [ 74.73531687892023, 30.372982640713197 ], [ 74.735406710118426, 30.372982640713197 ], [ 74.735406710118426, 30.373072471911399 ], [ 74.735496541316635, 30.373072471911399 ], [ 74.735496541316635, 30.373162303109599 ], [ 74.735676203713027, 30.373162303109599 ], [ 74.735676203713027, 30.373252134307798 ], [ 74.735766034911236, 30.373252134307798 ], [ 74.735766034911236, 30.373341965505997 ], [ 74.735855866109432, 30.373341965505997 ], [ 74.735855866109432, 30.3734317967042 ], [ 74.736125359704033, 30.3734317967042 ], [ 74.736125359704033, 30.373611459100598 ], [ 74.736215190902229, 30.373611459100598 ], [ 74.736215190902229, 30.373701290298797 ], [ 74.736305022100424, 30.373701290298797 ], [ 74.736305022100424, 30.373791121496996 ], [ 74.736394853298634, 30.373791121496996 ], [ 74.736394853298634, 30.373880952695199 ], [ 74.73648468449683, 30.373880952695199 ], [ 74.73648468449683, 30.373970783893398 ], [ 74.736574515695025, 30.373970783893398 ], [ 74.736574515695025, 30.374060615091597 ], [ 74.737023671686032, 30.374060615091597 ], [ 74.737023671686032, 30.3719046663348 ], [ 74.736933840487836, 30.3719046663348 ], [ 74.736933840487836, 30.371814835136597 ], [ 74.737023671686032, 30.371814835136597 ], [ 74.737023671686032, 30.371725003938398 ], [ 74.736933840487836, 30.371725003938398 ], [ 74.736933840487836, 30.371635172740199 ], [ 74.737023671686032, 30.371635172740199 ], [ 74.737023671686032, 30.370647029559997 ], [ 74.736933840487836, 30.370647029559997 ], [ 74.736933840487836, 30.370557198361798 ], [ 74.736844009289626, 30.370557198361798 ], [ 74.736844009289626, 30.370467367163599 ], [ 74.736664346893235, 30.370467367163599 ], [ 74.736664346893235, 30.3703775359654 ], [ 74.736394853298634, 30.3703775359654 ], [ 74.736394853298634, 30.371545341541999 ], [ 74.73648468449683, 30.371545341541999 ], [ 74.73648468449683, 30.371635172740199 ], [ 74.736574515695025, 30.371635172740199 ], [ 74.736574515695025, 30.371725003938398 ], [ 74.736305022100424, 30.371725003938398 ], [ 74.736305022100424, 30.371455510343797 ], [ 74.736215190902229, 30.371455510343797 ], [ 74.736215190902229, 30.371365679145597 ], [ 74.736305022100424, 30.371365679145597 ], [ 74.736305022100424, 30.370287704767197 ], [ 74.736215190902229, 30.370287704767197 ], [ 74.736215190902229, 30.370197873568998 ], [ 74.736035528505823, 30.370197873568998 ], [ 74.736035528505823, 30.370108042370799 ], [ 74.735855866109432, 30.370108042370799 ], [ 74.735855866109432, 30.370018211172599 ], [ 74.735766034911236, 30.370018211172599 ], [ 74.735766034911236, 30.370108042370799 ], [ 74.735676203713027, 30.370108042370799 ], [ 74.735676203713027, 30.370197873568998 ], [ 74.735766034911236, 30.370197873568998 ], [ 74.735766034911236, 30.371365679145597 ], [ 74.736035528505823, 30.371365679145597 ], [ 74.736035528505823, 30.371455510343797 ], [ 74.735766034911236, 30.371455510343797 ], [ 74.735766034911236, 30.372892809514997 ], [ 74.735676203713027, 30.372892809514997 ], [ 74.735676203713027, 30.372982640713197 ], [ 74.735586372514831, 30.372982640713197 ], [ 74.735586372514831, 30.369928379974397 ], [ 74.735047385325629, 30.369928379974397 ], [ 74.735047385325629, 30.369838548776197 ] ], [ [ 74.735047385325629, 30.370018211172599 ], [ 74.734508398136427, 30.370018211172599 ], [ 74.734508398136427, 30.370108042370799 ], [ 74.733520254956233, 30.370108042370799 ], [ 74.733520254956233, 30.370018211172599 ], [ 74.734059242145435, 30.370018211172599 ], [ 74.734059242145435, 30.369928379974397 ], [ 74.735047385325629, 30.369928379974397 ], [ 74.735047385325629, 30.370018211172599 ] ], [ [ 74.733520254956233, 30.370197873568998 ], [ 74.733160930163436, 30.370197873568998 ], [ 74.733160930163436, 30.370287704767197 ], [ 74.732891436568835, 30.370287704767197 ], [ 74.732891436568835, 30.370197873568998 ], [ 74.73298126776703, 30.370197873568998 ], [ 74.73298126776703, 30.370108042370799 ], [ 74.733520254956233, 30.370108042370799 ], [ 74.733520254956233, 30.370197873568998 ] ], [ [ 74.732891436568835, 30.370108042370799 ], [ 74.732891436568835, 30.369928379974397 ], [ 74.73298126776703, 30.369928379974397 ], [ 74.73298126776703, 30.370108042370799 ], [ 74.732891436568835, 30.370108042370799 ] ], [ [ 74.734957554127433, 30.371275847947398 ], [ 74.734867722929224, 30.371275847947398 ], [ 74.734867722929224, 30.371186016749199 ], [ 74.734957554127433, 30.371186016749199 ], [ 74.734957554127433, 30.370826691956399 ], [ 74.734867722929224, 30.370826691956399 ], [ 74.734867722929224, 30.370736860758196 ], [ 74.734328735740036, 30.370736860758196 ], [ 74.734328735740036, 30.370647029559997 ], [ 74.734867722929224, 30.370647029559997 ], [ 74.734867722929224, 30.370557198361798 ], [ 74.734957554127433, 30.370557198361798 ], [ 74.734957554127433, 30.370467367163599 ], [ 74.735137216523825, 30.370467367163599 ], [ 74.735137216523825, 30.370647029559997 ], [ 74.735047385325629, 30.370647029559997 ], [ 74.735047385325629, 30.372084328731198 ], [ 74.734957554127433, 30.372084328731198 ], [ 74.734957554127433, 30.371275847947398 ] ], [ [ 74.732262618181423, 30.369838548776197 ], [ 74.732352449379633, 30.369838548776197 ], [ 74.732352449379633, 30.369928379974397 ], [ 74.732262618181423, 30.369928379974397 ], [ 74.732262618181423, 30.369838548776197 ] ], [ [ 74.732801605370625, 30.369479223983397 ], [ 74.73298126776703, 30.369479223983397 ], [ 74.73298126776703, 30.369658886379799 ], [ 74.732891436568835, 30.369658886379799 ], [ 74.732891436568835, 30.369838548776197 ], [ 74.732801605370625, 30.369838548776197 ], [ 74.732801605370625, 30.369479223983397 ] ], [ [ 74.732352449379633, 30.368940236794199 ], [ 74.732442280577828, 30.368940236794199 ], [ 74.732442280577828, 30.369119899190597 ], [ 74.732352449379633, 30.369119899190597 ], [ 74.732352449379633, 30.368940236794199 ] ] ] } },
{ "type": "Feature", "properties": { "source_field_id": "1686488", "source_area_m2": 101560.34, "confidence": null, "determination_datetime": "2024-01-01T05:30:00+05:30", "determination_method": "auto-imagery", "xmin": 74.767835772668633, "ymin": 30.366514794442796, "xmax": 74.771249358200237, "ymax": 30.370197873568998, "area_m2": 101480.33192166212, "area_ha": 10.148033192166212, "field_id": "FTW-IN-PB-1686488", "boundary_source": "FIELDS_OF_THE_WORLD_GLOBAL_PRUE_2024_2025", "boundary_type": "RESEARCH_FIELD_BOUNDARY", "research_boundary_disclaimer": "Model-derived remote-sensing field unit; not a cadastral or ownership boundary.", "source_provider": "Fields of The World / Source Cooperative", "source_dataset": "Global Fields of The World, Punjab partition", "source_url": "https://data.source.coop/ftw/global-data/predictions/vectors/alpha/results-by-admin-conf/admin:country_code=IN/IN_PB.parquet", "real_or_synthetic": "REAL", "centroid_lon": 74.769439691781841, "centroid_lat": 30.368205113011317, "data_status": "REAL_SATELLITE_OBSERVATIONS", "ground_truth_status": "NO_GROUND_TRUTH_WEAK_PROXY_LABELS_ONLY", "demo_rank": 65, "demo_category": "OTHER", "demo_score": 8.0, "cropland_fraction": 1.0 }, "geometry": { "type": "Polygon", "coordinates": [ [ [ 74.769991721425427, 30.367862262415798 ], [ 74.769991721425427, 30.368311418406797 ], [ 74.770081552623637, 30.368311418406797 ], [ 74.770081552623637, 30.369119899190597 ], [ 74.771159527002027, 30.369119899190597 ], [ 74.771159527002027, 30.3673232752266 ], [ 74.771249358200237, 30.3673232752266 ], [ 74.771249358200237, 30.367143612830198 ], [ 74.771159527002027, 30.367143612830198 ], [ 74.771159527002027, 30.366514794442796 ], [ 74.76963239663263, 30.366514794442796 ], [ 74.76963239663263, 30.366604625640999 ], [ 74.769542565434435, 30.366604625640999 ], [ 74.769542565434435, 30.366514794442796 ], [ 74.767835772668633, 30.366514794442796 ], [ 74.767835772668633, 30.367952093613997 ], [ 74.767925603866829, 30.367952093613997 ], [ 74.767925603866829, 30.368041924812196 ], [ 74.768374759857835, 30.368041924812196 ], [ 74.768374759857835, 30.367952093613997 ], [ 74.768464591056031, 30.367952093613997 ], [ 74.768464591056031, 30.367592768821197 ], [ 74.768374759857835, 30.367592768821197 ], [ 74.768374759857835, 30.367143612830198 ], [ 74.768464591056031, 30.367143612830198 ], [ 74.768464591056031, 30.367502937622998 ], [ 74.768554422254226, 30.367502937622998 ], [ 74.768554422254226, 30.368131756010399 ], [ 74.767925603866829, 30.368131756010399 ], [ 74.767925603866829, 30.368221587208598 ], [ 74.767835772668633, 30.368221587208598 ], [ 74.767835772668633, 30.368491080803199 ], [ 74.767925603866829, 30.368491080803199 ], [ 74.767925603866829, 30.368670743199598 ], [ 74.767835772668633, 30.368670743199598 ], [ 74.767835772668633, 30.369569055181596 ], [ 74.767925603866829, 30.369569055181596 ], [ 74.767925603866829, 30.369748717577998 ], [ 74.767835772668633, 30.369748717577998 ], [ 74.767835772668633, 30.370108042370799 ], [ 74.768913747047023, 30.370108042370799 ], [ 74.768913747047023, 30.370197873568998 ], [ 74.769183240641624, 30.370197873568998 ], [ 74.769183240641624, 30.370108042370799 ], [ 74.769452734236225, 30.370108042370799 ], [ 74.769452734236225, 30.370197873568998 ], [ 74.769722227830826, 30.370197873568998 ], [ 74.769722227830826, 30.370108042370799 ], [ 74.770530708614629, 30.370108042370799 ], [ 74.770530708614629, 30.369569055181596 ], [ 74.770620539812825, 30.369569055181596 ], [ 74.770620539812825, 30.369299561586999 ], [ 74.770530708614629, 30.369299561586999 ], [ 74.770530708614629, 30.369209730388796 ], [ 74.769542565434435, 30.369209730388796 ], [ 74.769542565434435, 30.369299561586999 ], [ 74.769273071839834, 30.369299561586999 ], [ 74.769273071839834, 30.369658886379799 ], [ 74.769362903038029, 30.369658886379799 ], [ 74.769362903038029, 30.369838548776197 ], [ 74.769183240641624, 30.369838548776197 ], [ 74.769183240641624, 30.369748717577998 ], [ 74.768644253452436, 30.369748717577998 ], [ 74.768644253452436, 30.369658886379799 ], [ 74.769093409443428, 30.369658886379799 ], [ 74.769093409443428, 30.369569055181596 ], [ 74.769183240641624, 30.369569055181596 ], [ 74.769183240641624, 30.369389392785198 ], [ 74.769093409443428, 30.369389392785198 ], [ 74.769093409443428, 30.367952093613997 ], [ 74.769183240641624, 30.367952093613997 ], [ 74.769183240641624, 30.367592768821197 ], [ 74.769093409443428, 30.367592768821197 ], [ 74.769093409443428, 30.366963950433799 ], [ 74.769273071839834, 30.366963950433799 ], [ 74.769273071839834, 30.368041924812196 ], [ 74.769901890227231, 30.368041924812196 ], [ 74.769901890227231, 30.367862262415798 ], [ 74.769991721425427, 30.367862262415798 ] ], [ [ 74.769812059029036, 30.367862262415798 ], [ 74.769812059029036, 30.367053781631999 ], [ 74.769722227830826, 30.367053781631999 ], [ 74.769722227830826, 30.366963950433799 ], [ 74.769901890227231, 30.366963950433799 ], [ 74.769901890227231, 30.367862262415798 ], [ 74.769812059029036, 30.367862262415798 ] ], [ [ 74.768284928659625, 30.369658886379799 ], [ 74.768464591056031, 30.369658886379799 ], [ 74.768464591056031, 30.369748717577998 ], [ 74.768284928659625, 30.369748717577998 ], [ 74.768284928659625, 30.369658886379799 ] ], [ [ 74.768464591056031, 30.368670743199598 ], [ 74.768374759857835, 30.368670743199598 ], [ 74.768374759857835, 30.368580912001399 ], [ 74.768464591056031, 30.368580912001399 ], [ 74.768464591056031, 30.368670743199598 ] ], [ [ 74.768464591056031, 30.368491080803199 ], [ 74.768554422254226, 30.368491080803199 ], [ 74.768554422254226, 30.368580912001399 ], [ 74.768464591056031, 30.368580912001399 ], [ 74.768464591056031, 30.368491080803199 ] ], [ [ 74.769452734236225, 30.366963950433799 ], [ 74.769542565434435, 30.366963950433799 ], [ 74.769542565434435, 30.366874119235597 ], [ 74.76963239663263, 30.366874119235597 ], [ 74.76963239663263, 30.367053781631999 ], [ 74.769452734236225, 30.367053781631999 ], [ 74.769452734236225, 30.366963950433799 ] ] ] } },
{ "type": "Feature", "properties": { "source_field_id": "1686579", "source_area_m2": 123907.2, "confidence": null, "determination_datetime": "2024-01-01T05:30:00+05:30", "determination_method": "auto-imagery", "xmin": 74.751755988190837, "ymin": 30.374689433478999, "xmax": 74.755888223308034, "ymax": 30.379899642974596, "area_m2": 123809.80409038719, "area_ha": 12.380980409038719, "field_id": "FTW-IN-PB-1686579", "boundary_source": "FIELDS_OF_THE_WORLD_GLOBAL_PRUE_2024_2025", "boundary_type": "RESEARCH_FIELD_BOUNDARY", "research_boundary_disclaimer": "Model-derived remote-sensing field unit; not a cadastral or ownership boundary.", "source_provider": "Fields of The World / Source Cooperative", "source_dataset": "Global Fields of The World, Punjab partition", "source_url": "https://data.source.coop/ftw/global-data/predictions/vectors/alpha/results-by-admin-conf/admin:country_code=IN/IN_PB.parquet", "real_or_synthetic": "REAL", "centroid_lon": 74.753237501993283, "centroid_lat": 30.37789475932049, "data_status": "REAL_SATELLITE_OBSERVATIONS", "ground_truth_status": "NO_GROUND_TRUTH_WEAK_PROXY_LABELS_ONLY", "demo_rank": 66, "demo_category": "OTHER", "demo_score": 8.0, "cropland_fraction": 1.0 }, "geometry": { "type": "Polygon", "coordinates": [ [ [ 74.751845819389032, 30.379450486983597 ], [ 74.751845819389032, 30.3795403181818 ], [ 74.751755988190837, 30.3795403181818 ], [ 74.751755988190837, 30.379899642974596 ], [ 74.753822105749435, 30.379899642974596 ], [ 74.753822105749435, 30.379809811776397 ], [ 74.753732274551226, 30.379809811776397 ], [ 74.753732274551226, 30.379630149379999 ], [ 74.75364244335303, 30.379630149379999 ], [ 74.75364244335303, 30.3795403181818 ], [ 74.753462780956625, 30.3795403181818 ], [ 74.753462780956625, 30.379450486983597 ], [ 74.753552612154834, 30.379450486983597 ], [ 74.753552612154834, 30.379091162190797 ], [ 74.753462780956625, 30.379091162190797 ], [ 74.753462780956625, 30.379001330992597 ], [ 74.753372949758429, 30.379001330992597 ], [ 74.753372949758429, 30.378821668596199 ], [ 74.753283118560233, 30.378821668596199 ], [ 74.753283118560233, 30.378552175001598 ], [ 74.753193287362024, 30.378552175001598 ], [ 74.753193287362024, 30.378462343803399 ], [ 74.753103456163828, 30.378462343803399 ], [ 74.753103456163828, 30.378282681406997 ], [ 74.753013624965632, 30.378282681406997 ], [ 74.753013624965632, 30.378192850208798 ], [ 74.752923793767437, 30.378192850208798 ], [ 74.752923793767437, 30.378103019010599 ], [ 74.752833962569227, 30.378103019010599 ], [ 74.752833962569227, 30.3780131878124 ], [ 74.752744131371031, 30.3780131878124 ], [ 74.752744131371031, 30.377923356614197 ], [ 74.752654300172836, 30.377923356614197 ], [ 74.752654300172836, 30.377833525415998 ], [ 74.75247463777643, 30.377833525415998 ], [ 74.75247463777643, 30.377743694217799 ], [ 74.752384806578235, 30.377743694217799 ], [ 74.752384806578235, 30.377653863019599 ], [ 74.752564468974626, 30.377653863019599 ], [ 74.752564468974626, 30.377743694217799 ], [ 74.752744131371031, 30.377743694217799 ], [ 74.752744131371031, 30.377833525415998 ], [ 74.752833962569227, 30.377833525415998 ], [ 74.752833962569227, 30.377923356614197 ], [ 74.752923793767437, 30.377923356614197 ], [ 74.752923793767437, 30.3780131878124 ], [ 74.753013624965632, 30.3780131878124 ], [ 74.753013624965632, 30.378103019010599 ], [ 74.753103456163828, 30.378103019010599 ], [ 74.753103456163828, 30.378192850208798 ], [ 74.753193287362024, 30.378192850208798 ], [ 74.753193287362024, 30.378282681406997 ], [ 74.753372949758429, 30.378282681406997 ], [ 74.753372949758429, 30.378642006199797 ], [ 74.753462780956625, 30.378642006199797 ], [ 74.753462780956625, 30.378731837397996 ], [ 74.753552612154834, 30.378731837397996 ], [ 74.753552612154834, 30.378911499794398 ], [ 74.753822105749435, 30.378911499794398 ], [ 74.753822105749435, 30.379091162190797 ], [ 74.753732274551226, 30.379091162190797 ], [ 74.753732274551226, 30.379270824587199 ], [ 74.753822105749435, 30.379270824587199 ], [ 74.753822105749435, 30.379630149379999 ], [ 74.753911936947631, 30.379630149379999 ], [ 74.753911936947631, 30.379809811776397 ], [ 74.754091599344036, 30.379809811776397 ], [ 74.754091599344036, 30.379899642974596 ], [ 74.755888223308034, 30.379899642974596 ], [ 74.755888223308034, 30.3795403181818 ], [ 74.755798392109824, 30.3795403181818 ], [ 74.755798392109824, 30.379360655785398 ], [ 74.755888223308034, 30.379360655785398 ], [ 74.755888223308034, 30.379270824587199 ], [ 74.755798392109824, 30.379270824587199 ], [ 74.755798392109824, 30.378372512605196 ], [ 74.755169573722426, 30.378372512605196 ], [ 74.755169573722426, 30.378462343803399 ], [ 74.755079742524231, 30.378462343803399 ], [ 74.755079742524231, 30.378372512605196 ], [ 74.754001768145827, 30.378372512605196 ], [ 74.754001768145827, 30.378462343803399 ], [ 74.753822105749435, 30.378462343803399 ], [ 74.753822105749435, 30.378821668596199 ], [ 74.753732274551226, 30.378821668596199 ], [ 74.753732274551226, 30.378462343803399 ], [ 74.75364244335303, 30.378462343803399 ], [ 74.75364244335303, 30.378372512605196 ], [ 74.753552612154834, 30.378372512605196 ], [ 74.753552612154834, 30.378282681406997 ], [ 74.753732274551226, 30.378282681406997 ], [ 74.753732274551226, 30.376845382235796 ], [ 74.75364244335303, 30.376845382235796 ], [ 74.75364244335303, 30.376755551037597 ], [ 74.753552612154834, 30.376755551037597 ], [ 74.753552612154834, 30.376665719839398 ], [ 74.75364244335303, 30.376665719839398 ], [ 74.75364244335303, 30.376036901451997 ], [ 74.753732274551226, 30.376036901451997 ], [ 74.753732274551226, 30.375767407857399 ], [ 74.753462780956625, 30.375767407857399 ], [ 74.753462780956625, 30.375497914262798 ], [ 74.753372949758429, 30.375497914262798 ], [ 74.753372949758429, 30.375318251866396 ], [ 74.753283118560233, 30.375318251866396 ], [ 74.753283118560233, 30.375228420668197 ], [ 74.753193287362024, 30.375228420668197 ], [ 74.753193287362024, 30.375318251866396 ], [ 74.753103456163828, 30.375318251866396 ], [ 74.753103456163828, 30.375228420668197 ], [ 74.753013624965632, 30.375228420668197 ], [ 74.753013624965632, 30.375138589469998 ], [ 74.752833962569227, 30.375138589469998 ], [ 74.752833962569227, 30.375048758271799 ], [ 74.752654300172836, 30.375048758271799 ], [ 74.752654300172836, 30.3749589270736 ], [ 74.752564468974626, 30.3749589270736 ], [ 74.752564468974626, 30.374869095875397 ], [ 74.752384806578235, 30.374869095875397 ], [ 74.752384806578235, 30.374779264677198 ], [ 74.752205144181829, 30.374779264677198 ], [ 74.752205144181829, 30.374689433478999 ], [ 74.752025481785424, 30.374689433478999 ], [ 74.752025481785424, 30.374779264677198 ], [ 74.751935650587228, 30.374779264677198 ], [ 74.751935650587228, 30.374869095875397 ], [ 74.751845819389032, 30.374869095875397 ], [ 74.751845819389032, 30.3749589270736 ], [ 74.751755988190837, 30.3749589270736 ], [ 74.751755988190837, 30.376486057443 ], [ 74.751845819389032, 30.376486057443 ], [ 74.751845819389032, 30.376665719839398 ], [ 74.751755988190837, 30.376665719839398 ], [ 74.751755988190837, 30.377294538226799 ], [ 74.751845819389032, 30.377294538226799 ], [ 74.751845819389032, 30.377474200623197 ], [ 74.751755988190837, 30.377474200623197 ], [ 74.751755988190837, 30.377653863019599 ], [ 74.751845819389032, 30.377653863019599 ], [ 74.751845819389032, 30.378103019010599 ], [ 74.751755988190837, 30.378103019010599 ], [ 74.751755988190837, 30.378552175001598 ], [ 74.751845819389032, 30.378552175001598 ], [ 74.751845819389032, 30.378642006199797 ], [ 74.751935650587228, 30.378642006199797 ], [ 74.751935650587228, 30.378731837397996 ], [ 74.751755988190837, 30.378731837397996 ], [ 74.751755988190837, 30.379270824587199 ], [ 74.751845819389032, 30.379270824587199 ], [ 74.751845819389032, 30.379360655785398 ], [ 74.752025481785424, 30.379360655785398 ], [ 74.752025481785424, 30.379450486983597 ], [ 74.751845819389032, 30.379450486983597 ] ], [ [ 74.752205144181829, 30.377653863019599 ], [ 74.752205144181829, 30.377564031821397 ], [ 74.752384806578235, 30.377564031821397 ], [ 74.752384806578235, 30.377653863019599 ], [ 74.752205144181829, 30.377653863019599 ] ], [ [ 74.752025481785424, 30.377564031821397 ], [ 74.752025481785424, 30.377474200623197 ], [ 74.752205144181829, 30.377474200623197 ], [ 74.752205144181829, 30.377564031821397 ], [ 74.752025481785424, 30.377564031821397 ] ], [ [ 74.752205144181829, 30.379450486983597 ], [ 74.752205144181829, 30.3795403181818 ], [ 74.752025481785424, 30.3795403181818 ], [ 74.752025481785424, 30.379450486983597 ], [ 74.752205144181829, 30.379450486983597 ] ], [ [ 74.753013624965632, 30.376575888641199 ], [ 74.753103456163828, 30.376575888641199 ], [ 74.753103456163828, 30.375408083064599 ], [ 74.753193287362024, 30.375408083064599 ], [ 74.753193287362024, 30.376665719839398 ], [ 74.753462780956625, 30.376665719839398 ], [ 74.753462780956625, 30.376755551037597 ], [ 74.753013624965632, 30.376755551037597 ], [ 74.753013624965632, 30.376575888641199 ] ] ] } },
{ "type": "Feature", "properties": { "source_field_id": "1687675", "source_area_m2": 112201.24, "confidence": null, "determination_datetime": "2024-01-01T05:30:00+05:30", "determination_method": "auto-imagery", "xmin": 74.764242524740624, "ymin": 30.385469177262998, "xmax": 74.767476447875836, "ymax": 30.391398036344199, "area_m2": 112112.90244868856, "area_ha": 11.211290244868856, "field_id": "FTW-IN-PB-1687675", "boundary_source": "FIELDS_OF_THE_WORLD_GLOBAL_PRUE_2024_2025", "boundary_type": "RESEARCH_FIELD_BOUNDARY", "research_boundary_disclaimer": "Model-derived remote-sensing field unit; not a cadastral or ownership boundary.", "source_provider": "Fields of The World / Source Cooperative", "source_dataset": "Global Fields of The World, Punjab partition", "source_url": "https://data.source.coop/ftw/global-data/predictions/vectors/alpha/results-by-admin-conf/admin:country_code=IN/IN_PB.parquet", "real_or_synthetic": "REAL", "centroid_lon": 74.765394813236085, "centroid_lat": 30.388265789777371, "data_status": "REAL_SATELLITE_OBSERVATIONS", "ground_truth_status": "NO_GROUND_TRUTH_WEAK_PROXY_LABELS_ONLY", "demo_rank": 67, "demo_category": "OTHER", "demo_score": 8.0, "cropland_fraction": 1.0 }, "geometry": { "type": "Polygon", "coordinates": [ [ [ 74.766128979902831, 30.391398036344199 ], [ 74.766128979902831, 30.391308205145997 ], [ 74.766218811101027, 30.391308205145997 ], [ 74.766218811101027, 30.391218373947797 ], [ 74.766128979902831, 30.391218373947797 ], [ 74.766128979902831, 30.391128542749598 ], [ 74.766218811101027, 30.391128542749598 ], [ 74.766218811101027, 30.390769217956798 ], [ 74.766128979902831, 30.390769217956798 ], [ 74.766128979902831, 30.389781074776597 ], [ 74.766218811101027, 30.389781074776597 ], [ 74.766218811101027, 30.389511581181999 ], [ 74.766128979902831, 30.389511581181999 ], [ 74.766128979902831, 30.389331918785597 ], [ 74.765230667920832, 30.389331918785597 ], [ 74.765230667920832, 30.389242087587398 ], [ 74.765769655110034, 30.389242087587398 ], [ 74.765769655110034, 30.389152256389199 ], [ 74.766128979902831, 30.389152256389199 ], [ 74.766128979902831, 30.386996307632398 ], [ 74.766218811101027, 30.386996307632398 ], [ 74.766218811101027, 30.386726814037797 ], [ 74.766039148704635, 30.386726814037797 ], [ 74.766039148704635, 30.386636982839597 ], [ 74.766308642299236, 30.386636982839597 ], [ 74.766308642299236, 30.386547151641398 ], [ 74.766398473497432, 30.386547151641398 ], [ 74.766398473497432, 30.386367489244996 ], [ 74.766039148704635, 30.386367489244996 ], [ 74.766039148704635, 30.386277658046797 ], [ 74.765679823911825, 30.386277658046797 ], [ 74.765679823911825, 30.386367489244996 ], [ 74.765410330317223, 30.386367489244996 ], [ 74.765410330317223, 30.386187826848598 ], [ 74.767117123083025, 30.386187826848598 ], [ 74.767117123083025, 30.386097995650399 ], [ 74.767206954281235, 30.386097995650399 ], [ 74.767206954281235, 30.385828502055798 ], [ 74.767296785479431, 30.385828502055798 ], [ 74.767296785479431, 30.385738670857599 ], [ 74.767386616677626, 30.385738670857599 ], [ 74.767386616677626, 30.3856488396594 ], [ 74.767476447875836, 30.3856488396594 ], [ 74.767476447875836, 30.385469177262998 ], [ 74.765769655110034, 30.385469177262998 ], [ 74.765769655110034, 30.385559008461197 ], [ 74.764332355938834, 30.385559008461197 ], [ 74.764332355938834, 30.386277658046797 ], [ 74.764601849533435, 30.386277658046797 ], [ 74.764601849533435, 30.386187826848598 ], [ 74.765320499119028, 30.386187826848598 ], [ 74.765320499119028, 30.386277658046797 ], [ 74.764781511929826, 30.386277658046797 ], [ 74.764781511929826, 30.386367489244996 ], [ 74.764332355938834, 30.386367489244996 ], [ 74.764332355938834, 30.386636982839597 ], [ 74.765051005524427, 30.386636982839597 ], [ 74.765051005524427, 30.386726814037797 ], [ 74.764332355938834, 30.386726814037797 ], [ 74.764332355938834, 30.386996307632398 ], [ 74.764871343128036, 30.386996307632398 ], [ 74.764871343128036, 30.387086138830597 ], [ 74.764332355938834, 30.387086138830597 ], [ 74.764332355938834, 30.388972593992797 ], [ 74.764781511929826, 30.388972593992797 ], [ 74.764781511929826, 30.389062425190996 ], [ 74.76469168073163, 30.389062425190996 ], [ 74.76469168073163, 30.389242087587398 ], [ 74.765051005524427, 30.389242087587398 ], [ 74.765051005524427, 30.389331918785597 ], [ 74.764781511929826, 30.389331918785597 ], [ 74.764781511929826, 30.389421749983796 ], [ 74.76469168073163, 30.389421749983796 ], [ 74.76469168073163, 30.3902302307676 ], [ 74.764781511929826, 30.3902302307676 ], [ 74.764781511929826, 30.390320061965799 ], [ 74.76469168073163, 30.390320061965799 ], [ 74.76469168073163, 30.390409893163998 ], [ 74.764332355938834, 30.390409893163998 ], [ 74.764332355938834, 30.390499724362197 ], [ 74.764242524740624, 30.390499724362197 ], [ 74.764242524740624, 30.390679386758599 ], [ 74.764332355938834, 30.390679386758599 ], [ 74.764332355938834, 30.390769217956798 ], [ 74.764242524740624, 30.390769217956798 ], [ 74.764242524740624, 30.391398036344199 ], [ 74.766128979902831, 30.391398036344199 ] ], [ [ 74.764961174326231, 30.388253944407197 ], [ 74.765051005524427, 30.388253944407197 ], [ 74.765051005524427, 30.388343775605399 ], [ 74.764961174326231, 30.388343775605399 ], [ 74.764961174326231, 30.388253944407197 ] ], [ [ 74.765410330317223, 30.386636982839597 ], [ 74.76585948630823, 30.386636982839597 ], [ 74.76585948630823, 30.386726814037797 ], [ 74.765410330317223, 30.386726814037797 ], [ 74.765410330317223, 30.386636982839597 ] ] ] } },
{ "type": "Feature", "properties": { "source_field_id": "1693215", "source_area_m2": 133027.66, "confidence": null, "determination_datetime": "2024-01-01T05:30:00+05:30", "determination_method": "auto-imagery", "xmin": 74.801612303191831, "ymin": 30.370018211172599, "xmax": 74.806103863101825, "ymax": 30.375947070253797, "area_m2": 132922.4255087405, "area_ha": 13.29224255087405, "field_id": "FTW-IN-PB-1693215", "boundary_source": "FIELDS_OF_THE_WORLD_GLOBAL_PRUE_2024_2025", "boundary_type": "RESEARCH_FIELD_BOUNDARY", "research_boundary_disclaimer": "Model-derived remote-sensing field unit; not a cadastral or ownership boundary.", "source_provider": "Fields of The World / Source Cooperative", "source_dataset": "Global Fields of The World, Punjab partition", "source_url": "https://data.source.coop/ftw/global-data/predictions/vectors/alpha/results-by-admin-conf/admin:country_code=IN/IN_PB.parquet", "real_or_synthetic": "REAL", "centroid_lon": 74.804019768444505, "centroid_lat": 30.373535402704807, "data_status": "REAL_SATELLITE_OBSERVATIONS", "ground_truth_status": "NO_GROUND_TRUTH_WEAK_PROXY_LABELS_ONLY", "demo_rank": 68, "demo_category": "OTHER", "demo_score": 8.0, "cropland_fraction": 1.0 }, "geometry": { "type": "Polygon", "coordinates": [ [ [ 74.803947914345031, 30.371006354352797 ], [ 74.803408927155829, 30.371006354352797 ], [ 74.803408927155829, 30.371096185550996 ], [ 74.803319095957633, 30.371096185550996 ], [ 74.803319095957633, 30.371186016749199 ], [ 74.803408927155829, 30.371186016749199 ], [ 74.803408927155829, 30.373611459100598 ], [ 74.803229264759423, 30.373611459100598 ], [ 74.803229264759423, 30.373521627902399 ], [ 74.803319095957633, 30.373521627902399 ], [ 74.803319095957633, 30.372443653523998 ], [ 74.803229264759423, 30.372443653523998 ], [ 74.803229264759423, 30.372353822325799 ], [ 74.801702134390027, 30.372353822325799 ], [ 74.801702134390027, 30.372443653523998 ], [ 74.801612303191831, 30.372443653523998 ], [ 74.801612303191831, 30.372533484722197 ], [ 74.801702134390027, 30.372533484722197 ], [ 74.801702134390027, 30.372713147118599 ], [ 74.801791965588237, 30.372713147118599 ], [ 74.801791965588237, 30.372982640713197 ], [ 74.801881796786432, 30.372982640713197 ], [ 74.801881796786432, 30.373162303109599 ], [ 74.801971627984628, 30.373162303109599 ], [ 74.801971627984628, 30.3734317967042 ], [ 74.802061459182823, 30.3734317967042 ], [ 74.802061459182823, 30.373611459100598 ], [ 74.802330952777424, 30.373611459100598 ], [ 74.802330952777424, 30.373701290298797 ], [ 74.802600446372026, 30.373701290298797 ], [ 74.802600446372026, 30.373791121496996 ], [ 74.802690277570235, 30.373791121496996 ], [ 74.802690277570235, 30.373880952695199 ], [ 74.802780108768431, 30.373880952695199 ], [ 74.802780108768431, 30.373970783893398 ], [ 74.803139433561228, 30.373970783893398 ], [ 74.803139433561228, 30.373880952695199 ], [ 74.803229264759423, 30.373880952695199 ], [ 74.803229264759423, 30.373701290298797 ], [ 74.803319095957633, 30.373701290298797 ], [ 74.803319095957633, 30.373970783893398 ], [ 74.803408927155829, 30.373970783893398 ], [ 74.803408927155829, 30.374330108686198 ], [ 74.803768251948625, 30.374330108686198 ], [ 74.803768251948625, 30.374240277487999 ], [ 74.804037745543226, 30.374240277487999 ], [ 74.804037745543226, 30.374060615091597 ], [ 74.804127576741436, 30.374060615091597 ], [ 74.804127576741436, 30.374330108686198 ], [ 74.804217407939632, 30.374330108686198 ], [ 74.804217407939632, 30.374419939884397 ], [ 74.804037745543226, 30.374419939884397 ], [ 74.804037745543226, 30.374509771082597 ], [ 74.803947914345031, 30.374509771082597 ], [ 74.803947914345031, 30.374419939884397 ], [ 74.803229264759423, 30.374419939884397 ], [ 74.803229264759423, 30.374509771082597 ], [ 74.80251061517383, 30.374509771082597 ], [ 74.80251061517383, 30.374779264677198 ], [ 74.802600446372026, 30.374779264677198 ], [ 74.802600446372026, 30.3749589270736 ], [ 74.802690277570235, 30.3749589270736 ], [ 74.802690277570235, 30.375138589469998 ], [ 74.802780108768431, 30.375138589469998 ], [ 74.802780108768431, 30.375228420668197 ], [ 74.802869939966627, 30.375228420668197 ], [ 74.802869939966627, 30.375318251866396 ], [ 74.803498758354024, 30.375318251866396 ], [ 74.803498758354024, 30.375408083064599 ], [ 74.802869939966627, 30.375408083064599 ], [ 74.802869939966627, 30.375587745460997 ], [ 74.802959771164836, 30.375587745460997 ], [ 74.802959771164836, 30.375767407857399 ], [ 74.803049602363032, 30.375767407857399 ], [ 74.803049602363032, 30.375947070253797 ], [ 74.806014031903629, 30.375947070253797 ], [ 74.806014031903629, 30.375857239055598 ], [ 74.806103863101825, 30.375857239055598 ], [ 74.806103863101825, 30.3749589270736 ], [ 74.806014031903629, 30.3749589270736 ], [ 74.806014031903629, 30.374869095875397 ], [ 74.805564875912637, 30.374869095875397 ], [ 74.805564875912637, 30.3749589270736 ], [ 74.805385213516232, 30.3749589270736 ], [ 74.805385213516232, 30.374869095875397 ], [ 74.805205551119826, 30.374869095875397 ], [ 74.805205551119826, 30.374779264677198 ], [ 74.805385213516232, 30.374779264677198 ], [ 74.805385213516232, 30.374240277487999 ], [ 74.804756395128834, 30.374240277487999 ], [ 74.804756395128834, 30.374419939884397 ], [ 74.804666563930624, 30.374419939884397 ], [ 74.804666563930624, 30.374330108686198 ], [ 74.804307239137827, 30.374330108686198 ], [ 74.804307239137827, 30.374240277487999 ], [ 74.804576732732428, 30.374240277487999 ], [ 74.804576732732428, 30.374150446289796 ], [ 74.805385213516232, 30.374150446289796 ], [ 74.805385213516232, 30.373162303109599 ], [ 74.80484622632703, 30.373162303109599 ], [ 74.80484622632703, 30.373072471911399 ], [ 74.805385213516232, 30.373072471911399 ], [ 74.805385213516232, 30.372623315920396 ], [ 74.804127576741436, 30.372623315920396 ], [ 74.804127576741436, 30.373970783893398 ], [ 74.804037745543226, 30.373970783893398 ], [ 74.804037745543226, 30.372623315920396 ], [ 74.803947914345031, 30.372623315920396 ], [ 74.803947914345031, 30.372533484722197 ], [ 74.804666563930624, 30.372533484722197 ], [ 74.804666563930624, 30.371545341541999 ], [ 74.804756395128834, 30.371545341541999 ], [ 74.804756395128834, 30.370826691956399 ], [ 74.804666563930624, 30.370826691956399 ], [ 74.804666563930624, 30.370736860758196 ], [ 74.804756395128834, 30.370736860758196 ], [ 74.804756395128834, 30.370108042370799 ], [ 74.804666563930624, 30.370108042370799 ], [ 74.804666563930624, 30.370018211172599 ], [ 74.804486901534233, 30.370018211172599 ], [ 74.804486901534233, 30.370108042370799 ], [ 74.804217407939632, 30.370108042370799 ], [ 74.804217407939632, 30.370197873568998 ], [ 74.804127576741436, 30.370197873568998 ], [ 74.804127576741436, 30.370287704767197 ], [ 74.803768251948625, 30.370287704767197 ], [ 74.803768251948625, 30.3703775359654 ], [ 74.803588589552234, 30.3703775359654 ], [ 74.803588589552234, 30.370736860758196 ], [ 74.80367842075043, 30.370736860758196 ], [ 74.80367842075043, 30.370916523154598 ], [ 74.803947914345031, 30.370916523154598 ], [ 74.803947914345031, 30.371006354352797 ] ], [ [ 74.803947914345031, 30.370826691956399 ], [ 74.804037745543226, 30.370826691956399 ], [ 74.804037745543226, 30.370736860758196 ], [ 74.804127576741436, 30.370736860758196 ], [ 74.804127576741436, 30.370826691956399 ], [ 74.804217407939632, 30.370826691956399 ], [ 74.804217407939632, 30.370916523154598 ], [ 74.803947914345031, 30.370916523154598 ], [ 74.803947914345031, 30.370826691956399 ] ], [ [ 74.803947914345031, 30.375677576659196 ], [ 74.804037745543226, 30.375677576659196 ], [ 74.804037745543226, 30.375767407857399 ], [ 74.803947914345031, 30.375767407857399 ], [ 74.803947914345031, 30.375677576659196 ] ], [ [ 74.803947914345031, 30.375408083064599 ], [ 74.803588589552234, 30.375408083064599 ], [ 74.803588589552234, 30.375318251866396 ], [ 74.803947914345031, 30.375318251866396 ], [ 74.803947914345031, 30.375228420668197 ], [ 74.804037745543226, 30.375228420668197 ], [ 74.804037745543226, 30.375048758271799 ], [ 74.804127576741436, 30.375048758271799 ], [ 74.804127576741436, 30.375228420668197 ], [ 74.804666563930624, 30.375228420668197 ], [ 74.804666563930624, 30.375138589469998 ], [ 74.804756395128834, 30.375138589469998 ], [ 74.804756395128834, 30.375048758271799 ], [ 74.80484622632703, 30.375048758271799 ], [ 74.80484622632703, 30.375318251866396 ], [ 74.804127576741436, 30.375318251866396 ], [ 74.804127576741436, 30.375408083064599 ], [ 74.804037745543226, 30.375408083064599 ], [ 74.804037745543226, 30.375497914262798 ], [ 74.803947914345031, 30.375497914262798 ], [ 74.803947914345031, 30.375408083064599 ] ], [ [ 74.804666563930624, 30.374779264677198 ], [ 74.804756395128834, 30.374779264677198 ], [ 74.804756395128834, 30.374689433478999 ], [ 74.80484622632703, 30.374689433478999 ], [ 74.80484622632703, 30.3749589270736 ], [ 74.804666563930624, 30.3749589270736 ], [ 74.804666563930624, 30.374779264677198 ] ], [ [ 74.804666563930624, 30.374509771082597 ], [ 74.804756395128834, 30.374509771082597 ], [ 74.804756395128834, 30.374599602280799 ], [ 74.804666563930624, 30.374599602280799 ], [ 74.804666563930624, 30.374509771082597 ] ] ] } },
{ "type": "Feature", "properties": { "source_field_id": "1697325", "source_area_m2": 141917.56, "confidence": null, "determination_datetime": "2024-01-01T05:30:00+05:30", "determination_method": "auto-imagery", "xmin": 74.531040734213434, "ymin": 30.409004951191399, "xmax": 74.537149255691034, "ymax": 30.412059211930199, "area_m2": 141811.06634111729, "area_ha": 14.181106634111728, "field_id": "FTW-IN-PB-1697325", "boundary_source": "FIELDS_OF_THE_WORLD_GLOBAL_PRUE_2024_2025", "boundary_type": "RESEARCH_FIELD_BOUNDARY", "research_boundary_disclaimer": "Model-derived remote-sensing field unit; not a cadastral or ownership boundary.", "source_provider": "Fields of The World / Source Cooperative", "source_dataset": "Global Fields of The World, Punjab partition", "source_url": "https://data.source.coop/ftw/global-data/predictions/vectors/alpha/results-by-admin-conf/admin:country_code=IN/IN_PB.parquet", "real_or_synthetic": "REAL", "centroid_lon": 74.534053234855733, "centroid_lat": 30.410830229509759, "data_status": "REAL_SATELLITE_OBSERVATIONS", "ground_truth_status": "NO_GROUND_TRUTH_WEAK_PROXY_LABELS_ONLY", "demo_rank": 69, "demo_category": "OTHER", "demo_score": 8.0, "cropland_fraction": 0.99391480730223125 }, "geometry": { "type": "Polygon", "coordinates": [ [ [ 74.535532294123428, 30.410621912758998 ], [ 74.536789930898223, 30.410621912758998 ], [ 74.536789930898223, 30.410711743957197 ], [ 74.537149255691034, 30.410711743957197 ], [ 74.537149255691034, 30.410442250362596 ], [ 74.537059424492824, 30.410442250362596 ], [ 74.537059424492824, 30.410352419164397 ], [ 74.536610268501832, 30.410352419164397 ], [ 74.536610268501832, 30.410172756767999 ], [ 74.536700099700028, 30.410172756767999 ], [ 74.536700099700028, 30.410262587966198 ], [ 74.537149255691034, 30.410262587966198 ], [ 74.537149255691034, 30.409903263173398 ], [ 74.536969593294629, 30.409903263173398 ], [ 74.536969593294629, 30.409813431975198 ], [ 74.536700099700028, 30.409813431975198 ], [ 74.536700099700028, 30.409723600776999 ], [ 74.536340774907231, 30.409723600776999 ], [ 74.536340774907231, 30.409633769578797 ], [ 74.53607128131263, 30.409633769578797 ], [ 74.53607128131263, 30.409543938380597 ], [ 74.535981450114434, 30.409543938380597 ], [ 74.535981450114434, 30.409633769578797 ], [ 74.535891618916224, 30.409633769578797 ], [ 74.535891618916224, 30.409543938380597 ], [ 74.535801787718029, 30.409543938380597 ], [ 74.535801787718029, 30.409454107182398 ], [ 74.535442462925232, 30.409454107182398 ], [ 74.535442462925232, 30.409364275984199 ], [ 74.535172969330631, 30.409364275984199 ], [ 74.535172969330631, 30.409274444785996 ], [ 74.534813644537834, 30.409274444785996 ], [ 74.534813644537834, 30.409184613587797 ], [ 74.534544150943233, 30.409184613587797 ], [ 74.534544150943233, 30.409094782389598 ], [ 74.534274657348632, 30.409094782389598 ], [ 74.534274657348632, 30.409004951191399 ], [ 74.533915332555821, 30.409004951191399 ], [ 74.533915332555821, 30.409993094371597 ], [ 74.534005163754031, 30.409993094371597 ], [ 74.534005163754031, 30.409903263173398 ], [ 74.534633982141429, 30.409903263173398 ], [ 74.534633982141429, 30.409993094371597 ], [ 74.534094994952227, 30.409993094371597 ], [ 74.534094994952227, 30.4100829255698 ], [ 74.533286514168424, 30.4100829255698 ], [ 74.533286514168424, 30.409993094371597 ], [ 74.533017020573823, 30.409993094371597 ], [ 74.533017020573823, 30.4100829255698 ], [ 74.531579721402622, 30.4100829255698 ], [ 74.531579721402622, 30.410172756767999 ], [ 74.531489890204426, 30.410172756767999 ], [ 74.531489890204426, 30.409993094371597 ], [ 74.532118708591824, 30.409993094371597 ], [ 74.532118708591824, 30.409903263173398 ], [ 74.532388202186425, 30.409903263173398 ], [ 74.532388202186425, 30.409723600776999 ], [ 74.531849214997223, 30.409723600776999 ], [ 74.531849214997223, 30.409813431975198 ], [ 74.531669552600832, 30.409813431975198 ], [ 74.531669552600832, 30.409723600776999 ], [ 74.531759383799027, 30.409723600776999 ], [ 74.531759383799027, 30.409633769578797 ], [ 74.531669552600832, 30.409633769578797 ], [ 74.531669552600832, 30.409454107182398 ], [ 74.531400059006231, 30.409454107182398 ], [ 74.531400059006231, 30.409543938380597 ], [ 74.531040734213434, 30.409543938380597 ], [ 74.531040734213434, 30.409813431975198 ], [ 74.531220396609825, 30.409813431975198 ], [ 74.531220396609825, 30.409903263173398 ], [ 74.531040734213434, 30.409903263173398 ], [ 74.531040734213434, 30.4100829255698 ], [ 74.53113056541163, 30.4100829255698 ], [ 74.53113056541163, 30.410172756767999 ], [ 74.531040734213434, 30.410172756767999 ], [ 74.531040734213434, 30.410262587966198 ], [ 74.53113056541163, 30.410262587966198 ], [ 74.53113056541163, 30.410352419164397 ], [ 74.531220396609825, 30.410352419164397 ], [ 74.531220396609825, 30.410442250362596 ], [ 74.53113056541163, 30.410442250362596 ], [ 74.53113056541163, 30.410621912758998 ], [ 74.531040734213434, 30.410621912758998 ], [ 74.531040734213434, 30.410801575155396 ], [ 74.53113056541163, 30.410801575155396 ], [ 74.53113056541163, 30.410981237551798 ], [ 74.531040734213434, 30.410981237551798 ], [ 74.531040734213434, 30.411699887137399 ], [ 74.53113056541163, 30.411699887137399 ], [ 74.53113056541163, 30.412059211930199 ], [ 74.533825501357626, 30.412059211930199 ], [ 74.533825501357626, 30.411969380731996 ], [ 74.534094994952227, 30.411969380731996 ], [ 74.534094994952227, 30.411879549533797 ], [ 74.534184826150423, 30.411879549533797 ], [ 74.534184826150423, 30.411969380731996 ], [ 74.534274657348632, 30.411969380731996 ], [ 74.534274657348632, 30.412059211930199 ], [ 74.534993306934226, 30.412059211930199 ], [ 74.534993306934226, 30.411969380731996 ], [ 74.535172969330631, 30.411969380731996 ], [ 74.535172969330631, 30.412059211930199 ], [ 74.537149255691034, 30.412059211930199 ], [ 74.537149255691034, 30.411071068749997 ], [ 74.536969593294629, 30.411071068749997 ], [ 74.536969593294629, 30.411160899948197 ], [ 74.536610268501832, 30.411160899948197 ], [ 74.536610268501832, 30.411071068749997 ], [ 74.536700099700028, 30.411071068749997 ], [ 74.536700099700028, 30.410981237551798 ], [ 74.537149255691034, 30.410981237551798 ], [ 74.537149255691034, 30.410801575155396 ], [ 74.536700099700028, 30.410801575155396 ], [ 74.536700099700028, 30.410711743957197 ], [ 74.535442462925232, 30.410711743957197 ], [ 74.535442462925232, 30.410801575155396 ], [ 74.535352631727022, 30.410801575155396 ], [ 74.535352631727022, 30.410891406353599 ], [ 74.535262800528827, 30.410891406353599 ], [ 74.535262800528827, 30.410981237551798 ], [ 74.53607128131263, 30.410981237551798 ], [ 74.53607128131263, 30.411071068749997 ], [ 74.534993306934226, 30.411071068749997 ], [ 74.534993306934226, 30.411160899948197 ], [ 74.53490347573603, 30.411160899948197 ], [ 74.53490347573603, 30.411250731146399 ], [ 74.534723813339625, 30.411250731146399 ], [ 74.534723813339625, 30.411160899948197 ], [ 74.534813644537834, 30.411160899948197 ], [ 74.534813644537834, 30.411071068749997 ], [ 74.53490347573603, 30.411071068749997 ], [ 74.53490347573603, 30.410981237551798 ], [ 74.535083138132421, 30.410981237551798 ], [ 74.535083138132421, 30.410891406353599 ], [ 74.535172969330631, 30.410891406353599 ], [ 74.535172969330631, 30.410801575155396 ], [ 74.535262800528827, 30.410801575155396 ], [ 74.535262800528827, 30.410711743957197 ], [ 74.535352631727022, 30.410711743957197 ], [ 74.535352631727022, 30.410621912758998 ], [ 74.535442462925232, 30.410621912758998 ], [ 74.535442462925232, 30.410532081560799 ], [ 74.535532294123428, 30.410532081560799 ], [ 74.535532294123428, 30.410621912758998 ] ], [ [ 74.536340774907231, 30.411071068749997 ], [ 74.536340774907231, 30.411160899948197 ], [ 74.53607128131263, 30.411160899948197 ], [ 74.53607128131263, 30.411071068749997 ], [ 74.536340774907231, 30.411071068749997 ] ], [ [ 74.534723813339625, 30.411340562344598 ], [ 74.534633982141429, 30.411340562344598 ], [ 74.534633982141429, 30.411250731146399 ], [ 74.534723813339625, 30.411250731146399 ], [ 74.534723813339625, 30.411340562344598 ] ], [ [ 74.534633982141429, 30.411430393542798 ], [ 74.534544150943233, 30.411430393542798 ], [ 74.534544150943233, 30.411340562344598 ], [ 74.534633982141429, 30.411340562344598 ], [ 74.534633982141429, 30.411430393542798 ] ], [ [ 74.534544150943233, 30.4116100559392 ], [ 74.534364488546828, 30.4116100559392 ], [ 74.534364488546828, 30.411520224740997 ], [ 74.534454319745024, 30.411520224740997 ], [ 74.534454319745024, 30.411430393542798 ], [ 74.534544150943233, 30.411430393542798 ], [ 74.534544150943233, 30.4116100559392 ] ], [ [ 74.534364488546828, 30.411699887137399 ], [ 74.534274657348632, 30.411699887137399 ], [ 74.534274657348632, 30.411789718335598 ], [ 74.534094994952227, 30.411789718335598 ], [ 74.534094994952227, 30.411699887137399 ], [ 74.534184826150423, 30.411699887137399 ], [ 74.534184826150423, 30.4116100559392 ], [ 74.534364488546828, 30.4116100559392 ], [ 74.534364488546828, 30.411699887137399 ] ], [ [ 74.535532294123428, 30.410442250362596 ], [ 74.535622125321623, 30.410442250362596 ], [ 74.535622125321623, 30.410532081560799 ], [ 74.535532294123428, 30.410532081560799 ], [ 74.535532294123428, 30.410442250362596 ] ], [ [ 74.535622125321623, 30.410262587966198 ], [ 74.535801787718029, 30.410262587966198 ], [ 74.535801787718029, 30.4100829255698 ], [ 74.534723813339625, 30.4100829255698 ], [ 74.534723813339625, 30.409993094371597 ], [ 74.53490347573603, 30.409993094371597 ], [ 74.53490347573603, 30.409903263173398 ], [ 74.535262800528827, 30.409903263173398 ], [ 74.535262800528827, 30.409993094371597 ], [ 74.535891618916224, 30.409993094371597 ], [ 74.535891618916224, 30.409903263173398 ], [ 74.535981450114434, 30.409903263173398 ], [ 74.535981450114434, 30.409993094371597 ], [ 74.536161112510825, 30.409993094371597 ], [ 74.536161112510825, 30.4100829255698 ], [ 74.536520437303622, 30.4100829255698 ], [ 74.536520437303622, 30.410172756767999 ], [ 74.535891618916224, 30.410172756767999 ], [ 74.535891618916224, 30.410352419164397 ], [ 74.535711956519833, 30.410352419164397 ], [ 74.535711956519833, 30.410442250362596 ], [ 74.535622125321623, 30.410442250362596 ], [ 74.535622125321623, 30.410262587966198 ] ], [ [ 74.535083138132421, 30.411699887137399 ], [ 74.534993306934226, 30.411699887137399 ], [ 74.534993306934226, 30.4116100559392 ], [ 74.535981450114434, 30.4116100559392 ], [ 74.535981450114434, 30.411520224740997 ], [ 74.536161112510825, 30.411520224740997 ], [ 74.536161112510825, 30.4116100559392 ], [ 74.536969593294629, 30.4116100559392 ], [ 74.536969593294629, 30.411699887137399 ], [ 74.535172969330631, 30.411699887137399 ], [ 74.535172969330631, 30.411789718335598 ], [ 74.535083138132421, 30.411789718335598 ], [ 74.535083138132421, 30.411699887137399 ] ], [ [ 74.531489890204426, 30.410442250362596 ], [ 74.531669552600832, 30.410442250362596 ], [ 74.531669552600832, 30.410532081560799 ], [ 74.531489890204426, 30.410532081560799 ], [ 74.531489890204426, 30.410442250362596 ] ], [ [ 74.531310227808035, 30.410352419164397 ], [ 74.531400059006231, 30.410352419164397 ], [ 74.531400059006231, 30.410442250362596 ], [ 74.531310227808035, 30.410442250362596 ], [ 74.531310227808035, 30.410352419164397 ] ], [ [ 74.531220396609825, 30.409993094371597 ], [ 74.531310227808035, 30.409993094371597 ], [ 74.531310227808035, 30.410172756767999 ], [ 74.531220396609825, 30.410172756767999 ], [ 74.531220396609825, 30.409993094371597 ] ] ] } },
{ "type": "Feature", "properties": { "source_field_id": "1698855", "source_area_m2": 129571.49, "confidence": null, "determination_datetime": "2024-01-01T05:30:00+05:30", "determination_method": "auto-imagery", "xmin": 74.557990093673425, "ymin": 30.450506964759796, "xmax": 74.562032497592426, "ymax": 30.454190043885998, "area_m2": 129473.55480245655, "area_ha": 12.947355480245655, "field_id": "FTW-IN-PB-1698855", "boundary_source": "FIELDS_OF_THE_WORLD_GLOBAL_PRUE_2024_2025", "boundary_type": "RESEARCH_FIELD_BOUNDARY", "research_boundary_disclaimer": "Model-derived remote-sensing field unit; not a cadastral or ownership boundary.", "source_provider": "Fields of The World / Source Cooperative", "source_dataset": "Global Fields of The World, Punjab partition", "source_url": "https://data.source.coop/ftw/global-data/predictions/vectors/alpha/results-by-admin-conf/admin:country_code=IN/IN_PB.parquet", "real_or_synthetic": "REAL", "centroid_lon": 74.560137937759293, "centroid_lat": 30.45230156056023, "data_status": "REAL_SATELLITE_OBSERVATIONS", "ground_truth_status": "NO_GROUND_TRUTH_WEAK_PROXY_LABELS_ONLY", "demo_rank": 70, "demo_category": "OTHER", "demo_score": 8.0, "cropland_fraction": 1.0 }, "geometry": { "type": "Polygon", "coordinates": [ [ [ 74.562032497592426, 30.454190043885998 ], [ 74.562032497592426, 30.452573082318398 ], [ 74.561942666394231, 30.452573082318398 ], [ 74.561942666394231, 30.452393419921997 ], [ 74.562032497592426, 30.452393419921997 ], [ 74.562032497592426, 30.451584939138197 ], [ 74.561942666394231, 30.451584939138197 ], [ 74.561942666394231, 30.451405276741799 ], [ 74.562032497592426, 30.451405276741799 ], [ 74.562032497592426, 30.451045951948998 ], [ 74.559607055241031, 30.451045951948998 ], [ 74.559607055241031, 30.450956120750799 ], [ 74.560864692015826, 30.450956120750799 ], [ 74.560864692015826, 30.450866289552597 ], [ 74.561583341601434, 30.450866289552597 ], [ 74.561583341601434, 30.450956120750799 ], [ 74.561942666394231, 30.450956120750799 ], [ 74.561942666394231, 30.450866289552597 ], [ 74.562032497592426, 30.450866289552597 ], [ 74.562032497592426, 30.450596795957999 ], [ 74.561852835196035, 30.450596795957999 ], [ 74.561852835196035, 30.450506964759796 ], [ 74.56050536722303, 30.450506964759796 ], [ 74.56050536722303, 30.450596795957999 ], [ 74.559427392844626, 30.450596795957999 ], [ 74.559427392844626, 30.450506964759796 ], [ 74.558618912060822, 30.450506964759796 ], [ 74.558618912060822, 30.450866289552597 ], [ 74.558798574457228, 30.450866289552597 ], [ 74.558798574457228, 30.450956120750799 ], [ 74.558708743259032, 30.450956120750799 ], [ 74.558708743259032, 30.451045951948998 ], [ 74.558349418466221, 30.451045951948998 ], [ 74.558349418466221, 30.450956120750799 ], [ 74.55816975606983, 30.450956120750799 ], [ 74.55816975606983, 30.451045951948998 ], [ 74.557990093673425, 30.451045951948998 ], [ 74.557990093673425, 30.452573082318398 ], [ 74.558439249664431, 30.452573082318398 ], [ 74.558439249664431, 30.452483251120199 ], [ 74.558529080862627, 30.452483251120199 ], [ 74.558529080862627, 30.452034095129196 ], [ 74.558618912060822, 30.452034095129196 ], [ 74.558618912060822, 30.451764601534599 ], [ 74.558708743259032, 30.451764601534599 ], [ 74.558708743259032, 30.451944263930997 ], [ 74.561493510403224, 30.451944263930997 ], [ 74.561493510403224, 30.452034095129196 ], [ 74.560774860817631, 30.452034095129196 ], [ 74.560774860817631, 30.452123926327399 ], [ 74.559786717637422, 30.452123926327399 ], [ 74.559786717637422, 30.452034095129196 ], [ 74.558798574457228, 30.452034095129196 ], [ 74.558798574457228, 30.452123926327399 ], [ 74.558618912060822, 30.452123926327399 ], [ 74.558618912060822, 30.452573082318398 ], [ 74.559876548835632, 30.452573082318398 ], [ 74.559876548835632, 30.452483251120199 ], [ 74.560056211232023, 30.452483251120199 ], [ 74.560056211232023, 30.452573082318398 ], [ 74.561313848006833, 30.452573082318398 ], [ 74.561313848006833, 30.452483251120199 ], [ 74.561403679205029, 30.452483251120199 ], [ 74.561403679205029, 30.452662913516598 ], [ 74.560954523214022, 30.452662913516598 ], [ 74.560954523214022, 30.452752744714797 ], [ 74.560774860817631, 30.452752744714797 ], [ 74.560774860817631, 30.452662913516598 ], [ 74.558888405655424, 30.452662913516598 ], [ 74.558888405655424, 30.452752744714797 ], [ 74.558529080862627, 30.452752744714797 ], [ 74.558529080862627, 30.452662913516598 ], [ 74.557990093673425, 30.452662913516598 ], [ 74.557990093673425, 30.452752744714797 ], [ 74.558079924871635, 30.452752744714797 ], [ 74.558079924871635, 30.452842575912999 ], [ 74.557990093673425, 30.452842575912999 ], [ 74.557990093673425, 30.453651056696799 ], [ 74.560056211232023, 30.453651056696799 ], [ 74.560056211232023, 30.454190043885998 ], [ 74.562032497592426, 30.454190043885998 ] ] ] } },
{ "type": "Feature", "properties": { "source_field_id": "1702251", "source_area_m2": 138151.84, "confidence": null, "determination_datetime": "2024-01-01T05:30:00+05:30", "determination_method": "auto-imagery", "xmin": 74.580627555619827, "ymin": 30.458142616606796, "xmax": 74.586466583502826, "ymax": 30.462544345318598, "area_m2": 138046.78192937138, "area_ha": 13.804678192937139, "field_id": "FTW-IN-PB-1702251", "boundary_source": "FIELDS_OF_THE_WORLD_GLOBAL_PRUE_2024_2025", "boundary_type": "RESEARCH_FIELD_BOUNDARY", "research_boundary_disclaimer": "Model-derived remote-sensing field unit; not a cadastral or ownership boundary.", "source_provider": "Fields of The World / Source Cooperative", "source_dataset": "Global Fields of The World, Punjab partition", "source_url": "https://data.source.coop/ftw/global-data/predictions/vectors/alpha/results-by-admin-conf/admin:country_code=IN/IN_PB.parquet", "real_or_synthetic": "REAL", "centroid_lon": 74.584181433471329, "centroid_lat": 30.460854646564858, "data_status": "REAL_SATELLITE_OBSERVATIONS", "ground_truth_status": "NO_GROUND_TRUTH_WEAK_PROXY_LABELS_ONLY", "demo_rank": 71, "demo_category": "OTHER", "demo_score": 8.0, "cropland_fraction": 1.0 }, "geometry": { "type": "Polygon", "coordinates": [ [ [ 74.581795361196427, 30.462544345318598 ], [ 74.581795361196427, 30.462454514120399 ], [ 74.583322491565823, 30.462454514120399 ], [ 74.583322491565823, 30.462274851723997 ], [ 74.583412322764033, 30.462274851723997 ], [ 74.583412322764033, 30.462454514120399 ], [ 74.585029284331625, 30.462454514120399 ], [ 74.585029284331625, 30.462005358129399 ], [ 74.586376752304631, 30.462005358129399 ], [ 74.586376752304631, 30.461017214949198 ], [ 74.585388609124422, 30.461017214949198 ], [ 74.585388609124422, 30.460927383750999 ], [ 74.585658102719023, 30.460927383750999 ], [ 74.585658102719023, 30.460837552552796 ], [ 74.585837765115429, 30.460837552552796 ], [ 74.585837765115429, 30.460927383750999 ], [ 74.586197089908225, 30.460927383750999 ], [ 74.586197089908225, 30.460837552552796 ], [ 74.586376752304631, 30.460837552552796 ], [ 74.586376752304631, 30.459310422183396 ], [ 74.586466583502826, 30.459310422183396 ], [ 74.586466583502826, 30.458142616606796 ], [ 74.586286921106435, 30.458142616606796 ], [ 74.586286921106435, 30.458232447804999 ], [ 74.58610725871003, 30.458232447804999 ], [ 74.58610725871003, 30.458322279003198 ], [ 74.585927596313624, 30.458322279003198 ], [ 74.585927596313624, 30.458412110201397 ], [ 74.585837765115429, 30.458412110201397 ], [ 74.585837765115429, 30.458501941399597 ], [ 74.585747933917233, 30.458501941399597 ], [ 74.585747933917233, 30.458591772597799 ], [ 74.585568271520827, 30.458591772597799 ], [ 74.585568271520827, 30.458681603795998 ], [ 74.585478440322632, 30.458681603795998 ], [ 74.585478440322632, 30.458771434994198 ], [ 74.585298777926226, 30.458771434994198 ], [ 74.585298777926226, 30.458861266192397 ], [ 74.585208946728031, 30.458861266192397 ], [ 74.585208946728031, 30.458951097390599 ], [ 74.585119115529835, 30.458951097390599 ], [ 74.585119115529835, 30.459759578174399 ], [ 74.585208946728031, 30.459759578174399 ], [ 74.585208946728031, 30.460478227759999 ], [ 74.585119115529835, 30.460478227759999 ], [ 74.585119115529835, 30.460388396561797 ], [ 74.585029284331625, 30.460388396561797 ], [ 74.585029284331625, 30.460298565363598 ], [ 74.585119115529835, 30.460298565363598 ], [ 74.585119115529835, 30.460029071768997 ], [ 74.585029284331625, 30.460029071768997 ], [ 74.585029284331625, 30.459040928588799 ], [ 74.584849621935234, 30.459040928588799 ], [ 74.584849621935234, 30.459130759786998 ], [ 74.584669959538829, 30.459130759786998 ], [ 74.584669959538829, 30.459220590985197 ], [ 74.584400465944228, 30.459220590985197 ], [ 74.584400465944228, 30.459310422183396 ], [ 74.584310634746032, 30.459310422183396 ], [ 74.584310634746032, 30.459400253381599 ], [ 74.584130972349627, 30.459400253381599 ], [ 74.584130972349627, 30.459490084579798 ], [ 74.583951309953221, 30.459490084579798 ], [ 74.583951309953221, 30.459579915777997 ], [ 74.583861478755026, 30.459579915777997 ], [ 74.583861478755026, 30.459669746976196 ], [ 74.58377164755683, 30.459669746976196 ], [ 74.58377164755683, 30.459759578174399 ], [ 74.583681816358634, 30.459759578174399 ], [ 74.583681816358634, 30.459849409372598 ], [ 74.583502153962229, 30.459849409372598 ], [ 74.583502153962229, 30.459939240570797 ], [ 74.583322491565823, 30.459939240570797 ], [ 74.583322491565823, 30.460029071768997 ], [ 74.583232660367628, 30.460029071768997 ], [ 74.583232660367628, 30.460118902967199 ], [ 74.583052997971222, 30.460118902967199 ], [ 74.583052997971222, 30.460208734165398 ], [ 74.582873335574831, 30.460208734165398 ], [ 74.582873335574831, 30.460298565363598 ], [ 74.582783504376621, 30.460298565363598 ], [ 74.582783504376621, 30.460388396561797 ], [ 74.58260384198023, 30.460388396561797 ], [ 74.58260384198023, 30.460478227759999 ], [ 74.582424179583825, 30.460478227759999 ], [ 74.582424179583825, 30.460568058958199 ], [ 74.582334348385629, 30.460568058958199 ], [ 74.582334348385629, 30.460657890156398 ], [ 74.582244517187434, 30.460657890156398 ], [ 74.582244517187434, 30.460747721354597 ], [ 74.582064854791028, 30.460747721354597 ], [ 74.582064854791028, 30.460837552552796 ], [ 74.581885192394623, 30.460837552552796 ], [ 74.581885192394623, 30.460927383750999 ], [ 74.581705529998231, 30.460927383750999 ], [ 74.581705529998231, 30.461017214949198 ], [ 74.581525867601826, 30.461017214949198 ], [ 74.581525867601826, 30.461107046147397 ], [ 74.581346205205435, 30.461107046147397 ], [ 74.581346205205435, 30.461196877345596 ], [ 74.581166542809029, 30.461196877345596 ], [ 74.581166542809029, 30.461286708543799 ], [ 74.581076711610834, 30.461286708543799 ], [ 74.581076711610834, 30.461376539741998 ], [ 74.580986880412624, 30.461376539741998 ], [ 74.580986880412624, 30.461466370940197 ], [ 74.580897049214428, 30.461466370940197 ], [ 74.580897049214428, 30.461556202138397 ], [ 74.580717386818023, 30.461556202138397 ], [ 74.580717386818023, 30.461646033336599 ], [ 74.580627555619827, 30.461646033336599 ], [ 74.580627555619827, 30.461825695732998 ], [ 74.580717386818023, 30.461825695732998 ], [ 74.580717386818023, 30.461915526931197 ], [ 74.58260384198023, 30.461915526931197 ], [ 74.58260384198023, 30.461825695732998 ], [ 74.582693673178426, 30.461825695732998 ], [ 74.582693673178426, 30.461915526931197 ], [ 74.583412322764033, 30.461915526931197 ], [ 74.583412322764033, 30.461825695732998 ], [ 74.583502153962229, 30.461825695732998 ], [ 74.583502153962229, 30.462095189327599 ], [ 74.581795361196427, 30.462095189327599 ], [ 74.581795361196427, 30.462005358129399 ], [ 74.581615698800022, 30.462005358129399 ], [ 74.581615698800022, 30.462095189327599 ], [ 74.581256374007225, 30.462095189327599 ], [ 74.581256374007225, 30.462005358129399 ], [ 74.580897049214428, 30.462005358129399 ], [ 74.580897049214428, 30.462185020525798 ], [ 74.580986880412624, 30.462185020525798 ], [ 74.580986880412624, 30.462274851723997 ], [ 74.581076711610834, 30.462274851723997 ], [ 74.581076711610834, 30.462454514120399 ], [ 74.581166542809029, 30.462454514120399 ], [ 74.581166542809029, 30.462544345318598 ], [ 74.581795361196427, 30.462544345318598 ] ], [ [ 74.581795361196427, 30.461466370940197 ], [ 74.581885192394623, 30.461466370940197 ], [ 74.581885192394623, 30.461556202138397 ], [ 74.581795361196427, 30.461556202138397 ], [ 74.581795361196427, 30.461466370940197 ] ], [ [ 74.583322491565823, 30.461466370940197 ], [ 74.581975023592832, 30.461466370940197 ], [ 74.581975023592832, 30.461376539741998 ], [ 74.58377164755683, 30.461376539741998 ], [ 74.58377164755683, 30.461466370940197 ], [ 74.584041141151431, 30.461466370940197 ], [ 74.584041141151431, 30.461376539741998 ], [ 74.584220803547822, 30.461376539741998 ], [ 74.584220803547822, 30.461466370940197 ], [ 74.584400465944228, 30.461466370940197 ], [ 74.584400465944228, 30.461556202138397 ], [ 74.583322491565823, 30.461556202138397 ], [ 74.583322491565823, 30.461466370940197 ] ], [ [ 74.584041141151431, 30.460927383750999 ], [ 74.585029284331625, 30.460927383750999 ], [ 74.585029284331625, 30.461017214949198 ], [ 74.584041141151431, 30.461017214949198 ], [ 74.584041141151431, 30.460927383750999 ] ], [ [ 74.585658102719023, 30.460298565363598 ], [ 74.585747933917233, 30.460298565363598 ], [ 74.585747933917233, 30.460388396561797 ], [ 74.585837765115429, 30.460388396561797 ], [ 74.585837765115429, 30.460478227759999 ], [ 74.585658102719023, 30.460478227759999 ], [ 74.585658102719023, 30.460298565363598 ] ], [ [ 74.585568271520827, 30.459849409372598 ], [ 74.585658102719023, 30.459849409372598 ], [ 74.585658102719023, 30.459759578174399 ], [ 74.585747933917233, 30.459759578174399 ], [ 74.585747933917233, 30.459849409372598 ], [ 74.585837765115429, 30.459849409372598 ], [ 74.585837765115429, 30.459939240570797 ], [ 74.585568271520827, 30.459939240570797 ], [ 74.585568271520827, 30.459849409372598 ] ] ] } },
{ "type": "Feature", "properties": { "source_field_id": "1702539", "source_area_m2": 125251.03, "confidence": null, "determination_datetime": "2024-01-01T05:30:00+05:30", "determination_method": "auto-imagery", "xmin": 74.594012404151627, "ymin": 30.470000334769196, "xmax": 74.599581938440025, "ymax": 30.472964764309797, "area_m2": 125155.48026388124, "area_ha": 12.515548026388124, "field_id": "FTW-IN-PB-1702539", "boundary_source": "FIELDS_OF_THE_WORLD_GLOBAL_PRUE_2024_2025", "boundary_type": "RESEARCH_FIELD_BOUNDARY", "research_boundary_disclaimer": "Model-derived remote-sensing field unit; not a cadastral or ownership boundary.", "source_provider": "Fields of The World / Source Cooperative", "source_dataset": "Global Fields of The World, Punjab partition", "source_url": "https://data.source.coop/ftw/global-data/predictions/vectors/alpha/results-by-admin-conf/admin:country_code=IN/IN_PB.parquet", "real_or_synthetic": "REAL", "centroid_lon": 74.596650287066353, "centroid_lat": 30.471535787045777, "data_status": "REAL_SATELLITE_OBSERVATIONS", "ground_truth_status": "NO_GROUND_TRUTH_WEAK_PROXY_LABELS_ONLY", "demo_rank": 72, "demo_category": "OTHER", "demo_score": 8.0, "cropland_fraction": 0.99515738498789341 }, "geometry": { "type": "Polygon", "coordinates": [ [ [ 74.598144639268824, 30.472964764309797 ], [ 74.598144639268824, 30.472695270715199 ], [ 74.598054808070628, 30.472695270715199 ], [ 74.598054808070628, 30.472605439516997 ], [ 74.598144639268824, 30.472605439516997 ], [ 74.598144639268824, 30.472156283525997 ], [ 74.598234470467034, 30.472156283525997 ], [ 74.598234470467034, 30.472246114724197 ], [ 74.59832430166523, 30.472246114724197 ], [ 74.59832430166523, 30.472335945922399 ], [ 74.599581938440025, 30.472335945922399 ], [ 74.599581938440025, 30.471527465138596 ], [ 74.599492107241829, 30.471527465138596 ], [ 74.599492107241829, 30.471257971543999 ], [ 74.599581938440025, 30.471257971543999 ], [ 74.599581938440025, 30.470359659561996 ], [ 74.599492107241829, 30.470359659561996 ], [ 74.599492107241829, 30.470269828363797 ], [ 74.599402276043634, 30.470269828363797 ], [ 74.599402276043634, 30.470179997165598 ], [ 74.599312444845424, 30.470179997165598 ], [ 74.599312444845424, 30.470090165967399 ], [ 74.599132782449033, 30.470090165967399 ], [ 74.599132782449033, 30.470179997165598 ], [ 74.599042951250823, 30.470179997165598 ], [ 74.599042951250823, 30.470269828363797 ], [ 74.599132782449033, 30.470269828363797 ], [ 74.599132782449033, 30.470449490760199 ], [ 74.599042951250823, 30.470449490760199 ], [ 74.599042951250823, 30.470808815552999 ], [ 74.597695483277832, 30.470808815552999 ], [ 74.597695483277832, 30.470898646751198 ], [ 74.597605652079622, 30.470898646751198 ], [ 74.597605652079622, 30.471437633940397 ], [ 74.597695483277832, 30.471437633940397 ], [ 74.597695483277832, 30.471617296336799 ], [ 74.597605652079622, 30.471617296336799 ], [ 74.597605652079622, 30.472156283525997 ], [ 74.597515820881426, 30.472156283525997 ], [ 74.597515820881426, 30.471976621129599 ], [ 74.597425989683231, 30.471976621129599 ], [ 74.597425989683231, 30.471886789931396 ], [ 74.597515820881426, 30.471886789931396 ], [ 74.597515820881426, 30.471347802742198 ], [ 74.597425989683231, 30.471347802742198 ], [ 74.597425989683231, 30.471168140345799 ], [ 74.597515820881426, 30.471168140345799 ], [ 74.597515820881426, 30.470629153156597 ], [ 74.597425989683231, 30.470629153156597 ], [ 74.597425989683231, 30.470000334769196 ], [ 74.59715649608863, 30.470000334769196 ], [ 74.59715649608863, 30.470090165967399 ], [ 74.596887002494029, 30.470090165967399 ], [ 74.596887002494029, 30.471347802742198 ], [ 74.596707340097623, 30.471347802742198 ], [ 74.596707340097623, 30.471168140345799 ], [ 74.596797171295833, 30.471168140345799 ], [ 74.596797171295833, 30.470090165967399 ], [ 74.596168352908421, 30.470090165967399 ], [ 74.596168352908421, 30.470179997165598 ], [ 74.59598869051203, 30.470179997165598 ], [ 74.59598869051203, 30.470090165967399 ], [ 74.595809028115625, 30.470090165967399 ], [ 74.595809028115625, 30.470179997165598 ], [ 74.595270040926422, 30.470179997165598 ], [ 74.595270040926422, 30.470269828363797 ], [ 74.595090378530031, 30.470269828363797 ], [ 74.595090378530031, 30.470359659561996 ], [ 74.594192066548032, 30.470359659561996 ], [ 74.594192066548032, 30.470449490760199 ], [ 74.594102235349823, 30.470449490760199 ], [ 74.594102235349823, 30.471347802742198 ], [ 74.59482088493543, 30.471347802742198 ], [ 74.59482088493543, 30.471257971543999 ], [ 74.595180209728227, 30.471257971543999 ], [ 74.595180209728227, 30.470988477949398 ], [ 74.595270040926422, 30.470988477949398 ], [ 74.595270040926422, 30.471257971543999 ], [ 74.595539534521023, 30.471257971543999 ], [ 74.595539534521023, 30.471347802742198 ], [ 74.595270040926422, 30.471347802742198 ], [ 74.595270040926422, 30.471437633940397 ], [ 74.595180209728227, 30.471437633940397 ], [ 74.595180209728227, 30.471347802742198 ], [ 74.595000547331821, 30.471347802742198 ], [ 74.595000547331821, 30.471437633940397 ], [ 74.594102235349823, 30.471437633940397 ], [ 74.594102235349823, 30.471796958733197 ], [ 74.595629365719233, 30.471796958733197 ], [ 74.595629365719233, 30.471886789931396 ], [ 74.595539534521023, 30.471886789931396 ], [ 74.595539534521023, 30.471976621129599 ], [ 74.595359872124632, 30.471976621129599 ], [ 74.595359872124632, 30.471886789931396 ], [ 74.594102235349823, 30.471886789931396 ], [ 74.594102235349823, 30.472425777120598 ], [ 74.594012404151627, 30.472425777120598 ], [ 74.594012404151627, 30.472785101913399 ], [ 74.594102235349823, 30.472785101913399 ], [ 74.594102235349823, 30.472874933111598 ], [ 74.595359872124632, 30.472874933111598 ], [ 74.595359872124632, 30.472066452327798 ], [ 74.595449703322828, 30.472066452327798 ], [ 74.595449703322828, 30.472335945922399 ], [ 74.595539534521023, 30.472335945922399 ], [ 74.595539534521023, 30.472515608318798 ], [ 74.595449703322828, 30.472515608318798 ], [ 74.595449703322828, 30.472874933111598 ], [ 74.596707340097623, 30.472874933111598 ], [ 74.596707340097623, 30.472785101913399 ], [ 74.596797171295833, 30.472785101913399 ], [ 74.596797171295833, 30.472425777120598 ], [ 74.595629365719233, 30.472425777120598 ], [ 74.595629365719233, 30.472335945922399 ], [ 74.596707340097623, 30.472335945922399 ], [ 74.596707340097623, 30.472246114724197 ], [ 74.596797171295833, 30.472246114724197 ], [ 74.596797171295833, 30.471796958733197 ], [ 74.596707340097623, 30.471796958733197 ], [ 74.596707340097623, 30.471707127534998 ], [ 74.596797171295833, 30.471707127534998 ], [ 74.596797171295833, 30.471617296336799 ], [ 74.596887002494029, 30.471617296336799 ], [ 74.596887002494029, 30.471796958733197 ], [ 74.596976833692224, 30.471796958733197 ], [ 74.596976833692224, 30.471886789931396 ], [ 74.596887002494029, 30.471886789931396 ], [ 74.596887002494029, 30.472874933111598 ], [ 74.597425989683231, 30.472874933111598 ], [ 74.597425989683231, 30.472246114724197 ], [ 74.597605652079622, 30.472246114724197 ], [ 74.597605652079622, 30.472515608318798 ], [ 74.597515820881426, 30.472515608318798 ], [ 74.597515820881426, 30.472964764309797 ], [ 74.598144639268824, 30.472964764309797 ] ], [ [ 74.597785314476027, 30.472335945922399 ], [ 74.597875145674223, 30.472335945922399 ], [ 74.597875145674223, 30.472425777120598 ], [ 74.597785314476027, 30.472425777120598 ], [ 74.597785314476027, 30.472335945922399 ] ], [ [ 74.598144639268824, 30.471796958733197 ], [ 74.59832430166523, 30.471796958733197 ], [ 74.59832430166523, 30.471976621129599 ], [ 74.598144639268824, 30.471976621129599 ], [ 74.598144639268824, 30.471796958733197 ] ], [ [ 74.598054808070628, 30.471527465138596 ], [ 74.598234470467034, 30.471527465138596 ], [ 74.598234470467034, 30.471617296336799 ], [ 74.598054808070628, 30.471617296336799 ], [ 74.598054808070628, 30.471527465138596 ] ], [ [ 74.597066664890434, 30.471257971543999 ], [ 74.596976833692224, 30.471257971543999 ], [ 74.596976833692224, 30.471168140345799 ], [ 74.59715649608863, 30.471168140345799 ], [ 74.59715649608863, 30.471257971543999 ], [ 74.597246327286825, 30.471257971543999 ], [ 74.597246327286825, 30.471347802742198 ], [ 74.597066664890434, 30.471347802742198 ], [ 74.597066664890434, 30.471257971543999 ] ], [ [ 74.598503964061635, 30.471257971543999 ], [ 74.599042951250823, 30.471257971543999 ], [ 74.599042951250823, 30.471347802742198 ], [ 74.598503964061635, 30.471347802742198 ], [ 74.598503964061635, 30.471257971543999 ] ] ] } },
{ "type": "Feature", "properties": { "source_field_id": "1702693", "source_area_m2": 145535.75, "confidence": null, "determination_datetime": "2024-01-01T05:30:00+05:30", "determination_method": "auto-imagery", "xmin": 74.606678603097834, "ymin": 30.461556202138397, "xmax": 74.611798981395225, "ymax": 30.466407086841198, "area_m2": 145424.39018251555, "area_ha": 14.542439018251555, "field_id": "FTW-IN-PB-1702693", "boundary_source": "FIELDS_OF_THE_WORLD_GLOBAL_PRUE_2024_2025", "boundary_type": "RESEARCH_FIELD_BOUNDARY", "research_boundary_disclaimer": "Model-derived remote-sensing field unit; not a cadastral or ownership boundary.", "source_provider": "Fields of The World / Source Cooperative", "source_dataset": "Global Fields of The World, Punjab partition", "source_url": "https://data.source.coop/ftw/global-data/predictions/vectors/alpha/results-by-admin-conf/admin:country_code=IN/IN_PB.parquet", "real_or_synthetic": "REAL", "centroid_lon": 74.60934436165806, "centroid_lat": 30.464091351858208, "data_status": "REAL_SATELLITE_OBSERVATIONS", "ground_truth_status": "NO_GROUND_TRUTH_WEAK_PROXY_LABELS_ONLY", "demo_rank": 73, "demo_category": "OTHER", "demo_score": 8.0, "cropland_fraction": 1.0 }, "geometry": { "type": "Polygon", "coordinates": [ [ [ 74.610002357431227, 30.466407086841198 ], [ 74.610002357431227, 30.466317255642998 ], [ 74.610182019827633, 30.466317255642998 ], [ 74.610182019827633, 30.466407086841198 ], [ 74.610721007016835, 30.466407086841198 ], [ 74.610721007016835, 30.466317255642998 ], [ 74.610810838215031, 30.466317255642998 ], [ 74.610810838215031, 30.465957930850198 ], [ 74.610990500611422, 30.465957930850198 ], [ 74.610990500611422, 30.465868099651999 ], [ 74.611529487800624, 30.465868099651999 ], [ 74.611529487800624, 30.465149450066399 ], [ 74.611619318998834, 30.465149450066399 ], [ 74.611619318998834, 30.464700294075399 ], [ 74.611709150197029, 30.464700294075399 ], [ 74.611709150197029, 30.464340969282599 ], [ 74.611798981395225, 30.464340969282599 ], [ 74.611798981395225, 30.463801982093397 ], [ 74.610900669413226, 30.463801982093397 ], [ 74.610900669413226, 30.463891813291596 ], [ 74.610810838215031, 30.463891813291596 ], [ 74.610810838215031, 30.463801982093397 ], [ 74.610182019827633, 30.463801982093397 ], [ 74.610182019827633, 30.464430800480798 ], [ 74.610271851025828, 30.464430800480798 ], [ 74.610271851025828, 30.464610462877197 ], [ 74.610092188629423, 30.464610462877197 ], [ 74.610092188629423, 30.464430800480798 ], [ 74.610002357431227, 30.464430800480798 ], [ 74.610002357431227, 30.464340969282599 ], [ 74.610092188629423, 30.464340969282599 ], [ 74.610092188629423, 30.463801982093397 ], [ 74.609553201440235, 30.463801982093397 ], [ 74.609553201440235, 30.463712150895198 ], [ 74.608115902269034, 30.463712150895198 ], [ 74.608115902269034, 30.463622319696999 ], [ 74.610092188629423, 30.463622319696999 ], [ 74.610092188629423, 30.462005358129399 ], [ 74.609553201440235, 30.462005358129399 ], [ 74.609553201440235, 30.463083332507797 ], [ 74.609463370242025, 30.463083332507797 ], [ 74.609463370242025, 30.461915526931197 ], [ 74.610092188629423, 30.461915526931197 ], [ 74.610092188629423, 30.461556202138397 ], [ 74.609014214251033, 30.461556202138397 ], [ 74.609014214251033, 30.461646033336599 ], [ 74.608475227061831, 30.461646033336599 ], [ 74.608475227061831, 30.461556202138397 ], [ 74.608295564665426, 30.461556202138397 ], [ 74.608295564665426, 30.461646033336599 ], [ 74.60820573346723, 30.461646033336599 ], [ 74.60820573346723, 30.462544345318598 ], [ 74.608295564665426, 30.462544345318598 ], [ 74.608295564665426, 30.462724007714996 ], [ 74.60820573346723, 30.462724007714996 ], [ 74.60820573346723, 30.462813838913199 ], [ 74.608115902269034, 30.462813838913199 ], [ 74.608115902269034, 30.462724007714996 ], [ 74.607307421485231, 30.462724007714996 ], [ 74.607307421485231, 30.462634176516797 ], [ 74.606768434296029, 30.462634176516797 ], [ 74.606768434296029, 30.463262994904198 ], [ 74.606678603097834, 30.463262994904198 ], [ 74.606678603097834, 30.463442657300597 ], [ 74.606768434296029, 30.463442657300597 ], [ 74.606768434296029, 30.463532488498799 ], [ 74.606858265494225, 30.463532488498799 ], [ 74.606858265494225, 30.463622319696999 ], [ 74.606948096692435, 30.463622319696999 ], [ 74.606948096692435, 30.463712150895198 ], [ 74.60703792789063, 30.463712150895198 ], [ 74.60703792789063, 30.463801982093397 ], [ 74.607127759088826, 30.463801982093397 ], [ 74.607127759088826, 30.463891813291596 ], [ 74.607217590287036, 30.463891813291596 ], [ 74.607217590287036, 30.463981644489799 ], [ 74.607307421485231, 30.463981644489799 ], [ 74.607307421485231, 30.464071475687998 ], [ 74.607397252683427, 30.464071475687998 ], [ 74.607397252683427, 30.464161306886197 ], [ 74.607487083881622, 30.464161306886197 ], [ 74.607487083881622, 30.464251138084396 ], [ 74.607576915079832, 30.464251138084396 ], [ 74.607576915079832, 30.464340969282599 ], [ 74.607666746278028, 30.464340969282599 ], [ 74.607666746278028, 30.464430800480798 ], [ 74.607756577476223, 30.464430800480798 ], [ 74.607756577476223, 30.464610462877197 ], [ 74.607846408674433, 30.464610462877197 ], [ 74.607846408674433, 30.464790125273598 ], [ 74.607936239872629, 30.464790125273598 ], [ 74.607936239872629, 30.464879956471798 ], [ 74.608026071070825, 30.464879956471798 ], [ 74.608026071070825, 30.464969787669997 ], [ 74.608115902269034, 30.464969787669997 ], [ 74.608115902269034, 30.465059618868199 ], [ 74.60820573346723, 30.465059618868199 ], [ 74.60820573346723, 30.465149450066399 ], [ 74.608295564665426, 30.465149450066399 ], [ 74.608295564665426, 30.465329112462797 ], [ 74.608385395863621, 30.465329112462797 ], [ 74.608385395863621, 30.465508774859199 ], [ 74.608475227061831, 30.465508774859199 ], [ 74.608475227061831, 30.465598606057398 ], [ 74.608565058260027, 30.465598606057398 ], [ 74.608565058260027, 30.465778268453796 ], [ 74.608654889458222, 30.465778268453796 ], [ 74.608654889458222, 30.465868099651999 ], [ 74.608744720656432, 30.465868099651999 ], [ 74.608744720656432, 30.466047762048397 ], [ 74.608834551854628, 30.466047762048397 ], [ 74.608834551854628, 30.466137593246597 ], [ 74.608924383052823, 30.466137593246597 ], [ 74.608924383052823, 30.466317255642998 ], [ 74.609283707845634, 30.466317255642998 ], [ 74.609283707845634, 30.466227424444799 ], [ 74.609643032638431, 30.466227424444799 ], [ 74.609643032638431, 30.466317255642998 ], [ 74.609732863836626, 30.466317255642998 ], [ 74.609732863836626, 30.466407086841198 ], [ 74.610002357431227, 30.466407086841198 ] ], [ [ 74.610721007016835, 30.465239281264598 ], [ 74.610810838215031, 30.465239281264598 ], [ 74.610810838215031, 30.465149450066399 ], [ 74.610900669413226, 30.465149450066399 ], [ 74.610900669413226, 30.465418943660996 ], [ 74.610721007016835, 30.465418943660996 ], [ 74.610721007016835, 30.465239281264598 ] ], [ [ 74.610810838215031, 30.464520631678997 ], [ 74.610900669413226, 30.464520631678997 ], [ 74.610900669413226, 30.464610462877197 ], [ 74.610810838215031, 30.464610462877197 ], [ 74.610810838215031, 30.464520631678997 ] ], [ [ 74.608115902269034, 30.464430800480798 ], [ 74.608924383052823, 30.464430800480798 ], [ 74.608924383052823, 30.464520631678997 ], [ 74.608115902269034, 30.464520631678997 ], [ 74.608115902269034, 30.464430800480798 ] ], [ [ 74.609193876647424, 30.464340969282599 ], [ 74.609283707845634, 30.464340969282599 ], [ 74.609283707845634, 30.464430800480798 ], [ 74.609193876647424, 30.464430800480798 ], [ 74.609193876647424, 30.464340969282599 ] ], [ [ 74.609463370242025, 30.464340969282599 ], [ 74.609732863836626, 30.464340969282599 ], [ 74.609732863836626, 30.464430800480798 ], [ 74.609463370242025, 30.464430800480798 ], [ 74.609463370242025, 30.464340969282599 ] ] ] } },
{ "type": "Feature", "properties": { "source_field_id": "1704723", "source_area_m2": 135540.75, "confidence": null, "determination_datetime": "2024-01-01T05:30:00+05:30", "determination_method": "auto-imagery", "xmin": 74.659409516441229, "ymin": 30.419964357371796, "xmax": 74.663721413954832, "ymax": 30.426252541245798, "area_m2": 135435.85785646719, "area_ha": 13.543585785646719, "field_id": "FTW-IN-PB-1704723", "boundary_source": "FIELDS_OF_THE_WORLD_GLOBAL_PRUE_2024_2025", "boundary_type": "RESEARCH_FIELD_BOUNDARY", "research_boundary_disclaimer": "Model-derived remote-sensing field unit; not a cadastral or ownership boundary.", "source_provider": "Fields of The World / Source Cooperative", "source_dataset": "Global Fields of The World, Punjab partition", "source_url": "https://data.source.coop/ftw/global-data/predictions/vectors/alpha/results-by-admin-conf/admin:country_code=IN/IN_PB.parquet", "real_or_synthetic": "REAL", "centroid_lon": 74.661872130710023, "centroid_lat": 30.422410652263363, "data_status": "REAL_SATELLITE_OBSERVATIONS", "ground_truth_status": "NO_GROUND_TRUTH_WEAK_PROXY_LABELS_ONLY", "demo_rank": 74, "demo_category": "OTHER", "demo_score": 8.0, "cropland_fraction": 1.0 }, "geometry": { "type": "Polygon", "coordinates": [ [ [ 74.661565465198024, 30.426252541245798 ], [ 74.661565465198024, 30.426162710047599 ], [ 74.662104452387226, 30.426162710047599 ], [ 74.662104452387226, 30.426072878849396 ], [ 74.66201462118903, 30.426072878849396 ], [ 74.66201462118903, 30.424366086083598 ], [ 74.661924789990834, 30.424366086083598 ], [ 74.661924789990834, 30.424186423687196 ], [ 74.66201462118903, 30.424186423687196 ], [ 74.66201462118903, 30.424096592488997 ], [ 74.661924789990834, 30.424096592488997 ], [ 74.661924789990834, 30.423916930092599 ], [ 74.661834958792625, 30.423916930092599 ], [ 74.661834958792625, 30.423737267696197 ], [ 74.661924789990834, 30.423737267696197 ], [ 74.661924789990834, 30.423198280506998 ], [ 74.661385802801632, 30.423198280506998 ], [ 74.661385802801632, 30.423108449308799 ], [ 74.661924789990834, 30.423108449308799 ], [ 74.661924789990834, 30.423018618110596 ], [ 74.66201462118903, 30.423018618110596 ], [ 74.66201462118903, 30.422299968525 ], [ 74.661924789990834, 30.422299968525 ], [ 74.661924789990834, 30.422120306128598 ], [ 74.66201462118903, 30.422120306128598 ], [ 74.66201462118903, 30.421671150137598 ], [ 74.661924789990834, 30.421671150137598 ], [ 74.661924789990834, 30.421042331750197 ], [ 74.66201462118903, 30.421042331750197 ], [ 74.66201462118903, 30.421491487741196 ], [ 74.662104452387226, 30.421491487741196 ], [ 74.662104452387226, 30.421671150137598 ], [ 74.662284114783631, 30.421671150137598 ], [ 74.662284114783631, 30.421581318939399 ], [ 74.662373945981827, 30.421581318939399 ], [ 74.662373945981827, 30.421491487741196 ], [ 74.662553608378232, 30.421491487741196 ], [ 74.662553608378232, 30.421671150137598 ], [ 74.662463777180037, 30.421671150137598 ], [ 74.662463777180037, 30.421760981335797 ], [ 74.662104452387226, 30.421760981335797 ], [ 74.662104452387226, 30.422749124515999 ], [ 74.662194283585436, 30.422749124515999 ], [ 74.662194283585436, 30.423108449308799 ], [ 74.662823101972833, 30.423108449308799 ], [ 74.662823101972833, 30.423647436497998 ], [ 74.663362089162035, 30.423647436497998 ], [ 74.663362089162035, 30.423557605299798 ], [ 74.663631582756636, 30.423557605299798 ], [ 74.663631582756636, 30.421671150137598 ], [ 74.663541751558427, 30.421671150137598 ], [ 74.663541751558427, 30.421581318939399 ], [ 74.663631582756636, 30.421581318939399 ], [ 74.663631582756636, 30.421042331750197 ], [ 74.663451920360231, 30.421042331750197 ], [ 74.663451920360231, 30.420952500551998 ], [ 74.663541751558427, 30.420952500551998 ], [ 74.663541751558427, 30.4207728381556 ], [ 74.663451920360231, 30.4207728381556 ], [ 74.663451920360231, 30.420503344560998 ], [ 74.663541751558427, 30.420503344560998 ], [ 74.663541751558427, 30.420683006957397 ], [ 74.663631582756636, 30.420683006957397 ], [ 74.663631582756636, 30.420593175759198 ], [ 74.663721413954832, 30.420593175759198 ], [ 74.663721413954832, 30.420233850966397 ], [ 74.663631582756636, 30.420233850966397 ], [ 74.663631582756636, 30.420054188569999 ], [ 74.663362089162035, 30.420054188569999 ], [ 74.663362089162035, 30.420233850966397 ], [ 74.66318242676563, 30.420233850966397 ], [ 74.66318242676563, 30.420144019768198 ], [ 74.662643439576428, 30.420144019768198 ], [ 74.662643439576428, 30.420054188569999 ], [ 74.662553608378232, 30.420054188569999 ], [ 74.662553608378232, 30.420144019768198 ], [ 74.662373945981827, 30.420144019768198 ], [ 74.662373945981827, 30.420054188569999 ], [ 74.661385802801632, 30.420054188569999 ], [ 74.661385802801632, 30.419964357371796 ], [ 74.66084681561243, 30.419964357371796 ], [ 74.66084681561243, 30.420054188569999 ], [ 74.660667153216025, 30.420054188569999 ], [ 74.660667153216025, 30.419964357371796 ], [ 74.659499347639425, 30.419964357371796 ], [ 74.659499347639425, 30.420233850966397 ], [ 74.659409516441229, 30.420233850966397 ], [ 74.659409516441229, 30.420323682164597 ], [ 74.659499347639425, 30.420323682164597 ], [ 74.659499347639425, 30.420503344560998 ], [ 74.659409516441229, 30.420503344560998 ], [ 74.659409516441229, 30.420862669353799 ], [ 74.659499347639425, 30.420862669353799 ], [ 74.659499347639425, 30.420952500551998 ], [ 74.659948503630432, 30.420952500551998 ], [ 74.659948503630432, 30.420503344560998 ], [ 74.659858672432236, 30.420503344560998 ], [ 74.659858672432236, 30.420413513362799 ], [ 74.660667153216025, 30.420413513362799 ], [ 74.660667153216025, 30.420323682164597 ], [ 74.660756984414235, 30.420323682164597 ], [ 74.660756984414235, 30.420413513362799 ], [ 74.66084681561243, 30.420413513362799 ], [ 74.66084681561243, 30.420593175759198 ], [ 74.661206140405227, 30.420593175759198 ], [ 74.661206140405227, 30.420683006957397 ], [ 74.66084681561243, 30.420683006957397 ], [ 74.66084681561243, 30.422210137326797 ], [ 74.660756984414235, 30.422210137326797 ], [ 74.660756984414235, 30.423108449308799 ], [ 74.66084681561243, 30.423108449308799 ], [ 74.66084681561243, 30.423198280506998 ], [ 74.660756984414235, 30.423198280506998 ], [ 74.660756984414235, 30.423288111705197 ], [ 74.660667153216025, 30.423288111705197 ], [ 74.660667153216025, 30.423377942903397 ], [ 74.660756984414235, 30.423377942903397 ], [ 74.660756984414235, 30.423467774101599 ], [ 74.661206140405227, 30.423467774101599 ], [ 74.661206140405227, 30.423557605299798 ], [ 74.660756984414235, 30.423557605299798 ], [ 74.660756984414235, 30.425264398065597 ], [ 74.66084681561243, 30.425264398065597 ], [ 74.66084681561243, 30.4253542292638 ], [ 74.660756984414235, 30.4253542292638 ], [ 74.660756984414235, 30.425533891660198 ], [ 74.66084681561243, 30.425533891660198 ], [ 74.66084681561243, 30.425803385254799 ], [ 74.660936646810626, 30.425803385254799 ], [ 74.660936646810626, 30.425893216452998 ], [ 74.661116309207031, 30.425893216452998 ], [ 74.661116309207031, 30.426162710047599 ], [ 74.661206140405227, 30.426162710047599 ], [ 74.661206140405227, 30.426252541245798 ], [ 74.661565465198024, 30.426252541245798 ] ], [ [ 74.661295971603437, 30.423377942903397 ], [ 74.661655296396233, 30.423377942903397 ], [ 74.661655296396233, 30.423467774101599 ], [ 74.661295971603437, 30.423467774101599 ], [ 74.661295971603437, 30.423377942903397 ] ], [ [ 74.661475633999828, 30.422120306128598 ], [ 74.661655296396233, 30.422120306128598 ], [ 74.661655296396233, 30.422210137326797 ], [ 74.661834958792625, 30.422210137326797 ], [ 74.661834958792625, 30.422299968525 ], [ 74.661475633999828, 30.422299968525 ], [ 74.661475633999828, 30.422120306128598 ] ], [ [ 74.661116309207031, 30.422120306128598 ], [ 74.661385802801632, 30.422120306128598 ], [ 74.661385802801632, 30.422210137326797 ], [ 74.661116309207031, 30.422210137326797 ], [ 74.661116309207031, 30.422120306128598 ] ], [ [ 74.663362089162035, 30.421671150137598 ], [ 74.663451920360231, 30.421671150137598 ], [ 74.663451920360231, 30.421760981335797 ], [ 74.663362089162035, 30.421760981335797 ], [ 74.663362089162035, 30.421671150137598 ] ], [ [ 74.663362089162035, 30.421221994146599 ], [ 74.663541751558427, 30.421221994146599 ], [ 74.663541751558427, 30.421311825344798 ], [ 74.663362089162035, 30.421311825344798 ], [ 74.663362089162035, 30.421221994146599 ] ], [ [ 74.661834958792625, 30.420593175759198 ], [ 74.661924789990834, 30.420593175759198 ], [ 74.661924789990834, 30.420683006957397 ], [ 74.66201462118903, 30.420683006957397 ], [ 74.66201462118903, 30.4207728381556 ], [ 74.661834958792625, 30.4207728381556 ], [ 74.661834958792625, 30.420593175759198 ] ], [ [ 74.662194283585436, 30.420593175759198 ], [ 74.662463777180037, 30.420593175759198 ], [ 74.662463777180037, 30.4207728381556 ], [ 74.662194283585436, 30.4207728381556 ], [ 74.662194283585436, 30.420593175759198 ] ] ] } },
{ "type": "Feature", "properties": { "source_field_id": "1704748", "source_area_m2": 125130.99, "confidence": null, "determination_datetime": "2024-01-01T05:30:00+05:30", "determination_method": "auto-imagery", "xmin": 74.652312851783435, "ymin": 30.428049165209799, "xmax": 74.655726437315025, "ymax": 30.433169543507198, "area_m2": 125034.31255517651, "area_ha": 12.503431255517651, "field_id": "FTW-IN-PB-1704748", "boundary_source": "FIELDS_OF_THE_WORLD_GLOBAL_PRUE_2024_2025", "boundary_type": "RESEARCH_FIELD_BOUNDARY", "research_boundary_disclaimer": "Model-derived remote-sensing field unit; not a cadastral or ownership boundary.", "source_provider": "Fields of The World / Source Cooperative", "source_dataset": "Global Fields of The World, Punjab partition", "source_url": "https://data.source.coop/ftw/global-data/predictions/vectors/alpha/results-by-admin-conf/admin:country_code=IN/IN_PB.parquet", "real_or_synthetic": "REAL", "centroid_lon": 74.65412797649148, "centroid_lat": 30.43034972111565, "data_status": "REAL_SATELLITE_OBSERVATIONS", "ground_truth_status": "NO_GROUND_TRUTH_WEAK_PROXY_LABELS_ONLY", "demo_rank": 75, "demo_category": "OTHER", "demo_score": 8.0, "cropland_fraction": 1.0 }, "geometry": { "type": "Polygon", "coordinates": [ [ [ 74.655636606116829, 30.433169543507198 ], [ 74.655636606116829, 30.433079712308999 ], [ 74.655726437315025, 30.433079712308999 ], [ 74.655726437315025, 30.431372919543197 ], [ 74.655636606116829, 30.431372919543197 ], [ 74.655636606116829, 30.431103425948599 ], [ 74.655726437315025, 30.431103425948599 ], [ 74.655726437315025, 30.430115282768398 ], [ 74.655636606116829, 30.430115282768398 ], [ 74.655636606116829, 30.430025451570199 ], [ 74.655726437315025, 30.430025451570199 ], [ 74.655726437315025, 30.429486464380997 ], [ 74.655636606116829, 30.429486464380997 ], [ 74.655636606116829, 30.429396633182797 ], [ 74.655367112522228, 30.429396633182797 ], [ 74.655367112522228, 30.429306801984598 ], [ 74.655726437315025, 30.429306801984598 ], [ 74.655726437315025, 30.428767814795396 ], [ 74.655636606116829, 30.428767814795396 ], [ 74.655636606116829, 30.428677983597197 ], [ 74.655546774918633, 30.428677983597197 ], [ 74.655546774918633, 30.428588152398998 ], [ 74.655456943720424, 30.428588152398998 ], [ 74.655456943720424, 30.428677983597197 ], [ 74.654468800540229, 30.428677983597197 ], [ 74.654468800540229, 30.428767814795396 ], [ 74.654378969342034, 30.428767814795396 ], [ 74.654378969342034, 30.428947477191798 ], [ 74.654468800540229, 30.428947477191798 ], [ 74.654468800540229, 30.429755957975598 ], [ 74.654558631738425, 30.429755957975598 ], [ 74.654558631738425, 30.431013594750397 ], [ 74.654468800540229, 30.431013594750397 ], [ 74.654468800540229, 30.432181400326996 ], [ 74.654378969342034, 30.432181400326996 ], [ 74.654378969342034, 30.430923763552197 ], [ 74.654289138143824, 30.430923763552197 ], [ 74.654289138143824, 30.430833932353998 ], [ 74.654378969342034, 30.430833932353998 ], [ 74.654378969342034, 30.430025451570199 ], [ 74.654289138143824, 30.430025451570199 ], [ 74.654289138143824, 30.429845789173797 ], [ 74.654378969342034, 30.429845789173797 ], [ 74.654378969342034, 30.429576295579199 ], [ 74.654289138143824, 30.429576295579199 ], [ 74.654289138143824, 30.428767814795396 ], [ 74.654199306945628, 30.428767814795396 ], [ 74.654199306945628, 30.428677983597197 ], [ 74.653480657360035, 30.428677983597197 ], [ 74.653480657360035, 30.428767814795396 ], [ 74.653390826161825, 30.428767814795396 ], [ 74.653390826161825, 30.428857645993599 ], [ 74.653300994963629, 30.428857645993599 ], [ 74.653300994963629, 30.428677983597197 ], [ 74.653031501369028, 30.428677983597197 ], [ 74.653031501369028, 30.428318658804397 ], [ 74.653121332567224, 30.428318658804397 ], [ 74.653121332567224, 30.4284084900026 ], [ 74.653211163765434, 30.4284084900026 ], [ 74.653211163765434, 30.428498321200799 ], [ 74.653300994963629, 30.428498321200799 ], [ 74.653300994963629, 30.428588152398998 ], [ 74.654199306945628, 30.428588152398998 ], [ 74.654199306945628, 30.4284084900026 ], [ 74.654289138143824, 30.4284084900026 ], [ 74.654289138143824, 30.428049165209799 ], [ 74.653121332567224, 30.428049165209799 ], [ 74.653121332567224, 30.428138996407998 ], [ 74.652941670170833, 30.428138996407998 ], [ 74.652941670170833, 30.428049165209799 ], [ 74.652402682981631, 30.428049165209799 ], [ 74.652402682981631, 30.428498321200799 ], [ 74.652762007774427, 30.428498321200799 ], [ 74.652762007774427, 30.428588152398998 ], [ 74.652851838972623, 30.428588152398998 ], [ 74.652851838972623, 30.428677983597197 ], [ 74.652582345378036, 30.428677983597197 ], [ 74.652582345378036, 30.428588152398998 ], [ 74.652402682981631, 30.428588152398998 ], [ 74.652402682981631, 30.428677983597197 ], [ 74.652312851783435, 30.428677983597197 ], [ 74.652312851783435, 30.429037308389997 ], [ 74.652402682981631, 30.429037308389997 ], [ 74.652402682981631, 30.431283088344998 ], [ 74.652492514179826, 30.431283088344998 ], [ 74.652492514179826, 30.431372919543197 ], [ 74.652672176576232, 30.431372919543197 ], [ 74.652672176576232, 30.4314627507414 ], [ 74.652851838972623, 30.4314627507414 ], [ 74.652851838972623, 30.431552581939599 ], [ 74.653031501369028, 30.431552581939599 ], [ 74.653031501369028, 30.431642413137798 ], [ 74.653211163765434, 30.431642413137798 ], [ 74.653211163765434, 30.431732244335997 ], [ 74.653300994963629, 30.431732244335997 ], [ 74.653300994963629, 30.431822075534196 ], [ 74.653480657360035, 30.431822075534196 ], [ 74.653480657360035, 30.431911906732399 ], [ 74.653660319756426, 30.431911906732399 ], [ 74.653660319756426, 30.432001737930598 ], [ 74.653750150954636, 30.432001737930598 ], [ 74.653750150954636, 30.432091569128797 ], [ 74.653929813351027, 30.432091569128797 ], [ 74.653929813351027, 30.432181400326996 ], [ 74.654109475747433, 30.432181400326996 ], [ 74.654109475747433, 30.432271231525199 ], [ 74.654199306945628, 30.432271231525199 ], [ 74.654199306945628, 30.432361062723398 ], [ 74.654468800540229, 30.432361062723398 ], [ 74.654468800540229, 30.432540725119797 ], [ 74.654648462936635, 30.432540725119797 ], [ 74.654648462936635, 30.432630556317999 ], [ 74.65473829413483, 30.432630556317999 ], [ 74.65473829413483, 30.432720387516198 ], [ 74.655007787729431, 30.432720387516198 ], [ 74.655007787729431, 30.432810218714398 ], [ 74.655097618927627, 30.432810218714398 ], [ 74.655097618927627, 30.432900049912597 ], [ 74.655277281324032, 30.432900049912597 ], [ 74.655277281324032, 30.4329898811108 ], [ 74.655367112522228, 30.4329898811108 ], [ 74.655367112522228, 30.433079712308999 ], [ 74.655546774918633, 30.433079712308999 ], [ 74.655546774918633, 30.433169543507198 ], [ 74.655636606116829, 30.433169543507198 ] ], [ [ 74.655007787729431, 30.430833932353998 ], [ 74.654917956531236, 30.430833932353998 ], [ 74.654917956531236, 30.430744101155799 ], [ 74.655097618927627, 30.430744101155799 ], [ 74.655097618927627, 30.431283088344998 ], [ 74.655007787729431, 30.431283088344998 ], [ 74.655007787729431, 30.430833932353998 ] ], [ [ 74.653660319756426, 30.430923763552197 ], [ 74.653570488558231, 30.430923763552197 ], [ 74.653570488558231, 30.430744101155799 ], [ 74.653660319756426, 30.430744101155799 ], [ 74.653660319756426, 30.429755957975598 ], [ 74.653570488558231, 30.429755957975598 ], [ 74.653570488558231, 30.429666126777398 ], [ 74.653660319756426, 30.429666126777398 ], [ 74.653660319756426, 30.429216970786399 ], [ 74.653300994963629, 30.429216970786399 ], [ 74.653300994963629, 30.429127139588196 ], [ 74.653750150954636, 30.429127139588196 ], [ 74.653750150954636, 30.430833932353998 ], [ 74.653839982152832, 30.430833932353998 ], [ 74.653839982152832, 30.430923763552197 ], [ 74.653750150954636, 30.430923763552197 ], [ 74.653750150954636, 30.431013594750397 ], [ 74.653660319756426, 30.431013594750397 ], [ 74.653660319756426, 30.430923763552197 ] ], [ [ 74.655007787729431, 30.429306801984598 ], [ 74.655097618927627, 30.429306801984598 ], [ 74.655097618927627, 30.430025451570199 ], [ 74.655187450125837, 30.430025451570199 ], [ 74.655187450125837, 30.430205113966597 ], [ 74.655007787729431, 30.430205113966597 ], [ 74.655007787729431, 30.429306801984598 ] ] ] } },
{ "type": "Feature", "properties": { "source_field_id": "1704766", "source_area_m2": 113102.12, "confidence": null, "determination_datetime": "2024-01-01T05:30:00+05:30", "determination_method": "auto-imagery", "xmin": 74.659409516441229, "ymin": 30.426342372443997, "xmax": 74.663631582756636, "ymax": 30.429127139588196, "area_m2": 113014.6016061634, "area_ha": 11.30146016061634, "field_id": "FTW-IN-PB-1704766", "boundary_source": "FIELDS_OF_THE_WORLD_GLOBAL_PRUE_2024_2025", "boundary_type": "RESEARCH_FIELD_BOUNDARY", "research_boundary_disclaimer": "Model-derived remote-sensing field unit; not a cadastral or ownership boundary.", "source_provider": "Fields of The World / Source Cooperative", "source_dataset": "Global Fields of The World, Punjab partition", "source_url": "https://data.source.coop/ftw/global-data/predictions/vectors/alpha/results-by-admin-conf/admin:country_code=IN/IN_PB.parquet", "real_or_synthetic": "REAL", "centroid_lon": 74.661551334400741, "centroid_lat": 30.427705541819485, "data_status": "REAL_SATELLITE_OBSERVATIONS", "ground_truth_status": "NO_GROUND_TRUTH_WEAK_PROXY_LABELS_ONLY", "demo_rank": 76, "demo_category": "OTHER", "demo_score": 8.0, "cropland_fraction": 1.0 }, "geometry": { "type": "Polygon", "coordinates": [ [ [ 74.662373945981827, 30.427510178020597 ], [ 74.663541751558427, 30.427510178020597 ], [ 74.663541751558427, 30.427420346822398 ], [ 74.663631582756636, 30.427420346822398 ], [ 74.663631582756636, 30.426342372443997 ], [ 74.661116309207031, 30.426342372443997 ], [ 74.661116309207031, 30.426432203642197 ], [ 74.661026478008836, 30.426432203642197 ], [ 74.661026478008836, 30.426342372443997 ], [ 74.660756984414235, 30.426342372443997 ], [ 74.660756984414235, 30.426432203642197 ], [ 74.660038334828627, 30.426432203642197 ], [ 74.660038334828627, 30.427240684425996 ], [ 74.659948503630432, 30.427240684425996 ], [ 74.659948503630432, 30.426432203642197 ], [ 74.659409516441229, 30.426432203642197 ], [ 74.659409516441229, 30.426971190831399 ], [ 74.659499347639425, 30.426971190831399 ], [ 74.659499347639425, 30.427150853227797 ], [ 74.659409516441229, 30.427150853227797 ], [ 74.659409516441229, 30.427869502813397 ], [ 74.659948503630432, 30.427869502813397 ], [ 74.659948503630432, 30.427779671615198 ], [ 74.660038334828627, 30.427779671615198 ], [ 74.660038334828627, 30.427959334011597 ], [ 74.659409516441229, 30.427959334011597 ], [ 74.659409516441229, 30.429037308389997 ], [ 74.661206140405227, 30.429037308389997 ], [ 74.661206140405227, 30.427959334011597 ], [ 74.661116309207031, 30.427959334011597 ], [ 74.661116309207031, 30.427869502813397 ], [ 74.661026478008836, 30.427869502813397 ], [ 74.661026478008836, 30.427779671615198 ], [ 74.661116309207031, 30.427779671615198 ], [ 74.661116309207031, 30.427420346822398 ], [ 74.661206140405227, 30.427420346822398 ], [ 74.661206140405227, 30.427150853227797 ], [ 74.661295971603437, 30.427150853227797 ], [ 74.661295971603437, 30.427510178020597 ], [ 74.661475633999828, 30.427510178020597 ], [ 74.661475633999828, 30.427600009218796 ], [ 74.661385802801632, 30.427600009218796 ], [ 74.661385802801632, 30.427689840416999 ], [ 74.661295971603437, 30.427689840416999 ], [ 74.661295971603437, 30.428588152398998 ], [ 74.661385802801632, 30.428588152398998 ], [ 74.661385802801632, 30.429037308389997 ], [ 74.66201462118903, 30.429037308389997 ], [ 74.66201462118903, 30.429127139588196 ], [ 74.663002764369224, 30.429127139588196 ], [ 74.663002764369224, 30.429037308389997 ], [ 74.66318242676563, 30.429037308389997 ], [ 74.66318242676563, 30.428947477191798 ], [ 74.663362089162035, 30.428947477191798 ], [ 74.663362089162035, 30.428857645993599 ], [ 74.663631582756636, 30.428857645993599 ], [ 74.663631582756636, 30.427600009218796 ], [ 74.662373945981827, 30.427600009218796 ], [ 74.662373945981827, 30.427510178020597 ] ], [ [ 74.662373945981827, 30.427689840416999 ], [ 74.66201462118903, 30.427689840416999 ], [ 74.66201462118903, 30.427600009218796 ], [ 74.662373945981827, 30.427600009218796 ], [ 74.662373945981827, 30.427689840416999 ] ], [ [ 74.660217997225033, 30.427779671615198 ], [ 74.66084681561243, 30.427779671615198 ], [ 74.66084681561243, 30.427869502813397 ], [ 74.660217997225033, 30.427869502813397 ], [ 74.660217997225033, 30.427779671615198 ] ] ] } },
{ "type": "Feature", "properties": { "source_field_id": "1709250", "source_area_m2": 135983.17, "confidence": null, "determination_datetime": "2024-01-01T05:30:00+05:30", "determination_method": "auto-imagery", "xmin": 74.649258591044628, "ymin": 30.473773245093597, "xmax": 74.65473829413483, "ymax": 30.477456324219798, "area_m2": 135878.1404105254, "area_ha": 13.587814041052541, "field_id": "FTW-IN-PB-1709250", "boundary_source": "FIELDS_OF_THE_WORLD_GLOBAL_PRUE_2024_2025", "boundary_type": "RESEARCH_FIELD_BOUNDARY", "research_boundary_disclaimer": "Model-derived remote-sensing field unit; not a cadastral or ownership boundary.", "source_provider": "Fields of The World / Source Cooperative", "source_dataset": "Global Fields of The World, Punjab partition", "source_url": "https://data.source.coop/ftw/global-data/predictions/vectors/alpha/results-by-admin-conf/admin:country_code=IN/IN_PB.parquet", "real_or_synthetic": "REAL", "centroid_lon": 74.652120845498317, "centroid_lat": 30.475986425162375, "data_status": "REAL_SATELLITE_OBSERVATIONS", "ground_truth_status": "NO_GROUND_TRUTH_WEAK_PROXY_LABELS_ONLY", "demo_rank": 77, "demo_category": "OTHER", "demo_score": 8.0, "cropland_fraction": 1.0 }, "geometry": { "type": "Polygon", "coordinates": [ [ [ 74.652492514179826, 30.473773245093597 ], [ 74.652043358188834, 30.473773245093597 ], [ 74.652043358188834, 30.474761388273798 ], [ 74.652582345378036, 30.474761388273798 ], [ 74.652582345378036, 30.474941050670196 ], [ 74.652402682981631, 30.474941050670196 ], [ 74.652402682981631, 30.474851219471997 ], [ 74.65213318938703, 30.474851219471997 ], [ 74.65213318938703, 30.474941050670196 ], [ 74.652043358188834, 30.474941050670196 ], [ 74.652043358188834, 30.474851219471997 ], [ 74.651055215008626, 30.474851219471997 ], [ 74.651055215008626, 30.474941050670196 ], [ 74.650875552612234, 30.474941050670196 ], [ 74.650875552612234, 30.474851219471997 ], [ 74.649977240630236, 30.474851219471997 ], [ 74.649977240630236, 30.475839362652199 ], [ 74.65096538381043, 30.475839362652199 ], [ 74.65096538381043, 30.475749531453999 ], [ 74.651055215008626, 30.475749531453999 ], [ 74.651055215008626, 30.475839362652199 ], [ 74.651145046206835, 30.475839362652199 ], [ 74.651145046206835, 30.475929193850398 ], [ 74.64979757823383, 30.475929193850398 ], [ 74.64979757823383, 30.475659700255797 ], [ 74.649887409432026, 30.475659700255797 ], [ 74.649887409432026, 30.475480037859398 ], [ 74.64979757823383, 30.475480037859398 ], [ 74.64979757823383, 30.475390206661199 ], [ 74.649348422242824, 30.475390206661199 ], [ 74.649348422242824, 30.475480037859398 ], [ 74.649258591044628, 30.475480037859398 ], [ 74.649258591044628, 30.476917337030599 ], [ 74.650336565423032, 30.476917337030599 ], [ 74.650336565423032, 30.477276661823399 ], [ 74.651594202197828, 30.477276661823399 ], [ 74.651594202197828, 30.477366493021599 ], [ 74.652402682981631, 30.477366493021599 ], [ 74.652402682981631, 30.477456324219798 ], [ 74.654558631738425, 30.477456324219798 ], [ 74.654558631738425, 30.477366493021599 ], [ 74.654648462936635, 30.477366493021599 ], [ 74.654648462936635, 30.477007168228798 ], [ 74.654558631738425, 30.477007168228798 ], [ 74.654558631738425, 30.476917337030599 ], [ 74.654648462936635, 30.476917337030599 ], [ 74.654648462936635, 30.476647843435998 ], [ 74.65473829413483, 30.476647843435998 ], [ 74.65473829413483, 30.475480037859398 ], [ 74.652582345378036, 30.475480037859398 ], [ 74.652582345378036, 30.475390206661199 ], [ 74.652672176576232, 30.475390206661199 ], [ 74.652672176576232, 30.475300375462997 ], [ 74.652762007774427, 30.475300375462997 ], [ 74.652762007774427, 30.475390206661199 ], [ 74.653300994963629, 30.475390206661199 ], [ 74.653300994963629, 30.475300375462997 ], [ 74.653390826161825, 30.475300375462997 ], [ 74.653390826161825, 30.474491894679197 ], [ 74.653300994963629, 30.474491894679197 ], [ 74.653300994963629, 30.474222401084599 ], [ 74.653390826161825, 30.474222401084599 ], [ 74.653390826161825, 30.473863076291799 ], [ 74.653300994963629, 30.473863076291799 ], [ 74.653300994963629, 30.473773245093597 ], [ 74.652582345378036, 30.473773245093597 ], [ 74.652582345378036, 30.474042738688198 ], [ 74.652492514179826, 30.474042738688198 ], [ 74.652492514179826, 30.473773245093597 ] ], [ [ 74.652492514179826, 30.474222401084599 ], [ 74.652582345378036, 30.474222401084599 ], [ 74.652582345378036, 30.474402063480998 ], [ 74.652492514179826, 30.474402063480998 ], [ 74.652492514179826, 30.474491894679197 ], [ 74.652402682981631, 30.474491894679197 ], [ 74.652402682981631, 30.474042738688198 ], [ 74.652492514179826, 30.474042738688198 ], [ 74.652492514179826, 30.474222401084599 ] ], [ [ 74.651324708603227, 30.476737674634197 ], [ 74.651414539801436, 30.476737674634197 ], [ 74.651414539801436, 30.477096999426998 ], [ 74.651324708603227, 30.477096999426998 ], [ 74.651324708603227, 30.476737674634197 ] ], [ [ 74.654019644549237, 30.477007168228798 ], [ 74.653929813351027, 30.477007168228798 ], [ 74.653929813351027, 30.476917337030599 ], [ 74.654199306945628, 30.476917337030599 ], [ 74.654199306945628, 30.477007168228798 ], [ 74.654109475747433, 30.477007168228798 ], [ 74.654109475747433, 30.477096999426998 ], [ 74.654019644549237, 30.477096999426998 ], [ 74.654019644549237, 30.477007168228798 ] ], [ [ 74.653300994963629, 30.476917337030599 ], [ 74.653390826161825, 30.476917337030599 ], [ 74.653390826161825, 30.476827505832397 ], [ 74.653480657360035, 30.476827505832397 ], [ 74.653480657360035, 30.476917337030599 ], [ 74.653570488558231, 30.476917337030599 ], [ 74.653570488558231, 30.477007168228798 ], [ 74.653300994963629, 30.477007168228798 ], [ 74.653300994963629, 30.476917337030599 ] ], [ [ 74.651234877405031, 30.476378349841397 ], [ 74.651414539801436, 30.476378349841397 ], [ 74.651414539801436, 30.476558012237799 ], [ 74.651234877405031, 30.476558012237799 ], [ 74.651234877405031, 30.476378349841397 ] ], [ [ 74.651504370999632, 30.476468181039596 ], [ 74.652582345378036, 30.476468181039596 ], [ 74.652582345378036, 30.476378349841397 ], [ 74.652762007774427, 30.476378349841397 ], [ 74.652762007774427, 30.476558012237799 ], [ 74.651504370999632, 30.476558012237799 ], [ 74.651504370999632, 30.476468181039596 ] ] ] } },
{ "type": "Feature", "properties": { "source_field_id": "1709569", "source_area_m2": 140010.73, "confidence": null, "determination_datetime": "2024-01-01T05:30:00+05:30", "determination_method": "auto-imagery", "xmin": 74.624105855548635, "ymin": 30.480241091363997, "xmax": 74.628777077855034, "ymax": 30.485541132057797, "area_m2": 139903.18834199759, "area_ha": 13.990318834199758, "field_id": "FTW-IN-PB-1709569", "boundary_source": "FIELDS_OF_THE_WORLD_GLOBAL_PRUE_2024_2025", "boundary_type": "RESEARCH_FIELD_BOUNDARY", "research_boundary_disclaimer": "Model-derived remote-sensing field unit; not a cadastral or ownership boundary.", "source_provider": "Fields of The World / Source Cooperative", "source_dataset": "Global Fields of The World, Punjab partition", "source_url": "https://data.source.coop/ftw/global-data/predictions/vectors/alpha/results-by-admin-conf/admin:country_code=IN/IN_PB.parquet", "real_or_synthetic": "REAL", "centroid_lon": 74.626308592680715, "centroid_lat": 30.482944832865979, "data_status": "REAL_SATELLITE_OBSERVATIONS", "ground_truth_status": "NO_GROUND_TRUTH_WEAK_PROXY_LABELS_ONLY", "demo_rank": 78, "demo_category": "OTHER", "demo_score": 8.0, "cropland_fraction": 1.0 }, "geometry": { "type": "Polygon", "coordinates": [ [ [ 74.627339778683833, 30.485541132057797 ], [ 74.627339778683833, 30.485451300859598 ], [ 74.627429609882029, 30.485451300859598 ], [ 74.627429609882029, 30.484822482472197 ], [ 74.627519441080224, 30.484822482472197 ], [ 74.627519441080224, 30.484463157679397 ], [ 74.627609272278434, 30.484463157679397 ], [ 74.627609272278434, 30.484373326481197 ], [ 74.62769910347663, 30.484373326481197 ], [ 74.62769910347663, 30.484014001688397 ], [ 74.627788934674825, 30.484014001688397 ], [ 74.627788934674825, 30.4837445080938 ], [ 74.627878765873035, 30.4837445080938 ], [ 74.627878765873035, 30.483475014499199 ], [ 74.626890622692827, 30.483475014499199 ], [ 74.626890622692827, 30.483654676895597 ], [ 74.626800791494631, 30.483654676895597 ], [ 74.626800791494631, 30.483385183300999 ], [ 74.627878765873035, 30.483385183300999 ], [ 74.627878765873035, 30.483295352102797 ], [ 74.627968597071231, 30.483295352102797 ], [ 74.627968597071231, 30.483025858508199 ], [ 74.627878765873035, 30.483025858508199 ], [ 74.627878765873035, 30.482936027309997 ], [ 74.625543154719836, 30.482936027309997 ], [ 74.625543154719836, 30.483025858508199 ], [ 74.62536349232343, 30.483025858508199 ], [ 74.62536349232343, 30.482936027309997 ], [ 74.625273661125235, 30.482936027309997 ], [ 74.625273661125235, 30.482846196111797 ], [ 74.62536349232343, 30.482846196111797 ], [ 74.62536349232343, 30.482576702517196 ], [ 74.625453323521626, 30.482576702517196 ], [ 74.625453323521626, 30.482846196111797 ], [ 74.626800791494631, 30.482846196111797 ], [ 74.626800791494631, 30.482756364913598 ], [ 74.626980453891036, 30.482756364913598 ], [ 74.626980453891036, 30.482846196111797 ], [ 74.627429609882029, 30.482846196111797 ], [ 74.627429609882029, 30.482756364913598 ], [ 74.627609272278434, 30.482756364913598 ], [ 74.627609272278434, 30.482846196111797 ], [ 74.627878765873035, 30.482846196111797 ], [ 74.627878765873035, 30.482756364913598 ], [ 74.628058428269426, 30.482756364913598 ], [ 74.628058428269426, 30.482846196111797 ], [ 74.628687246656824, 30.482846196111797 ], [ 74.628687246656824, 30.482756364913598 ], [ 74.628777077855034, 30.482756364913598 ], [ 74.628777077855034, 30.482307208922599 ], [ 74.628238090665832, 30.482307208922599 ], [ 74.628238090665832, 30.482397040120798 ], [ 74.628148259467636, 30.482397040120798 ], [ 74.628148259467636, 30.482486871318997 ], [ 74.627968597071231, 30.482486871318997 ], [ 74.627968597071231, 30.482397040120798 ], [ 74.628058428269426, 30.482397040120798 ], [ 74.628058428269426, 30.482127546526197 ], [ 74.628148259467636, 30.482127546526197 ], [ 74.628148259467636, 30.481319065742397 ], [ 74.627519441080224, 30.481319065742397 ], [ 74.627519441080224, 30.481408896940597 ], [ 74.626980453891036, 30.481408896940597 ], [ 74.626980453891036, 30.481498728138799 ], [ 74.626890622692827, 30.481498728138799 ], [ 74.626890622692827, 30.481858052931599 ], [ 74.626800791494631, 30.481858052931599 ], [ 74.626800791494631, 30.481319065742397 ], [ 74.626710960296435, 30.481319065742397 ], [ 74.626710960296435, 30.481049572147796 ], [ 74.626800791494631, 30.481049572147796 ], [ 74.626800791494631, 30.480959740949597 ], [ 74.626710960296435, 30.480959740949597 ], [ 74.626710960296435, 30.480420753760399 ], [ 74.626800791494631, 30.480420753760399 ], [ 74.626800791494631, 30.480241091363997 ], [ 74.626261804305429, 30.480241091363997 ], [ 74.626261804305429, 30.480330922562199 ], [ 74.626171973107233, 30.480330922562199 ], [ 74.626171973107233, 30.480420753760399 ], [ 74.626261804305429, 30.480420753760399 ], [ 74.626261804305429, 30.480780078553199 ], [ 74.626171973107233, 30.480780078553199 ], [ 74.626171973107233, 30.480959740949597 ], [ 74.626261804305429, 30.480959740949597 ], [ 74.626261804305429, 30.481319065742397 ], [ 74.626171973107233, 30.481319065742397 ], [ 74.626171973107233, 30.482217377724396 ], [ 74.626261804305429, 30.482217377724396 ], [ 74.626261804305429, 30.482397040120798 ], [ 74.626171973107233, 30.482397040120798 ], [ 74.626171973107233, 30.482486871318997 ], [ 74.626082141909023, 30.482486871318997 ], [ 74.626082141909023, 30.482397040120798 ], [ 74.625453323521626, 30.482397040120798 ], [ 74.625453323521626, 30.482486871318997 ], [ 74.62536349232343, 30.482486871318997 ], [ 74.62536349232343, 30.482397040120798 ], [ 74.625004167530633, 30.482397040120798 ], [ 74.625004167530633, 30.482307208922599 ], [ 74.626082141909023, 30.482307208922599 ], [ 74.626082141909023, 30.480510584958598 ], [ 74.625273661125235, 30.480510584958598 ], [ 74.625273661125235, 30.480600416156797 ], [ 74.624824505134228, 30.480600416156797 ], [ 74.624824505134228, 30.481947884129799 ], [ 74.624734673936032, 30.481947884129799 ], [ 74.624734673936032, 30.482307208922599 ], [ 74.624824505134228, 30.482307208922599 ], [ 74.624824505134228, 30.482576702517196 ], [ 74.624734673936032, 30.482576702517196 ], [ 74.624734673936032, 30.482756364913598 ], [ 74.624824505134228, 30.482756364913598 ], [ 74.624824505134228, 30.482846196111797 ], [ 74.625093998728829, 30.482846196111797 ], [ 74.625093998728829, 30.482936027309997 ], [ 74.624824505134228, 30.482936027309997 ], [ 74.624824505134228, 30.483025858508199 ], [ 74.624734673936032, 30.483025858508199 ], [ 74.624734673936032, 30.483385183300999 ], [ 74.624824505134228, 30.483385183300999 ], [ 74.624824505134228, 30.483475014499199 ], [ 74.624914336332424, 30.483475014499199 ], [ 74.624914336332424, 30.483564845697398 ], [ 74.624465180341431, 30.483564845697398 ], [ 74.624465180341431, 30.483475014499199 ], [ 74.624105855548635, 30.483475014499199 ], [ 74.624105855548635, 30.484463157679397 ], [ 74.62536349232343, 30.484463157679397 ], [ 74.62536349232343, 30.484373326481197 ], [ 74.625902479512632, 30.484373326481197 ], [ 74.625902479512632, 30.484463157679397 ], [ 74.626171973107233, 30.484463157679397 ], [ 74.626171973107233, 30.484552988877599 ], [ 74.625812648314437, 30.484552988877599 ], [ 74.625812648314437, 30.484822482472197 ], [ 74.627249947485623, 30.484822482472197 ], [ 74.627249947485623, 30.484912313670399 ], [ 74.625812648314437, 30.484912313670399 ], [ 74.625812648314437, 30.485541132057797 ], [ 74.627339778683833, 30.485541132057797 ] ], [ [ 74.626710960296435, 30.484463157679397 ], [ 74.626800791494631, 30.484463157679397 ], [ 74.626800791494631, 30.484552988877599 ], [ 74.626710960296435, 30.484552988877599 ], [ 74.626710960296435, 30.484463157679397 ] ], [ [ 74.625183829927025, 30.483385183300999 ], [ 74.625453323521626, 30.483385183300999 ], [ 74.625453323521626, 30.483205520904598 ], [ 74.625543154719836, 30.483205520904598 ], [ 74.625543154719836, 30.483475014499199 ], [ 74.625183829927025, 30.483475014499199 ], [ 74.625183829927025, 30.483385183300999 ] ], [ [ 74.626800791494631, 30.482127546526197 ], [ 74.626890622692827, 30.482127546526197 ], [ 74.626890622692827, 30.482307208922599 ], [ 74.626800791494631, 30.482307208922599 ], [ 74.626800791494631, 30.482127546526197 ] ] ] } },
{ "type": "Feature", "properties": { "source_field_id": "1710828", "source_area_m2": 143906.44, "confidence": null, "determination_datetime": "2024-01-01T05:30:00+05:30", "determination_method": "auto-imagery", "xmin": 74.662553608378232, "ymin": 30.459579915777997, "xmax": 74.670368922621634, "ymax": 30.464251138084396, "area_m2": 143794.96140737849, "area_ha": 14.379496140737849, "field_id": "FTW-IN-PB-1710828", "boundary_source": "FIELDS_OF_THE_WORLD_GLOBAL_PRUE_2024_2025", "boundary_type": "RESEARCH_FIELD_BOUNDARY", "research_boundary_disclaimer": "Model-derived remote-sensing field unit; not a cadastral or ownership boundary.", "source_provider": "Fields of The World / Source Cooperative", "source_dataset": "Global Fields of The World, Punjab partition", "source_url": "https://data.source.coop/ftw/global-data/predictions/vectors/alpha/results-by-admin-conf/admin:country_code=IN/IN_PB.parquet", "real_or_synthetic": "REAL", "centroid_lon": 74.666798420268606, "centroid_lat": 30.461958731093471, "data_status": "REAL_SATELLITE_OBSERVATIONS", "ground_truth_status": "NO_GROUND_TRUTH_WEAK_PROXY_LABELS_ONLY", "demo_rank": 79, "demo_category": "OTHER", "demo_score": 8.0, "cropland_fraction": 1.0 }, "geometry": { "type": "Polygon", "coordinates": [ [ [ 74.666775674693625, 30.461017214949198 ], [ 74.666775674693625, 30.460298565363598 ], [ 74.666685843495429, 30.460298565363598 ], [ 74.666685843495429, 30.459669746976196 ], [ 74.666596012297234, 30.459669746976196 ], [ 74.666596012297234, 30.459579915777997 ], [ 74.666416349900828, 30.459579915777997 ], [ 74.666416349900828, 30.459669746976196 ], [ 74.666146856306227, 30.459669746976196 ], [ 74.666146856306227, 30.459759578174399 ], [ 74.665967193909836, 30.459759578174399 ], [ 74.665967193909836, 30.459669746976196 ], [ 74.664979050729627, 30.459669746976196 ], [ 74.664979050729627, 30.459759578174399 ], [ 74.664889219531432, 30.459759578174399 ], [ 74.664889219531432, 30.460029071768997 ], [ 74.664979050729627, 30.460029071768997 ], [ 74.664979050729627, 30.460118902967199 ], [ 74.665068881927823, 30.460118902967199 ], [ 74.665068881927823, 30.460208734165398 ], [ 74.665158713126033, 30.460208734165398 ], [ 74.665158713126033, 30.460298565363598 ], [ 74.665428206720634, 30.460298565363598 ], [ 74.665428206720634, 30.460388396561797 ], [ 74.665068881927823, 30.460388396561797 ], [ 74.665068881927823, 30.460298565363598 ], [ 74.664979050729627, 30.460298565363598 ], [ 74.664979050729627, 30.460388396561797 ], [ 74.664889219531432, 30.460388396561797 ], [ 74.664889219531432, 30.460657890156398 ], [ 74.665068881927823, 30.460657890156398 ], [ 74.665068881927823, 30.460747721354597 ], [ 74.665158713126033, 30.460747721354597 ], [ 74.665158713126033, 30.460837552552796 ], [ 74.664889219531432, 30.460837552552796 ], [ 74.664889219531432, 30.460927383750999 ], [ 74.664709557135026, 30.460927383750999 ], [ 74.664709557135026, 30.460837552552796 ], [ 74.663362089162035, 30.460837552552796 ], [ 74.663362089162035, 30.461196877345596 ], [ 74.664440063540425, 30.461196877345596 ], [ 74.664440063540425, 30.461286708543799 ], [ 74.664619725936831, 30.461286708543799 ], [ 74.664619725936831, 30.461196877345596 ], [ 74.664709557135026, 30.461196877345596 ], [ 74.664709557135026, 30.461017214949198 ], [ 74.664799388333236, 30.461017214949198 ], [ 74.664799388333236, 30.461286708543799 ], [ 74.664979050729627, 30.461286708543799 ], [ 74.664979050729627, 30.461376539741998 ], [ 74.664799388333236, 30.461376539741998 ], [ 74.664799388333236, 30.461466370940197 ], [ 74.664709557135026, 30.461466370940197 ], [ 74.664709557135026, 30.461376539741998 ], [ 74.662643439576428, 30.461376539741998 ], [ 74.662643439576428, 30.462005358129399 ], [ 74.662553608378232, 30.462005358129399 ], [ 74.662553608378232, 30.462274851723997 ], [ 74.66435023234223, 30.462274851723997 ], [ 74.66435023234223, 30.462364682922196 ], [ 74.664619725936831, 30.462364682922196 ], [ 74.664619725936831, 30.462274851723997 ], [ 74.664889219531432, 30.462274851723997 ], [ 74.664889219531432, 30.462364682922196 ], [ 74.665877362711626, 30.462364682922196 ], [ 74.665877362711626, 30.462274851723997 ], [ 74.665967193909836, 30.462274851723997 ], [ 74.665967193909836, 30.461915526931197 ], [ 74.665877362711626, 30.461915526931197 ], [ 74.665877362711626, 30.461825695732998 ], [ 74.665967193909836, 30.461825695732998 ], [ 74.665967193909836, 30.461107046147397 ], [ 74.666057025108032, 30.461107046147397 ], [ 74.666057025108032, 30.460927383750999 ], [ 74.665967193909836, 30.460927383750999 ], [ 74.665967193909836, 30.460837552552796 ], [ 74.665877362711626, 30.460837552552796 ], [ 74.665877362711626, 30.460657890156398 ], [ 74.665787531513431, 30.460657890156398 ], [ 74.665787531513431, 30.460568058958199 ], [ 74.665967193909836, 30.460568058958199 ], [ 74.665967193909836, 30.460657890156398 ], [ 74.666057025108032, 30.460657890156398 ], [ 74.666057025108032, 30.460747721354597 ], [ 74.666146856306227, 30.460747721354597 ], [ 74.666146856306227, 30.460837552552796 ], [ 74.666236687504437, 30.460837552552796 ], [ 74.666236687504437, 30.461017214949198 ], [ 74.666146856306227, 30.461017214949198 ], [ 74.666146856306227, 30.461825695732998 ], [ 74.667404493081037, 30.461825695732998 ], [ 74.667404493081037, 30.461646033336599 ], [ 74.667584155477428, 30.461646033336599 ], [ 74.667584155477428, 30.462903670111398 ], [ 74.667763817873833, 30.462903670111398 ], [ 74.667763817873833, 30.463442657300597 ], [ 74.667853649072029, 30.463442657300597 ], [ 74.667853649072029, 30.463532488498799 ], [ 74.667763817873833, 30.463532488498799 ], [ 74.667763817873833, 30.463801982093397 ], [ 74.667673986675624, 30.463801982093397 ], [ 74.667673986675624, 30.463712150895198 ], [ 74.666057025108032, 30.463712150895198 ], [ 74.666057025108032, 30.463891813291596 ], [ 74.666146856306227, 30.463891813291596 ], [ 74.666146856306227, 30.464251138084396 ], [ 74.667404493081037, 30.464251138084396 ], [ 74.667404493081037, 30.463981644489799 ], [ 74.667943480270225, 30.463981644489799 ], [ 74.667943480270225, 30.463891813291596 ], [ 74.66812314266663, 30.463891813291596 ], [ 74.66812314266663, 30.463981644489799 ], [ 74.668751961054028, 30.463981644489799 ], [ 74.668751961054028, 30.463891813291596 ], [ 74.668841792252223, 30.463891813291596 ], [ 74.668841792252223, 30.463442657300597 ], [ 74.668751961054028, 30.463442657300597 ], [ 74.668751961054028, 30.463352826102398 ], [ 74.668841792252223, 30.463352826102398 ], [ 74.668841792252223, 30.462903670111398 ], [ 74.668751961054028, 30.462903670111398 ], [ 74.668751961054028, 30.462634176516797 ], [ 74.668841792252223, 30.462634176516797 ], [ 74.668841792252223, 30.462364682922196 ], [ 74.668751961054028, 30.462364682922196 ], [ 74.668751961054028, 30.462095189327599 ], [ 74.668482467459427, 30.462095189327599 ], [ 74.668482467459427, 30.462005358129399 ], [ 74.668751961054028, 30.462005358129399 ], [ 74.668751961054028, 30.461646033336599 ], [ 74.668841792252223, 30.461646033336599 ], [ 74.668841792252223, 30.461735864534798 ], [ 74.668931623450433, 30.461735864534798 ], [ 74.668931623450433, 30.462274851723997 ], [ 74.669021454648629, 30.462274851723997 ], [ 74.669021454648629, 30.462364682922196 ], [ 74.668931623450433, 30.462364682922196 ], [ 74.668931623450433, 30.464071475687998 ], [ 74.669111285846824, 30.464071475687998 ], [ 74.669111285846824, 30.463981644489799 ], [ 74.66929094824323, 30.463981644489799 ], [ 74.66929094824323, 30.463891813291596 ], [ 74.669470610639635, 30.463891813291596 ], [ 74.669470610639635, 30.463801982093397 ], [ 74.669560441837831, 30.463801982093397 ], [ 74.669560441837831, 30.463712150895198 ], [ 74.669740104234236, 30.463712150895198 ], [ 74.669740104234236, 30.463622319696999 ], [ 74.669919766630628, 30.463622319696999 ], [ 74.669919766630628, 30.463532488498799 ], [ 74.670099429027033, 30.463532488498799 ], [ 74.670099429027033, 30.463442657300597 ], [ 74.670189260225229, 30.463442657300597 ], [ 74.670189260225229, 30.463262994904198 ], [ 74.670099429027033, 30.463262994904198 ], [ 74.670099429027033, 30.463173163705999 ], [ 74.669919766630628, 30.463173163705999 ], [ 74.669919766630628, 30.463083332507797 ], [ 74.669829935432432, 30.463083332507797 ], [ 74.669829935432432, 30.462993501309597 ], [ 74.669740104234236, 30.462993501309597 ], [ 74.669740104234236, 30.462903670111398 ], [ 74.669560441837831, 30.462903670111398 ], [ 74.669560441837831, 30.462724007714996 ], [ 74.669650273036027, 30.462724007714996 ], [ 74.669650273036027, 30.462813838913199 ], [ 74.669740104234236, 30.462813838913199 ], [ 74.669740104234236, 30.462724007714996 ], [ 74.669829935432432, 30.462724007714996 ], [ 74.669829935432432, 30.462634176516797 ], [ 74.669919766630628, 30.462634176516797 ], [ 74.669919766630628, 30.462544345318598 ], [ 74.670009597828823, 30.462544345318598 ], [ 74.670009597828823, 30.462454514120399 ], [ 74.670189260225229, 30.462454514120399 ], [ 74.670189260225229, 30.462364682922196 ], [ 74.670279091423424, 30.462364682922196 ], [ 74.670279091423424, 30.462274851723997 ], [ 74.670368922621634, 30.462274851723997 ], [ 74.670368922621634, 30.461825695732998 ], [ 74.670279091423424, 30.461825695732998 ], [ 74.670279091423424, 30.461466370940197 ], [ 74.670189260225229, 30.461466370940197 ], [ 74.670189260225229, 30.461376539741998 ], [ 74.668931623450433, 30.461376539741998 ], [ 74.668931623450433, 30.461466370940197 ], [ 74.668751961054028, 30.461466370940197 ], [ 74.668751961054028, 30.461376539741998 ], [ 74.667673986675624, 30.461376539741998 ], [ 74.667673986675624, 30.461466370940197 ], [ 74.667045168288226, 30.461466370940197 ], [ 74.667045168288226, 30.461376539741998 ], [ 74.66695533709003, 30.461376539741998 ], [ 74.66695533709003, 30.461466370940197 ], [ 74.666865505891835, 30.461466370940197 ], [ 74.666865505891835, 30.461376539741998 ], [ 74.666775674693625, 30.461376539741998 ], [ 74.666775674693625, 30.461196877345596 ], [ 74.666685843495429, 30.461196877345596 ], [ 74.666685843495429, 30.461107046147397 ], [ 74.666506181099024, 30.461107046147397 ], [ 74.666506181099024, 30.461017214949198 ], [ 74.666775674693625, 30.461017214949198 ] ], [ [ 74.668212973864826, 30.462005358129399 ], [ 74.668212973864826, 30.461915526931197 ], [ 74.668482467459427, 30.461915526931197 ], [ 74.668482467459427, 30.462005358129399 ], [ 74.668212973864826, 30.462005358129399 ] ], [ [ 74.669470610639635, 30.462724007714996 ], [ 74.669470610639635, 30.462634176516797 ], [ 74.669560441837831, 30.462634176516797 ], [ 74.669560441837831, 30.462724007714996 ], [ 74.669470610639635, 30.462724007714996 ] ], [ [ 74.669380779441425, 30.462634176516797 ], [ 74.669380779441425, 30.462544345318598 ], [ 74.669470610639635, 30.462544345318598 ], [ 74.669470610639635, 30.462634176516797 ], [ 74.669380779441425, 30.462634176516797 ] ], [ [ 74.666326518702633, 30.461017214949198 ], [ 74.666326518702633, 30.460927383750999 ], [ 74.666506181099024, 30.460927383750999 ], [ 74.666506181099024, 30.461017214949198 ], [ 74.666326518702633, 30.461017214949198 ] ], [ [ 74.667943480270225, 30.463442657300597 ], [ 74.668212973864826, 30.463442657300597 ], [ 74.668212973864826, 30.463532488498799 ], [ 74.667943480270225, 30.463532488498799 ], [ 74.667943480270225, 30.463442657300597 ] ], [ [ 74.668033311468434, 30.461825695732998 ], [ 74.66812314266663, 30.461825695732998 ], [ 74.66812314266663, 30.461915526931197 ], [ 74.668033311468434, 30.461915526931197 ], [ 74.668033311468434, 30.461825695732998 ] ] ] } },
{ "type": "Feature", "properties": { "source_field_id": "6187179", "source_area_m2": 100615.77, "confidence": null, "determination_datetime": "2024-01-01T05:30:00+05:30", "determination_method": "auto-imagery", "xmin": 74.46654193390583, "ymin": 30.535397447058799, "xmax": 74.471302987410425, "ymax": 30.538182214202997, "area_m2": 100541.72494116804, "area_ha": 10.054172494116804, "field_id": "FTW-IN-PB-6187179", "boundary_source": "FIELDS_OF_THE_WORLD_GLOBAL_PRUE_2024_2025", "boundary_type": "RESEARCH_FIELD_BOUNDARY", "research_boundary_disclaimer": "Model-derived remote-sensing field unit; not a cadastral or ownership boundary.", "source_provider": "Fields of The World / Source Cooperative", "source_dataset": "Global Fields of The World, Punjab partition", "source_url": "https://data.source.coop/ftw/global-data/predictions/vectors/alpha/results-by-admin-conf/admin:country_code=IN/IN_PB.parquet", "real_or_synthetic": "REAL", "centroid_lon": 74.469283774141019, "centroid_lat": 30.5367328044887, "data_status": "REAL_SATELLITE_OBSERVATIONS", "ground_truth_status": "NO_GROUND_TRUTH_WEAK_PROXY_LABELS_ONLY", "demo_rank": 80, "demo_category": "OTHER", "demo_score": 8.0, "cropland_fraction": 1.0 }, "geometry": { "type": "Polygon", "coordinates": [ [ [ 74.468967376257226, 30.538182214202997 ], [ 74.468967376257226, 30.538092383004798 ], [ 74.469326701050022, 30.538092383004798 ], [ 74.469326701050022, 30.538182214202997 ], [ 74.469686025842833, 30.538182214202997 ], [ 74.469686025842833, 30.538092383004798 ], [ 74.469775857041029, 30.538092383004798 ], [ 74.469775857041029, 30.538182214202997 ], [ 74.47004535063563, 30.538182214202997 ], [ 74.47004535063563, 30.538092383004798 ], [ 74.471213156212229, 30.538092383004798 ], [ 74.471213156212229, 30.536834746229999 ], [ 74.471302987410425, 30.536834746229999 ], [ 74.471302987410425, 30.536565252635398 ], [ 74.471213156212229, 30.536565252635398 ], [ 74.471213156212229, 30.536475421437199 ], [ 74.471302987410425, 30.536475421437199 ], [ 74.471302987410425, 30.536205927842598 ], [ 74.471213156212229, 30.536205927842598 ], [ 74.471213156212229, 30.536116096644399 ], [ 74.471302987410425, 30.536116096644399 ], [ 74.471302987410425, 30.535577109455197 ], [ 74.471123325014034, 30.535577109455197 ], [ 74.471123325014034, 30.535487278256998 ], [ 74.470404675428426, 30.535487278256998 ], [ 74.470404675428426, 30.535577109455197 ], [ 74.469865688239224, 30.535577109455197 ], [ 74.469865688239224, 30.535487278256998 ], [ 74.468338557869828, 30.535487278256998 ], [ 74.468338557869828, 30.535397447058799 ], [ 74.468158895473422, 30.535397447058799 ], [ 74.468158895473422, 30.535487278256998 ], [ 74.467260583491424, 30.535487278256998 ], [ 74.467260583491424, 30.535577109455197 ], [ 74.467170752293228, 30.535577109455197 ], [ 74.467170752293228, 30.535936434247997 ], [ 74.467080921095032, 30.535936434247997 ], [ 74.467080921095032, 30.5356669406534 ], [ 74.466991089896823, 30.5356669406534 ], [ 74.466991089896823, 30.535397447058799 ], [ 74.466811427500431, 30.535397447058799 ], [ 74.466811427500431, 30.535487278256998 ], [ 74.466631765104026, 30.535487278256998 ], [ 74.466631765104026, 30.535577109455197 ], [ 74.466901258698627, 30.535577109455197 ], [ 74.466901258698627, 30.5356669406534 ], [ 74.46654193390583, 30.5356669406534 ], [ 74.46654193390583, 30.536295759040797 ], [ 74.466631765104026, 30.536295759040797 ], [ 74.466631765104026, 30.536385590238996 ], [ 74.467260583491424, 30.536385590238996 ], [ 74.467260583491424, 30.536475421437199 ], [ 74.467799570680626, 30.536475421437199 ], [ 74.467799570680626, 30.536385590238996 ], [ 74.467979233077031, 30.536385590238996 ], [ 74.467979233077031, 30.536475421437199 ], [ 74.468428389068023, 30.536475421437199 ], [ 74.468428389068023, 30.536385590238996 ], [ 74.468518220266233, 30.536385590238996 ], [ 74.468518220266233, 30.535577109455197 ], [ 74.468608051464429, 30.535577109455197 ], [ 74.468608051464429, 30.536475421437199 ], [ 74.470314844230231, 30.536475421437199 ], [ 74.470314844230231, 30.536026265446196 ], [ 74.470225013032035, 30.536026265446196 ], [ 74.470225013032035, 30.535846603049798 ], [ 74.470404675428426, 30.535846603049798 ], [ 74.470404675428426, 30.536385590238996 ], [ 74.470494506626622, 30.536385590238996 ], [ 74.470494506626622, 30.536475421437199 ], [ 74.470674169023027, 30.536475421437199 ], [ 74.470674169023027, 30.536565252635398 ], [ 74.470494506626622, 30.536565252635398 ], [ 74.470494506626622, 30.536655083833598 ], [ 74.470135181833825, 30.536655083833598 ], [ 74.470135181833825, 30.536565252635398 ], [ 74.47004535063563, 30.536565252635398 ], [ 74.47004535063563, 30.536655083833598 ], [ 74.469686025842833, 30.536655083833598 ], [ 74.469686025842833, 30.536565252635398 ], [ 74.469416532248232, 30.536565252635398 ], [ 74.469416532248232, 30.536655083833598 ], [ 74.468967376257226, 30.536655083833598 ], [ 74.468967376257226, 30.536565252635398 ], [ 74.468608051464429, 30.536565252635398 ], [ 74.468608051464429, 30.536655083833598 ], [ 74.468428389068023, 30.536655083833598 ], [ 74.468428389068023, 30.536565252635398 ], [ 74.467979233077031, 30.536565252635398 ], [ 74.467979233077031, 30.536834746229999 ], [ 74.467889401878836, 30.536834746229999 ], [ 74.467889401878836, 30.538182214202997 ], [ 74.468967376257226, 30.538182214202997 ] ] ] } },
{ "type": "Feature", "properties": { "source_field_id": "6188354", "source_area_m2": 113965.63, "confidence": null, "determination_datetime": "2024-01-01T05:30:00+05:30", "determination_method": "auto-imagery", "xmin": 74.527537317483635, "ymin": 30.496680200634597, "xmax": 74.531669552600832, "ymax": 30.502429397319396, "area_m2": 113880.21049753674, "area_ha": 11.388021049753673, "field_id": "FTW-IN-PB-6188354", "boundary_source": "FIELDS_OF_THE_WORLD_GLOBAL_PRUE_2024_2025", "boundary_type": "RESEARCH_FIELD_BOUNDARY", "research_boundary_disclaimer": "Model-derived remote-sensing field unit; not a cadastral or ownership boundary.", "source_provider": "Fields of The World / Source Cooperative", "source_dataset": "Global Fields of The World, Punjab partition", "source_url": "https://data.source.coop/ftw/global-data/predictions/vectors/alpha/results-by-admin-conf/admin:country_code=IN/IN_PB.parquet", "real_or_synthetic": "REAL", "centroid_lon": 74.529312925270901, "centroid_lat": 30.499171052598879, "data_status": "REAL_SATELLITE_OBSERVATIONS", "ground_truth_status": "NO_GROUND_TRUTH_WEAK_PROXY_LABELS_ONLY", "demo_rank": 81, "demo_category": "OTHER", "demo_score": 8.0, "cropland_fraction": 1.0 }, "geometry": { "type": "Polygon", "coordinates": [ [ [ 74.530232253429631, 30.502429397319396 ], [ 74.530232253429631, 30.499824292571599 ], [ 74.52996275983503, 30.499824292571599 ], [ 74.52996275983503, 30.499734461373396 ], [ 74.530232253429631, 30.499734461373396 ], [ 74.530232253429631, 30.499644630175197 ], [ 74.530322084627826, 30.499644630175197 ], [ 74.530322084627826, 30.499105642985999 ], [ 74.530232253429631, 30.499105642985999 ], [ 74.530232253429631, 30.498297162202199 ], [ 74.52996275983503, 30.498297162202199 ], [ 74.52996275983503, 30.498207331003997 ], [ 74.530142422231435, 30.498207331003997 ], [ 74.530142422231435, 30.498117499805797 ], [ 74.530232253429631, 30.498117499805797 ], [ 74.530232253429631, 30.498027668607598 ], [ 74.530322084627826, 30.498027668607598 ], [ 74.530322084627826, 30.497848006211196 ], [ 74.530411915826022, 30.497848006211196 ], [ 74.530411915826022, 30.498117499805797 ], [ 74.531579721402622, 30.498117499805797 ], [ 74.531579721402622, 30.497848006211196 ], [ 74.531669552600832, 30.497848006211196 ], [ 74.531669552600832, 30.497758175012997 ], [ 74.531579721402622, 30.497758175012997 ], [ 74.531579721402622, 30.497219187823799 ], [ 74.531489890204426, 30.497219187823799 ], [ 74.531489890204426, 30.497129356625599 ], [ 74.530771240618833, 30.497129356625599 ], [ 74.530771240618833, 30.497219187823799 ], [ 74.530681409420623, 30.497219187823799 ], [ 74.530681409420623, 30.497129356625599 ], [ 74.530501747024232, 30.497129356625599 ], [ 74.530501747024232, 30.497219187823799 ], [ 74.529423772645828, 30.497219187823799 ], [ 74.529423772645828, 30.498117499805797 ], [ 74.529333941447632, 30.498117499805797 ], [ 74.529333941447632, 30.499644630175197 ], [ 74.529423772645828, 30.499644630175197 ], [ 74.529423772645828, 30.499734461373396 ], [ 74.529603435042233, 30.499734461373396 ], [ 74.529603435042233, 30.499914123769798 ], [ 74.529513603844023, 30.499914123769798 ], [ 74.529513603844023, 30.499824292571599 ], [ 74.529333941447632, 30.499824292571599 ], [ 74.529333941447632, 30.499734461373396 ], [ 74.529244110249422, 30.499734461373396 ], [ 74.529244110249422, 30.499644630175197 ], [ 74.529154279051227, 30.499644630175197 ], [ 74.529154279051227, 30.499375136580596 ], [ 74.529064447853031, 30.499375136580596 ], [ 74.529064447853031, 30.499285305382397 ], [ 74.528974616654835, 30.499285305382397 ], [ 74.528974616654835, 30.499195474184198 ], [ 74.529064447853031, 30.499195474184198 ], [ 74.529064447853031, 30.499105642985999 ], [ 74.529154279051227, 30.499105642985999 ], [ 74.529154279051227, 30.498027668607598 ], [ 74.529244110249422, 30.498027668607598 ], [ 74.529244110249422, 30.497668343814798 ], [ 74.529333941447632, 30.497668343814798 ], [ 74.529333941447632, 30.497309019021998 ], [ 74.529244110249422, 30.497309019021998 ], [ 74.529244110249422, 30.497039525427397 ], [ 74.528345798267424, 30.497039525427397 ], [ 74.528345798267424, 30.496680200634597 ], [ 74.528076304672823, 30.496680200634597 ], [ 74.528076304672823, 30.496770031832799 ], [ 74.527986473474627, 30.496770031832799 ], [ 74.527986473474627, 30.496859863030998 ], [ 74.527896642276431, 30.496859863030998 ], [ 74.527896642276431, 30.496949694229198 ], [ 74.527716979880026, 30.496949694229198 ], [ 74.527716979880026, 30.497039525427397 ], [ 74.52762714868183, 30.497039525427397 ], [ 74.52762714868183, 30.497219187823799 ], [ 74.527537317483635, 30.497219187823799 ], [ 74.527537317483635, 30.497488681418396 ], [ 74.52762714868183, 30.497488681418396 ], [ 74.52762714868183, 30.498117499805797 ], [ 74.527716979880026, 30.498117499805797 ], [ 74.527716979880026, 30.498207331003997 ], [ 74.528166135871032, 30.498207331003997 ], [ 74.528166135871032, 30.498117499805797 ], [ 74.528255967069228, 30.498117499805797 ], [ 74.528255967069228, 30.497309019021998 ], [ 74.528345798267424, 30.497309019021998 ], [ 74.528345798267424, 30.498207331003997 ], [ 74.528435629465633, 30.498207331003997 ], [ 74.528435629465633, 30.498297162202199 ], [ 74.528345798267424, 30.498297162202199 ], [ 74.528345798267424, 30.498476824598598 ], [ 74.528435629465633, 30.498476824598598 ], [ 74.528435629465633, 30.499914123769798 ], [ 74.528345798267424, 30.499914123769798 ], [ 74.528345798267424, 30.500183617364399 ], [ 74.528435629465633, 30.500183617364399 ], [ 74.528435629465633, 30.500273448562599 ], [ 74.529154279051227, 30.500273448562599 ], [ 74.529154279051227, 30.500363279760798 ], [ 74.52762714868183, 30.500363279760798 ], [ 74.52762714868183, 30.500453110958997 ], [ 74.527537317483635, 30.500453110958997 ], [ 74.527537317483635, 30.501351422940999 ], [ 74.529603435042233, 30.501351422940999 ], [ 74.529603435042233, 30.501261591742796 ], [ 74.529693266240429, 30.501261591742796 ], [ 74.529693266240429, 30.501081929346398 ], [ 74.529783097438624, 30.501081929346398 ], [ 74.529783097438624, 30.501531085337398 ], [ 74.529693266240429, 30.501531085337398 ], [ 74.529693266240429, 30.502429397319396 ], [ 74.530232253429631, 30.502429397319396 ] ], [ [ 74.529783097438624, 30.500183617364399 ], [ 74.529783097438624, 30.500453110958997 ], [ 74.529693266240429, 30.500453110958997 ], [ 74.529693266240429, 30.500183617364399 ], [ 74.529783097438624, 30.500183617364399 ] ], [ [ 74.529603435042233, 30.500183617364399 ], [ 74.529603435042233, 30.500003954967998 ], [ 74.529693266240429, 30.500003954967998 ], [ 74.529693266240429, 30.500183617364399 ], [ 74.529603435042233, 30.500183617364399 ] ] ] } },
{ "type": "Feature", "properties": { "source_field_id": "6192057", "source_area_m2": 144938.52, "confidence": null, "determination_datetime": "2024-01-01T05:30:00+05:30", "determination_method": "auto-imagery", "xmin": 74.461331724410229, "ymin": 30.576270642239798, "xmax": 74.466092777914824, "ymax": 30.581570682933599, "area_m2": 144832.04494567256, "area_ha": 14.483204494567255, "field_id": "FTW-IN-PB-6192057", "boundary_source": "FIELDS_OF_THE_WORLD_GLOBAL_PRUE_2024_2025", "boundary_type": "RESEARCH_FIELD_BOUNDARY", "research_boundary_disclaimer": "Model-derived remote-sensing field unit; not a cadastral or ownership boundary.", "source_provider": "Fields of The World / Source Cooperative", "source_dataset": "Global Fields of The World, Punjab partition", "source_url": "https://data.source.coop/ftw/global-data/predictions/vectors/alpha/results-by-admin-conf/admin:country_code=IN/IN_PB.parquet", "real_or_synthetic": "REAL", "centroid_lon": 74.463680839735829, "centroid_lat": 30.578687322329916, "data_status": "REAL_SATELLITE_OBSERVATIONS", "ground_truth_status": "NO_GROUND_TRUTH_WEAK_PROXY_LABELS_ONLY", "demo_rank": 82, "demo_category": "OTHER", "demo_score": 8.0, "cropland_fraction": 1.0 }, "geometry": { "type": "Polygon", "coordinates": [ [ [ 74.463218179572422, 30.581570682933599 ], [ 74.463218179572422, 30.5814808517354 ], [ 74.463397841968828, 30.5814808517354 ], [ 74.463397841968828, 30.581301189338998 ], [ 74.463487673167023, 30.581301189338998 ], [ 74.463487673167023, 30.581121526942599 ], [ 74.463397841968828, 30.581121526942599 ], [ 74.463397841968828, 30.580402877356999 ], [ 74.463308010770632, 30.580402877356999 ], [ 74.463308010770632, 30.580313046158796 ], [ 74.463397841968828, 30.580313046158796 ], [ 74.463397841968828, 30.580223214960597 ], [ 74.463487673167023, 30.580223214960597 ], [ 74.463487673167023, 30.579774058969598 ], [ 74.463757166761624, 30.579774058969598 ], [ 74.463757166761624, 30.579863890167797 ], [ 74.465913115518433, 30.579863890167797 ], [ 74.465913115518433, 30.579504565374997 ], [ 74.464745309941833, 30.579504565374997 ], [ 74.464745309941833, 30.579594396573199 ], [ 74.463218179572422, 30.579594396573199 ], [ 74.463218179572422, 30.579504565374997 ], [ 74.463487673167023, 30.579504565374997 ], [ 74.463487673167023, 30.579414734176797 ], [ 74.463667335563429, 30.579414734176797 ], [ 74.463667335563429, 30.579504565374997 ], [ 74.46393682915803, 30.579504565374997 ], [ 74.46393682915803, 30.579414734176797 ], [ 74.464655478743623, 30.579414734176797 ], [ 74.464655478743623, 30.578965578185798 ], [ 74.464385985149022, 30.578965578185798 ], [ 74.464385985149022, 30.578875746987599 ], [ 74.464475816347232, 30.578875746987599 ], [ 74.464475816347232, 30.578785915789396 ], [ 74.464565647545427, 30.578785915789396 ], [ 74.464565647545427, 30.578696084591197 ], [ 74.464655478743623, 30.578696084591197 ], [ 74.464655478743623, 30.578516422194799 ], [ 74.464565647545427, 30.578516422194799 ], [ 74.464565647545427, 30.5784265909966 ], [ 74.464475816347232, 30.5784265909966 ], [ 74.464475816347232, 30.578336759798397 ], [ 74.464565647545427, 30.578336759798397 ], [ 74.464565647545427, 30.578246928600198 ], [ 74.464745309941833, 30.578246928600198 ], [ 74.464745309941833, 30.578336759798397 ], [ 74.465374128329231, 30.578336759798397 ], [ 74.465374128329231, 30.5784265909966 ], [ 74.464745309941833, 30.5784265909966 ], [ 74.464745309941833, 30.578785915789396 ], [ 74.466002946716628, 30.578785915789396 ], [ 74.466002946716628, 30.578696084591197 ], [ 74.466092777914824, 30.578696084591197 ], [ 74.466092777914824, 30.578516422194799 ], [ 74.466002946716628, 30.578516422194799 ], [ 74.466002946716628, 30.578336759798397 ], [ 74.466092777914824, 30.578336759798397 ], [ 74.466092777914824, 30.578157097401998 ], [ 74.466002946716628, 30.578157097401998 ], [ 74.466002946716628, 30.578067266203799 ], [ 74.465643621923832, 30.578067266203799 ], [ 74.465643621923832, 30.577707941410999 ], [ 74.465553790725622, 30.577707941410999 ], [ 74.465553790725622, 30.577618110212796 ], [ 74.465823284320223, 30.577618110212796 ], [ 74.465823284320223, 30.577707941410999 ], [ 74.466002946716628, 30.577707941410999 ], [ 74.466002946716628, 30.577618110212796 ], [ 74.466092777914824, 30.577618110212796 ], [ 74.466092777914824, 30.577258785419996 ], [ 74.466002946716628, 30.577258785419996 ], [ 74.466002946716628, 30.577079123023598 ], [ 74.466092777914824, 30.577079123023598 ], [ 74.466092777914824, 30.576360473437997 ], [ 74.466002946716628, 30.576360473437997 ], [ 74.466002946716628, 30.576270642239798 ], [ 74.464116491554435, 30.576270642239798 ], [ 74.464116491554435, 30.576360473437997 ], [ 74.464026660356225, 30.576360473437997 ], [ 74.464026660356225, 30.576540135834399 ], [ 74.464116491554435, 30.576540135834399 ], [ 74.464116491554435, 30.576719798230798 ], [ 74.464026660356225, 30.576719798230798 ], [ 74.464026660356225, 30.577258785419996 ], [ 74.46393682915803, 30.577258785419996 ], [ 74.46393682915803, 30.577079123023598 ], [ 74.463846997959834, 30.577079123023598 ], [ 74.463846997959834, 30.576989291825399 ], [ 74.46393682915803, 30.576989291825399 ], [ 74.46393682915803, 30.576629967032599 ], [ 74.463846997959834, 30.576629967032599 ], [ 74.463846997959834, 30.576540135834399 ], [ 74.46393682915803, 30.576540135834399 ], [ 74.46393682915803, 30.576270642239798 ], [ 74.462679192383234, 30.576270642239798 ], [ 74.462679192383234, 30.5768994606272 ], [ 74.463128348374227, 30.5768994606272 ], [ 74.463128348374227, 30.576989291825399 ], [ 74.463218179572422, 30.576989291825399 ], [ 74.463218179572422, 30.5768994606272 ], [ 74.463308010770632, 30.5768994606272 ], [ 74.463308010770632, 30.576629967032599 ], [ 74.463218179572422, 30.576629967032599 ], [ 74.463218179572422, 30.576540135834399 ], [ 74.463397841968828, 30.576540135834399 ], [ 74.463397841968828, 30.576989291825399 ], [ 74.463487673167023, 30.576989291825399 ], [ 74.463487673167023, 30.577079123023598 ], [ 74.462679192383234, 30.577079123023598 ], [ 74.462679192383234, 30.577797772609198 ], [ 74.463218179572422, 30.577797772609198 ], [ 74.463218179572422, 30.577707941410999 ], [ 74.464206322752631, 30.577707941410999 ], [ 74.464206322752631, 30.577797772609198 ], [ 74.464565647545427, 30.577797772609198 ], [ 74.464565647545427, 30.577707941410999 ], [ 74.464655478743623, 30.577707941410999 ], [ 74.464655478743623, 30.577079123023598 ], [ 74.464565647545427, 30.577079123023598 ], [ 74.464565647545427, 30.576719798230798 ], [ 74.464475816347232, 30.576719798230798 ], [ 74.464475816347232, 30.576629967032599 ], [ 74.464745309941833, 30.576629967032599 ], [ 74.464745309941833, 30.576719798230798 ], [ 74.464655478743623, 30.576719798230798 ], [ 74.464655478743623, 30.576989291825399 ], [ 74.464745309941833, 30.576989291825399 ], [ 74.464745309941833, 30.577797772609198 ], [ 74.465014803536434, 30.577797772609198 ], [ 74.465014803536434, 30.577887603807397 ], [ 74.464745309941833, 30.577887603807397 ], [ 74.464745309941833, 30.577977435005597 ], [ 74.464655478743623, 30.577977435005597 ], [ 74.464655478743623, 30.577887603807397 ], [ 74.46276902358143, 30.577887603807397 ], [ 74.46276902358143, 30.577977435005597 ], [ 74.462679192383234, 30.577977435005597 ], [ 74.462679192383234, 30.578875746987599 ], [ 74.463128348374227, 30.578875746987599 ], [ 74.463128348374227, 30.578785915789396 ], [ 74.463218179572422, 30.578785915789396 ], [ 74.463218179572422, 30.578875746987599 ], [ 74.463308010770632, 30.578875746987599 ], [ 74.463308010770632, 30.578965578185798 ], [ 74.462679192383234, 30.578965578185798 ], [ 74.462679192383234, 30.579504565374997 ], [ 74.46276902358143, 30.579504565374997 ], [ 74.46276902358143, 30.580223214960597 ], [ 74.462858854779626, 30.580223214960597 ], [ 74.462858854779626, 30.580402877356999 ], [ 74.462679192383234, 30.580402877356999 ], [ 74.462679192383234, 30.579953721366 ], [ 74.462589361185024, 30.579953721366 ], [ 74.462589361185024, 30.579414734176797 ], [ 74.462499529986829, 30.579414734176797 ], [ 74.462499529986829, 30.579324902978598 ], [ 74.462140205194032, 30.579324902978598 ], [ 74.462140205194032, 30.579235071780399 ], [ 74.462499529986829, 30.579235071780399 ], [ 74.462499529986829, 30.579145240582196 ], [ 74.462589361185024, 30.579145240582196 ], [ 74.462589361185024, 30.579055409383997 ], [ 74.462499529986829, 30.579055409383997 ], [ 74.462499529986829, 30.578965578185798 ], [ 74.461331724410229, 30.578965578185798 ], [ 74.461331724410229, 30.579235071780399 ], [ 74.461511386806635, 30.579235071780399 ], [ 74.461511386806635, 30.579324902978598 ], [ 74.461331724410229, 30.579324902978598 ], [ 74.461331724410229, 30.581031695744397 ], [ 74.461511386806635, 30.581031695744397 ], [ 74.461511386806635, 30.581121526942599 ], [ 74.46160121800483, 30.581121526942599 ], [ 74.46160121800483, 30.581211358140798 ], [ 74.461691049203026, 30.581211358140798 ], [ 74.461691049203026, 30.581301189338998 ], [ 74.461780880401221, 30.581301189338998 ], [ 74.461780880401221, 30.581391020537197 ], [ 74.461960542797627, 30.581391020537197 ], [ 74.461960542797627, 30.5814808517354 ], [ 74.462050373995822, 30.5814808517354 ], [ 74.462050373995822, 30.581570682933599 ], [ 74.463218179572422, 30.581570682933599 ] ], [ [ 74.462050373995822, 30.581031695744397 ], [ 74.462140205194032, 30.581031695744397 ], [ 74.462140205194032, 30.580941864546197 ], [ 74.462230036392228, 30.580941864546197 ], [ 74.462230036392228, 30.581121526942599 ], [ 74.462050373995822, 30.581121526942599 ], [ 74.462050373995822, 30.581031695744397 ] ], [ [ 74.462140205194032, 30.580492708555198 ], [ 74.461780880401221, 30.580492708555198 ], [ 74.461780880401221, 30.580402877356999 ], [ 74.461870711599431, 30.580402877356999 ], [ 74.461870711599431, 30.580313046158796 ], [ 74.461960542797627, 30.580313046158796 ], [ 74.461960542797627, 30.580402877356999 ], [ 74.462319867590423, 30.580402877356999 ], [ 74.462319867590423, 30.580582539753397 ], [ 74.462140205194032, 30.580582539753397 ], [ 74.462140205194032, 30.580492708555198 ] ], [ [ 74.462679192383234, 30.580492708555198 ], [ 74.462858854779626, 30.580492708555198 ], [ 74.462858854779626, 30.580582539753397 ], [ 74.462679192383234, 30.580582539753397 ], [ 74.462679192383234, 30.580492708555198 ] ], [ [ 74.462140205194032, 30.579774058969598 ], [ 74.462230036392228, 30.579774058969598 ], [ 74.462230036392228, 30.579863890167797 ], [ 74.462140205194032, 30.579863890167797 ], [ 74.462140205194032, 30.579774058969598 ] ], [ [ 74.461691049203026, 30.579235071780399 ], [ 74.461870711599431, 30.579235071780399 ], [ 74.461870711599431, 30.579324902978598 ], [ 74.461691049203026, 30.579324902978598 ], [ 74.461691049203026, 30.579235071780399 ] ], [ [ 74.463846997959834, 30.578875746987599 ], [ 74.464026660356225, 30.578875746987599 ], [ 74.464026660356225, 30.578785915789396 ], [ 74.464206322752631, 30.578785915789396 ], [ 74.464206322752631, 30.578875746987599 ], [ 74.464296153950826, 30.578875746987599 ], [ 74.464296153950826, 30.578965578185798 ], [ 74.463846997959834, 30.578965578185798 ], [ 74.463846997959834, 30.578875746987599 ] ], [ [ 74.463128348374227, 30.578336759798397 ], [ 74.463218179572422, 30.578336759798397 ], [ 74.463218179572422, 30.5784265909966 ], [ 74.463128348374227, 30.5784265909966 ], [ 74.463128348374227, 30.578336759798397 ] ], [ [ 74.464026660356225, 30.578336759798397 ], [ 74.464206322752631, 30.578336759798397 ], [ 74.464206322752631, 30.5784265909966 ], [ 74.464026660356225, 30.5784265909966 ], [ 74.464026660356225, 30.578336759798397 ] ], [ [ 74.465284297131035, 30.577528279014597 ], [ 74.465374128329231, 30.577528279014597 ], [ 74.465374128329231, 30.576989291825399 ], [ 74.465463959527426, 30.576989291825399 ], [ 74.465463959527426, 30.577618110212796 ], [ 74.465284297131035, 30.577618110212796 ], [ 74.465284297131035, 30.577528279014597 ] ], [ [ 74.465104634734629, 30.576629967032599 ], [ 74.465374128329231, 30.576629967032599 ], [ 74.465374128329231, 30.576719798230798 ], [ 74.465104634734629, 30.576719798230798 ], [ 74.465104634734629, 30.576629967032599 ] ] ] } },
{ "type": "Feature", "properties": { "source_field_id": "6192179", "source_area_m2": 125979.19, "confidence": null, "determination_datetime": "2024-01-01T05:30:00+05:30", "determination_method": "auto-imagery", "xmin": 74.465104634734629, "ymin": 30.571868913527997, "xmax": 74.47004535063563, "ymax": 30.576180811041599, "area_m2": 125886.54261512919, "area_ha": 12.58865426151292, "field_id": "FTW-IN-PB-6192179", "boundary_source": "FIELDS_OF_THE_WORLD_GLOBAL_PRUE_2024_2025", "boundary_type": "RESEARCH_FIELD_BOUNDARY", "research_boundary_disclaimer": "Model-derived remote-sensing field unit; not a cadastral or ownership boundary.", "source_provider": "Fields of The World / Source Cooperative", "source_dataset": "Global Fields of The World, Punjab partition", "source_url": "https://data.source.coop/ftw/global-data/predictions/vectors/alpha/results-by-admin-conf/admin:country_code=IN/IN_PB.parquet", "real_or_synthetic": "REAL", "centroid_lon": 74.4669326373958, "centroid_lat": 30.574499346725933, "data_status": "REAL_SATELLITE_OBSERVATIONS", "ground_truth_status": "NO_GROUND_TRUTH_WEAK_PROXY_LABELS_ONLY", "demo_rank": 83, "demo_category": "OTHER", "demo_score": 8.0, "cropland_fraction": 1.0 }, "geometry": { "type": "Polygon", "coordinates": [ [ [ 74.467440245887829, 30.574563849473996 ], [ 74.467440245887829, 30.574474018275797 ], [ 74.467530077086025, 30.574474018275797 ], [ 74.467530077086025, 30.574294355879399 ], [ 74.467619908284234, 30.574294355879399 ], [ 74.467619908284234, 30.572946887906397 ], [ 74.466811427500431, 30.572946887906397 ], [ 74.466811427500431, 30.572587563113597 ], [ 74.466452102707635, 30.572587563113597 ], [ 74.466452102707635, 30.572497731915398 ], [ 74.466631765104026, 30.572497731915398 ], [ 74.466631765104026, 30.572407900717199 ], [ 74.466721596302222, 30.572407900717199 ], [ 74.466721596302222, 30.572138407122598 ], [ 74.466811427500431, 30.572138407122598 ], [ 74.466811427500431, 30.571958744726199 ], [ 74.466452102707635, 30.571958744726199 ], [ 74.466452102707635, 30.571868913527997 ], [ 74.466272440311229, 30.571868913527997 ], [ 74.466272440311229, 30.571958744726199 ], [ 74.466092777914824, 30.571958744726199 ], [ 74.466092777914824, 30.571868913527997 ], [ 74.465463959527426, 30.571868913527997 ], [ 74.465463959527426, 30.572497731915398 ], [ 74.465374128329231, 30.572497731915398 ], [ 74.465374128329231, 30.572587563113597 ], [ 74.465194465932825, 30.572587563113597 ], [ 74.465194465932825, 30.573216381500998 ], [ 74.465104634734629, 30.573216381500998 ], [ 74.465104634734629, 30.573396043897397 ], [ 74.465194465932825, 30.573396043897397 ], [ 74.465194465932825, 30.573485875095599 ], [ 74.465104634734629, 30.573485875095599 ], [ 74.465104634734629, 30.573755368690197 ], [ 74.465194465932825, 30.573755368690197 ], [ 74.465194465932825, 30.576001148645197 ], [ 74.465284297131035, 30.576001148645197 ], [ 74.465284297131035, 30.576090979843396 ], [ 74.465643621923832, 30.576090979843396 ], [ 74.465643621923832, 30.576180811041599 ], [ 74.466002946716628, 30.576180811041599 ], [ 74.466002946716628, 30.576090979843396 ], [ 74.466092777914824, 30.576090979843396 ], [ 74.466092777914824, 30.575641823852397 ], [ 74.466182609113034, 30.575641823852397 ], [ 74.466182609113034, 30.575282499059597 ], [ 74.466092777914824, 30.575282499059597 ], [ 74.466092777914824, 30.573935031086599 ], [ 74.466272440311229, 30.573935031086599 ], [ 74.466272440311229, 30.574024862284798 ], [ 74.466182609113034, 30.574024862284798 ], [ 74.466182609113034, 30.574294355879399 ], [ 74.466272440311229, 30.574294355879399 ], [ 74.466272440311229, 30.574384187077598 ], [ 74.466182609113034, 30.574384187077598 ], [ 74.466182609113034, 30.575192667861398 ], [ 74.466272440311229, 30.575192667861398 ], [ 74.466272440311229, 30.575911317446998 ], [ 74.466182609113034, 30.575911317446998 ], [ 74.466182609113034, 30.576180811041599 ], [ 74.469147038653631, 30.576180811041599 ], [ 74.469147038653631, 30.576090979843396 ], [ 74.469236869851827, 30.576090979843396 ], [ 74.469236869851827, 30.576001148645197 ], [ 74.469326701050022, 30.576001148645197 ], [ 74.469326701050022, 30.575821486248799 ], [ 74.469416532248232, 30.575821486248799 ], [ 74.469416532248232, 30.575641823852397 ], [ 74.469506363446428, 30.575641823852397 ], [ 74.469506363446428, 30.575551992654198 ], [ 74.469596194644623, 30.575551992654198 ], [ 74.469596194644623, 30.5753723302578 ], [ 74.469686025842833, 30.5753723302578 ], [ 74.469686025842833, 30.575192667861398 ], [ 74.469775857041029, 30.575192667861398 ], [ 74.469775857041029, 30.575102836663199 ], [ 74.469865688239224, 30.575102836663199 ], [ 74.469865688239224, 30.574923174266797 ], [ 74.469955519437434, 30.574923174266797 ], [ 74.469955519437434, 30.574833343068597 ], [ 74.47004535063563, 30.574833343068597 ], [ 74.47004535063563, 30.574653680672199 ], [ 74.467170752293228, 30.574653680672199 ], [ 74.467170752293228, 30.574563849473996 ], [ 74.467440245887829, 30.574563849473996 ] ], [ [ 74.466721596302222, 30.574563849473996 ], [ 74.466721596302222, 30.574653680672199 ], [ 74.46654193390583, 30.574653680672199 ], [ 74.46654193390583, 30.574474018275797 ], [ 74.467170752293228, 30.574474018275797 ], [ 74.467170752293228, 30.574563849473996 ], [ 74.466721596302222, 30.574563849473996 ] ], [ [ 74.466901258698627, 30.573396043897397 ], [ 74.466991089896823, 30.573396043897397 ], [ 74.466991089896823, 30.573665537491998 ], [ 74.466901258698627, 30.573665537491998 ], [ 74.466901258698627, 30.573396043897397 ] ], [ [ 74.466362271509425, 30.573396043897397 ], [ 74.46654193390583, 30.573396043897397 ], [ 74.46654193390583, 30.573485875095599 ], [ 74.466362271509425, 30.573485875095599 ], [ 74.466362271509425, 30.573396043897397 ] ], [ [ 74.466092777914824, 30.572497731915398 ], [ 74.466002946716628, 30.572497731915398 ], [ 74.466002946716628, 30.572407900717199 ], [ 74.466182609113034, 30.572407900717199 ], [ 74.466182609113034, 30.572497731915398 ], [ 74.466272440311229, 30.572497731915398 ], [ 74.466272440311229, 30.572587563113597 ], [ 74.466092777914824, 30.572587563113597 ], [ 74.466092777914824, 30.572497731915398 ] ] ] } },
{ "type": "Feature", "properties": { "source_field_id": "6192287", "source_area_m2": 134051.83, "confidence": null, "determination_datetime": "2024-01-01T05:30:00+05:30", "determination_method": "auto-imagery", "xmin": 74.480196276032231, "ymin": 30.567646847212597, "xmax": 74.484687835942225, "ymax": 30.573396043897397, "area_m2": 133952.76359047648, "area_ha": 13.395276359047648, "field_id": "FTW-IN-PB-6192287", "boundary_source": "FIELDS_OF_THE_WORLD_GLOBAL_PRUE_2024_2025", "boundary_type": "RESEARCH_FIELD_BOUNDARY", "research_boundary_disclaimer": "Model-derived remote-sensing field unit; not a cadastral or ownership boundary.", "source_provider": "Fields of The World / Source Cooperative", "source_dataset": "Global Fields of The World, Punjab partition", "source_url": "https://data.source.coop/ftw/global-data/predictions/vectors/alpha/results-by-admin-conf/admin:country_code=IN/IN_PB.parquet", "real_or_synthetic": "REAL", "centroid_lon": 74.481935283786783, "centroid_lat": 30.57017999192022, "data_status": "REAL_SATELLITE_OBSERVATIONS", "ground_truth_status": "NO_GROUND_TRUTH_WEAK_PROXY_LABELS_ONLY", "demo_rank": 84, "demo_category": "OTHER", "demo_score": 8.0, "cropland_fraction": 0.99567099567099571 }, "geometry": { "type": "Polygon", "coordinates": [ [ [ 74.480555600825028, 30.573396043897397 ], [ 74.480555600825028, 30.573306212699197 ], [ 74.481453912807027, 30.573306212699197 ], [ 74.481453912807027, 30.572587563113597 ], [ 74.481004756816034, 30.572587563113597 ], [ 74.481004756816034, 30.572497731915398 ], [ 74.481364081608831, 30.572497731915398 ], [ 74.481364081608831, 30.572407900717199 ], [ 74.481453912807027, 30.572407900717199 ], [ 74.481453912807027, 30.571868913527997 ], [ 74.481364081608831, 30.571868913527997 ], [ 74.481364081608831, 30.571779082329797 ], [ 74.481453912807027, 30.571779082329797 ], [ 74.481453912807027, 30.571689251131598 ], [ 74.481543744005222, 30.571689251131598 ], [ 74.481543744005222, 30.571779082329797 ], [ 74.481723406401628, 30.571779082329797 ], [ 74.481723406401628, 30.571689251131598 ], [ 74.481813237599823, 30.571689251131598 ], [ 74.481813237599823, 30.5707909391496 ], [ 74.481903068798033, 30.5707909391496 ], [ 74.481903068798033, 30.571329926338798 ], [ 74.483609861563835, 30.571329926338798 ], [ 74.483609861563835, 30.570970601545998 ], [ 74.483520030365625, 30.570970601545998 ], [ 74.483520030365625, 30.5707909391496 ], [ 74.483609861563835, 30.5707909391496 ], [ 74.483609861563835, 30.570701107951397 ], [ 74.483789523960226, 30.570701107951397 ], [ 74.483789523960226, 30.5707909391496 ], [ 74.484687835942225, 30.5707909391496 ], [ 74.484687835942225, 30.570611276753198 ], [ 74.484598004744029, 30.570611276753198 ], [ 74.484598004744029, 30.570431614356799 ], [ 74.484508173545834, 30.570431614356799 ], [ 74.484508173545834, 30.570341783158597 ], [ 74.484418342347624, 30.570341783158597 ], [ 74.484418342347624, 30.570162120762198 ], [ 74.484328511149428, 30.570162120762198 ], [ 74.484328511149428, 30.570072289563999 ], [ 74.484238679951233, 30.570072289563999 ], [ 74.484238679951233, 30.569982458365796 ], [ 74.484148848753023, 30.569982458365796 ], [ 74.484148848753023, 30.569712964771199 ], [ 74.484059017554827, 30.569712964771199 ], [ 74.484059017554827, 30.569623133572996 ], [ 74.483969186356632, 30.569623133572996 ], [ 74.483969186356632, 30.569533302374797 ], [ 74.483879355158422, 30.569533302374797 ], [ 74.483879355158422, 30.569353639978399 ], [ 74.483789523960226, 30.569353639978399 ], [ 74.483789523960226, 30.5692638087802 ], [ 74.483699692762031, 30.5692638087802 ], [ 74.483699692762031, 30.569084146383798 ], [ 74.483609861563835, 30.569084146383798 ], [ 74.483609861563835, 30.568994315185599 ], [ 74.483520030365625, 30.568994315185599 ], [ 74.483520030365625, 30.568814652789197 ], [ 74.483430199167429, 30.568814652789197 ], [ 74.483430199167429, 30.568724821590997 ], [ 74.483340367969234, 30.568724821590997 ], [ 74.483340367969234, 30.568545159194599 ], [ 74.483160705572828, 30.568545159194599 ], [ 74.483160705572828, 30.568275665599998 ], [ 74.483070874374633, 30.568275665599998 ], [ 74.483070874374633, 30.568096003203596 ], [ 74.482981043176423, 30.568096003203596 ], [ 74.482981043176423, 30.568006172005397 ], [ 74.482891211978227, 30.568006172005397 ], [ 74.482891211978227, 30.567826509608999 ], [ 74.482801380780032, 30.567826509608999 ], [ 74.482801380780032, 30.5677366784108 ], [ 74.482711549581822, 30.5677366784108 ], [ 74.482711549581822, 30.567646847212597 ], [ 74.480286107230427, 30.567646847212597 ], [ 74.480286107230427, 30.568006172005397 ], [ 74.480375938428622, 30.568006172005397 ], [ 74.480375938428622, 30.568096003203596 ], [ 74.480286107230427, 30.568096003203596 ], [ 74.480286107230427, 30.568724821590997 ], [ 74.480914925617824, 30.568724821590997 ], [ 74.480914925617824, 30.568634990392798 ], [ 74.481633575203432, 30.568634990392798 ], [ 74.481633575203432, 30.568545159194599 ], [ 74.482172562392634, 30.568545159194599 ], [ 74.482172562392634, 30.568455327996396 ], [ 74.482082731194424, 30.568455327996396 ], [ 74.482082731194424, 30.568096003203596 ], [ 74.481992899996229, 30.568096003203596 ], [ 74.481992899996229, 30.567916340807198 ], [ 74.482082731194424, 30.567916340807198 ], [ 74.482082731194424, 30.568006172005397 ], [ 74.482172562392634, 30.568006172005397 ], [ 74.482172562392634, 30.568365496798197 ], [ 74.48226239359083, 30.568365496798197 ], [ 74.48226239359083, 30.568545159194599 ], [ 74.482352224789025, 30.568545159194599 ], [ 74.482352224789025, 30.568634990392798 ], [ 74.48226239359083, 30.568634990392798 ], [ 74.48226239359083, 30.568904483987399 ], [ 74.482172562392634, 30.568904483987399 ], [ 74.482172562392634, 30.568724821590997 ], [ 74.482082731194424, 30.568724821590997 ], [ 74.482082731194424, 30.568634990392798 ], [ 74.481723406401628, 30.568634990392798 ], [ 74.481723406401628, 30.568724821590997 ], [ 74.481364081608831, 30.568724821590997 ], [ 74.481364081608831, 30.569712964771199 ], [ 74.481723406401628, 30.569712964771199 ], [ 74.481723406401628, 30.569623133572996 ], [ 74.48226239359083, 30.569623133572996 ], [ 74.48226239359083, 30.568994315185599 ], [ 74.482352224789025, 30.568994315185599 ], [ 74.482352224789025, 30.569533302374797 ], [ 74.482621718383626, 30.569533302374797 ], [ 74.482621718383626, 30.569443471176598 ], [ 74.482981043176423, 30.569443471176598 ], [ 74.482981043176423, 30.570251951960397 ], [ 74.483520030365625, 30.570251951960397 ], [ 74.483520030365625, 30.570162120762198 ], [ 74.483699692762031, 30.570162120762198 ], [ 74.483699692762031, 30.570431614356799 ], [ 74.483609861563835, 30.570431614356799 ], [ 74.483609861563835, 30.570341783158597 ], [ 74.483160705572828, 30.570341783158597 ], [ 74.483160705572828, 30.570431614356799 ], [ 74.482531887185431, 30.570431614356799 ], [ 74.482531887185431, 30.570341783158597 ], [ 74.481903068798033, 30.570341783158597 ], [ 74.481903068798033, 30.570431614356799 ], [ 74.481723406401628, 30.570431614356799 ], [ 74.481723406401628, 30.570341783158597 ], [ 74.480914925617824, 30.570341783158597 ], [ 74.480914925617824, 30.570431614356799 ], [ 74.480825094419629, 30.570431614356799 ], [ 74.480825094419629, 30.570341783158597 ], [ 74.480735263221433, 30.570341783158597 ], [ 74.480735263221433, 30.570251951960397 ], [ 74.482891211978227, 30.570251951960397 ], [ 74.482891211978227, 30.569712964771199 ], [ 74.482801380780032, 30.569712964771199 ], [ 74.482801380780032, 30.569623133572996 ], [ 74.482442055987235, 30.569623133572996 ], [ 74.482442055987235, 30.569712964771199 ], [ 74.481992899996229, 30.569712964771199 ], [ 74.481992899996229, 30.569802795969398 ], [ 74.481543744005222, 30.569802795969398 ], [ 74.481543744005222, 30.569892627167597 ], [ 74.481364081608831, 30.569892627167597 ], [ 74.481364081608831, 30.569982458365796 ], [ 74.481004756816034, 30.569982458365796 ], [ 74.481004756816034, 30.570072289563999 ], [ 74.480286107230427, 30.570072289563999 ], [ 74.480286107230427, 30.570251951960397 ], [ 74.480196276032231, 30.570251951960397 ], [ 74.480196276032231, 30.570431614356799 ], [ 74.480286107230427, 30.570431614356799 ], [ 74.480286107230427, 30.570611276753198 ], [ 74.480375938428622, 30.570611276753198 ], [ 74.480375938428622, 30.570701107951397 ], [ 74.480825094419629, 30.570701107951397 ], [ 74.480825094419629, 30.570611276753198 ], [ 74.480914925617824, 30.570611276753198 ], [ 74.480914925617824, 30.5707909391496 ], [ 74.480286107230427, 30.5707909391496 ], [ 74.480286107230427, 30.571240095140599 ], [ 74.480196276032231, 30.571240095140599 ], [ 74.480196276032231, 30.571689251131598 ], [ 74.480286107230427, 30.571689251131598 ], [ 74.480286107230427, 30.571868913527997 ], [ 74.480196276032231, 30.571868913527997 ], [ 74.480196276032231, 30.572407900717199 ], [ 74.480286107230427, 30.572407900717199 ], [ 74.480286107230427, 30.572677394311796 ], [ 74.480196276032231, 30.572677394311796 ], [ 74.480196276032231, 30.573396043897397 ], [ 74.480555600825028, 30.573396043897397 ] ], [ [ 74.480825094419629, 30.568006172005397 ], [ 74.481543744005222, 30.568006172005397 ], [ 74.481543744005222, 30.568096003203596 ], [ 74.480825094419629, 30.568096003203596 ], [ 74.480825094419629, 30.568006172005397 ] ] ] } },
{ "type": "Feature", "properties": { "source_field_id": "6193891", "source_area_m2": 146748.44, "confidence": null, "determination_datetime": "2025-01-01T05:30:00+05:30", "determination_method": "auto-imagery", "xmin": 74.486574291104432, "ymin": 30.569802795969398, "xmax": 74.490616695023434, "ymax": 30.577079123023598, "area_m2": 146639.74907052625, "area_ha": 14.663974907052625, "field_id": "FTW-IN-PB-6193891", "boundary_source": "FIELDS_OF_THE_WORLD_GLOBAL_PRUE_2024_2025", "boundary_type": "RESEARCH_FIELD_BOUNDARY", "research_boundary_disclaimer": "Model-derived remote-sensing field unit; not a cadastral or ownership boundary.", "source_provider": "Fields of The World / Source Cooperative", "source_dataset": "Global Fields of The World, Punjab partition", "source_url": "https://data.source.coop/ftw/global-data/predictions/vectors/alpha/results-by-admin-conf/admin:country_code=IN/IN_PB.parquet", "real_or_synthetic": "REAL", "centroid_lon": 74.48931235917459, "centroid_lat": 30.57341902105977, "data_status": "REAL_SATELLITE_OBSERVATIONS", "ground_truth_status": "NO_GROUND_TRUTH_WEAK_PROXY_LABELS_ONLY", "demo_rank": 85, "demo_category": "OTHER", "demo_score": 8.0, "cropland_fraction": 0.99382716049382713 }, "geometry": { "type": "Polygon", "coordinates": [ [ [ 74.488730239861226, 30.575462161455999 ], [ 74.488730239861226, 30.575551992654198 ], [ 74.488909902257632, 30.575551992654198 ], [ 74.488909902257632, 30.575641823852397 ], [ 74.488999733455827, 30.575641823852397 ], [ 74.488999733455827, 30.575462161455999 ], [ 74.489089564654023, 30.575462161455999 ], [ 74.489089564654023, 30.574923174266797 ], [ 74.489179395852233, 30.574923174266797 ], [ 74.489179395852233, 30.5753723302578 ], [ 74.489269227050428, 30.5753723302578 ], [ 74.489269227050428, 30.576090979843396 ], [ 74.489359058248624, 30.576090979843396 ], [ 74.489359058248624, 30.576629967032599 ], [ 74.489269227050428, 30.576629967032599 ], [ 74.489269227050428, 30.5768994606272 ], [ 74.489359058248624, 30.5768994606272 ], [ 74.489359058248624, 30.576989291825399 ], [ 74.489089564654023, 30.576989291825399 ], [ 74.489089564654023, 30.577079123023598 ], [ 74.489538720645029, 30.577079123023598 ], [ 74.489538720645029, 30.576989291825399 ], [ 74.490526863825224, 30.576989291825399 ], [ 74.490526863825224, 30.576450304636197 ], [ 74.490437032627028, 30.576450304636197 ], [ 74.490437032627028, 30.576270642239798 ], [ 74.490526863825224, 30.576270642239798 ], [ 74.490526863825224, 30.573306212699197 ], [ 74.490167539032427, 30.573306212699197 ], [ 74.490167539032427, 30.573216381500998 ], [ 74.490437032627028, 30.573216381500998 ], [ 74.490437032627028, 30.573126550302799 ], [ 74.490347201428833, 30.573126550302799 ], [ 74.490347201428833, 30.572946887906397 ], [ 74.490526863825224, 30.572946887906397 ], [ 74.490526863825224, 30.572497731915398 ], [ 74.490616695023434, 30.572497731915398 ], [ 74.490616695023434, 30.572138407122598 ], [ 74.490526863825224, 30.572138407122598 ], [ 74.490526863825224, 30.570431614356799 ], [ 74.490616695023434, 30.570431614356799 ], [ 74.490616695023434, 30.569802795969398 ], [ 74.490257370230623, 30.569802795969398 ], [ 74.490257370230623, 30.569892627167597 ], [ 74.489898045437826, 30.569892627167597 ], [ 74.489898045437826, 30.569982458365796 ], [ 74.489628551843225, 30.569982458365796 ], [ 74.489628551843225, 30.570072289563999 ], [ 74.489269227050428, 30.570072289563999 ], [ 74.489269227050428, 30.570162120762198 ], [ 74.488909902257632, 30.570162120762198 ], [ 74.488909902257632, 30.570251951960397 ], [ 74.488640408663031, 30.570251951960397 ], [ 74.488640408663031, 30.570341783158597 ], [ 74.488460746266625, 30.570341783158597 ], [ 74.488460746266625, 30.570611276753198 ], [ 74.488550577464835, 30.570611276753198 ], [ 74.488550577464835, 30.571150263942396 ], [ 74.489179395852233, 30.571150263942396 ], [ 74.489179395852233, 30.571240095140599 ], [ 74.488550577464835, 30.571240095140599 ], [ 74.488550577464835, 30.571599419933399 ], [ 74.488640408663031, 30.571599419933399 ], [ 74.488640408663031, 30.571779082329797 ], [ 74.488550577464835, 30.571779082329797 ], [ 74.488550577464835, 30.571868913527997 ], [ 74.488640408663031, 30.571868913527997 ], [ 74.488640408663031, 30.572138407122598 ], [ 74.488550577464835, 30.572138407122598 ], [ 74.488550577464835, 30.572407900717199 ], [ 74.488640408663031, 30.572407900717199 ], [ 74.488640408663031, 30.572587563113597 ], [ 74.488550577464835, 30.572587563113597 ], [ 74.488550577464835, 30.572857056708198 ], [ 74.488460746266625, 30.572857056708198 ], [ 74.488460746266625, 30.572946887906397 ], [ 74.488550577464835, 30.572946887906397 ], [ 74.488550577464835, 30.573036719104596 ], [ 74.489808214239631, 30.573036719104596 ], [ 74.489808214239631, 30.572587563113597 ], [ 74.489718383041435, 30.572587563113597 ], [ 74.489718383041435, 30.572497731915398 ], [ 74.489808214239631, 30.572497731915398 ], [ 74.489808214239631, 30.572407900717199 ], [ 74.489898045437826, 30.572407900717199 ], [ 74.489898045437826, 30.572497731915398 ], [ 74.489987876636022, 30.572497731915398 ], [ 74.489987876636022, 30.572587563113597 ], [ 74.489898045437826, 30.572587563113597 ], [ 74.489898045437826, 30.572946887906397 ], [ 74.489987876636022, 30.572946887906397 ], [ 74.489987876636022, 30.573036719104596 ], [ 74.490257370230623, 30.573036719104596 ], [ 74.490257370230623, 30.573126550302799 ], [ 74.489987876636022, 30.573126550302799 ], [ 74.489987876636022, 30.573216381500998 ], [ 74.490077707834232, 30.573216381500998 ], [ 74.490077707834232, 30.573306212699197 ], [ 74.489898045437826, 30.573306212699197 ], [ 74.489898045437826, 30.573575706293799 ], [ 74.490167539032427, 30.573575706293799 ], [ 74.490167539032427, 30.573665537491998 ], [ 74.489987876636022, 30.573665537491998 ], [ 74.489987876636022, 30.573755368690197 ], [ 74.489898045437826, 30.573755368690197 ], [ 74.489898045437826, 30.573665537491998 ], [ 74.488820071059422, 30.573665537491998 ], [ 74.488820071059422, 30.573755368690197 ], [ 74.488640408663031, 30.573755368690197 ], [ 74.488640408663031, 30.573665537491998 ], [ 74.488281083870234, 30.573665537491998 ], [ 74.488281083870234, 30.573575706293799 ], [ 74.48837091506843, 30.573575706293799 ], [ 74.48837091506843, 30.573216381500998 ], [ 74.488281083870234, 30.573216381500998 ], [ 74.488281083870234, 30.573126550302799 ], [ 74.486574291104432, 30.573126550302799 ], [ 74.486574291104432, 30.573216381500998 ], [ 74.486664122302628, 30.573216381500998 ], [ 74.486664122302628, 30.573306212699197 ], [ 74.486753953500823, 30.573306212699197 ], [ 74.486753953500823, 30.573485875095599 ], [ 74.486843784699033, 30.573485875095599 ], [ 74.486843784699033, 30.573575706293799 ], [ 74.486933615897229, 30.573575706293799 ], [ 74.486933615897229, 30.573665537491998 ], [ 74.487023447095424, 30.573665537491998 ], [ 74.487023447095424, 30.5738451998884 ], [ 74.487113278293634, 30.5738451998884 ], [ 74.487113278293634, 30.573935031086599 ], [ 74.48720310949183, 30.573935031086599 ], [ 74.48720310949183, 30.574024862284798 ], [ 74.487292940690025, 30.574024862284798 ], [ 74.487292940690025, 30.574114693482997 ], [ 74.487382771888235, 30.574114693482997 ], [ 74.487382771888235, 30.574384187077598 ], [ 74.487472603086431, 30.574384187077598 ], [ 74.487472603086431, 30.574474018275797 ], [ 74.487562434284627, 30.574474018275797 ], [ 74.487562434284627, 30.574653680672199 ], [ 74.487652265482822, 30.574653680672199 ], [ 74.487652265482822, 30.574743511870398 ], [ 74.487831927879228, 30.574743511870398 ], [ 74.487831927879228, 30.574833343068597 ], [ 74.487742096681032, 30.574833343068597 ], [ 74.487742096681032, 30.574923174266797 ], [ 74.487831927879228, 30.574923174266797 ], [ 74.487831927879228, 30.575102836663199 ], [ 74.487921759077423, 30.575102836663199 ], [ 74.487921759077423, 30.575192667861398 ], [ 74.488011590275633, 30.575192667861398 ], [ 74.488011590275633, 30.5753723302578 ], [ 74.488101421473829, 30.5753723302578 ], [ 74.488101421473829, 30.575551992654198 ], [ 74.488191252672024, 30.575551992654198 ], [ 74.488191252672024, 30.575641823852397 ], [ 74.488281083870234, 30.575641823852397 ], [ 74.488281083870234, 30.575821486248799 ], [ 74.48837091506843, 30.575821486248799 ], [ 74.48837091506843, 30.575731655050596 ], [ 74.488550577464835, 30.575731655050596 ], [ 74.488550577464835, 30.575641823852397 ], [ 74.488640408663031, 30.575641823852397 ], [ 74.488640408663031, 30.575462161455999 ], [ 74.488730239861226, 30.575462161455999 ] ], [ [ 74.490437032627028, 30.573665537491998 ], [ 74.490437032627028, 30.573755368690197 ], [ 74.490167539032427, 30.573755368690197 ], [ 74.490167539032427, 30.573665537491998 ], [ 74.490437032627028, 30.573665537491998 ] ], [ [ 74.487382771888235, 30.574024862284798 ], [ 74.487831927879228, 30.574024862284798 ], [ 74.487831927879228, 30.574114693482997 ], [ 74.487382771888235, 30.574114693482997 ], [ 74.487382771888235, 30.574024862284798 ] ], [ [ 74.488550577464835, 30.575462161455999 ], [ 74.488550577464835, 30.5753723302578 ], [ 74.488460746266625, 30.5753723302578 ], [ 74.488460746266625, 30.575102836663199 ], [ 74.488550577464835, 30.575102836663199 ], [ 74.488550577464835, 30.575282499059597 ], [ 74.488640408663031, 30.575282499059597 ], [ 74.488640408663031, 30.575462161455999 ], [ 74.488550577464835, 30.575462161455999 ] ], [ [ 74.48837091506843, 30.575102836663199 ], [ 74.48837091506843, 30.574923174266797 ], [ 74.488460746266625, 30.574923174266797 ], [ 74.488460746266625, 30.575102836663199 ], [ 74.48837091506843, 30.575102836663199 ] ], [ [ 74.488281083870234, 30.574923174266797 ], [ 74.488281083870234, 30.574833343068597 ], [ 74.488191252672024, 30.574833343068597 ], [ 74.488191252672024, 30.574743511870398 ], [ 74.487921759077423, 30.574743511870398 ], [ 74.487921759077423, 30.574653680672199 ], [ 74.488460746266625, 30.574653680672199 ], [ 74.488460746266625, 30.574743511870398 ], [ 74.48837091506843, 30.574743511870398 ], [ 74.48837091506843, 30.574923174266797 ], [ 74.488281083870234, 30.574923174266797 ] ], [ [ 74.489898045437826, 30.576270642239798 ], [ 74.489987876636022, 30.576270642239798 ], [ 74.489987876636022, 30.576360473437997 ], [ 74.489898045437826, 30.576360473437997 ], [ 74.489898045437826, 30.576270642239798 ] ], [ [ 74.488730239861226, 30.5738451998884 ], [ 74.488820071059422, 30.5738451998884 ], [ 74.488820071059422, 30.574563849473996 ], [ 74.488730239861226, 30.574563849473996 ], [ 74.488730239861226, 30.5738451998884 ] ], [ [ 74.488730239861226, 30.572497731915398 ], [ 74.489448889446834, 30.572497731915398 ], [ 74.489448889446834, 30.572587563113597 ], [ 74.488730239861226, 30.572587563113597 ], [ 74.488730239861226, 30.572497731915398 ] ], [ [ 74.488999733455827, 30.571958744726199 ], [ 74.489359058248624, 30.571958744726199 ], [ 74.489359058248624, 30.572048575924399 ], [ 74.488999733455827, 30.572048575924399 ], [ 74.488999733455827, 30.571958744726199 ] ], [ [ 74.489628551843225, 30.571868913527997 ], [ 74.489718383041435, 30.571868913527997 ], [ 74.489718383041435, 30.571958744726199 ], [ 74.490167539032427, 30.571958744726199 ], [ 74.490167539032427, 30.572048575924399 ], [ 74.489628551843225, 30.572048575924399 ], [ 74.489628551843225, 30.571868913527997 ] ] ] } },
{ "type": "Feature", "properties": { "source_field_id": "6194749", "source_area_m2": 129662.87, "confidence": null, "determination_datetime": "2024-01-01T05:30:00+05:30", "determination_method": "auto-imagery", "xmin": 74.522147445591628, "ymin": 30.577258785419996, "xmax": 74.526818667898027, "ymax": 30.5814808517354, "area_m2": 129565.79841503872, "area_ha": 12.956579841503872, "field_id": "FTW-IN-PB-6194749", "boundary_source": "FIELDS_OF_THE_WORLD_GLOBAL_PRUE_2024_2025", "boundary_type": "RESEARCH_FIELD_BOUNDARY", "research_boundary_disclaimer": "Model-derived remote-sensing field unit; not a cadastral or ownership boundary.", "source_provider": "Fields of The World / Source Cooperative", "source_dataset": "Global Fields of The World, Punjab partition", "source_url": "https://data.source.coop/ftw/global-data/predictions/vectors/alpha/results-by-admin-conf/admin:country_code=IN/IN_PB.parquet", "real_or_synthetic": "REAL", "centroid_lon": 74.52487706734945, "centroid_lat": 30.579404238567545, "data_status": "REAL_SATELLITE_OBSERVATIONS", "ground_truth_status": "NO_GROUND_TRUTH_WEAK_PROXY_LABELS_ONLY", "demo_rank": 86, "demo_category": "OTHER", "demo_score": 8.0, "cropland_fraction": 1.0 }, "geometry": { "type": "Polygon", "coordinates": [ [ [ 74.526369511907035, 30.5814808517354 ], [ 74.526369511907035, 30.581391020537197 ], [ 74.526549174303426, 30.581391020537197 ], [ 74.526549174303426, 30.5814808517354 ], [ 74.526728836699832, 30.5814808517354 ], [ 74.526728836699832, 30.581391020537197 ], [ 74.526818667898027, 30.581391020537197 ], [ 74.526818667898027, 30.581121526942599 ], [ 74.526728836699832, 30.581121526942599 ], [ 74.526728836699832, 30.580941864546197 ], [ 74.526818667898027, 30.580941864546197 ], [ 74.526818667898027, 30.580402877356999 ], [ 74.526728836699832, 30.580402877356999 ], [ 74.526728836699832, 30.580313046158796 ], [ 74.526818667898027, 30.580313046158796 ], [ 74.526818667898027, 30.578785915789396 ], [ 74.526279680708825, 30.578785915789396 ], [ 74.526279680708825, 30.578696084591197 ], [ 74.526818667898027, 30.578696084591197 ], [ 74.526818667898027, 30.577707941410999 ], [ 74.524932212735834, 30.577707941410999 ], [ 74.524932212735834, 30.577797772609198 ], [ 74.524213563150226, 30.577797772609198 ], [ 74.524213563150226, 30.577977435005597 ], [ 74.524123731952031, 30.577977435005597 ], [ 74.524123731952031, 30.577797772609198 ], [ 74.524033900753835, 30.577797772609198 ], [ 74.524033900753835, 30.577618110212796 ], [ 74.524123731952031, 30.577618110212796 ], [ 74.524123731952031, 30.577348616618199 ], [ 74.524033900753835, 30.577348616618199 ], [ 74.524033900753835, 30.577258785419996 ], [ 74.523584744762829, 30.577258785419996 ], [ 74.523584744762829, 30.577348616618199 ], [ 74.523494913564633, 30.577348616618199 ], [ 74.523494913564633, 30.578606253392998 ], [ 74.523764407159234, 30.578606253392998 ], [ 74.523764407159234, 30.578696084591197 ], [ 74.523584744762829, 30.578696084591197 ], [ 74.523584744762829, 30.578785915789396 ], [ 74.523494913564633, 30.578785915789396 ], [ 74.523494913564633, 30.579235071780399 ], [ 74.523584744762829, 30.579235071780399 ], [ 74.523584744762829, 30.579324902978598 ], [ 74.523405082366423, 30.579324902978598 ], [ 74.523405082366423, 30.578785915789396 ], [ 74.522147445591628, 30.578785915789396 ], [ 74.522147445591628, 30.579594396573199 ], [ 74.522237276789824, 30.579594396573199 ], [ 74.522237276789824, 30.579684227771398 ], [ 74.524033900753835, 30.579684227771398 ], [ 74.524033900753835, 30.579324902978598 ], [ 74.523944069555625, 30.579324902978598 ], [ 74.523944069555625, 30.579235071780399 ], [ 74.524123731952031, 30.579235071780399 ], [ 74.524123731952031, 30.579774058969598 ], [ 74.524213563150226, 30.579774058969598 ], [ 74.524213563150226, 30.579863890167797 ], [ 74.524123731952031, 30.579863890167797 ], [ 74.524123731952031, 30.580043552564199 ], [ 74.524033900753835, 30.580043552564199 ], [ 74.524033900753835, 30.579863890167797 ], [ 74.523944069555625, 30.579863890167797 ], [ 74.523944069555625, 30.579774058969598 ], [ 74.523764407159234, 30.579774058969598 ], [ 74.523764407159234, 30.579863890167797 ], [ 74.523584744762829, 30.579863890167797 ], [ 74.523584744762829, 30.579774058969598 ], [ 74.522237276789824, 30.579774058969598 ], [ 74.522237276789824, 30.579863890167797 ], [ 74.522147445591628, 30.579863890167797 ], [ 74.522147445591628, 30.580223214960597 ], [ 74.522237276789824, 30.580223214960597 ], [ 74.522237276789824, 30.580313046158796 ], [ 74.524033900753835, 30.580313046158796 ], [ 74.524033900753835, 30.580223214960597 ], [ 74.524213563150226, 30.580223214960597 ], [ 74.524213563150226, 30.580313046158796 ], [ 74.524393225546632, 30.580313046158796 ], [ 74.524393225546632, 30.580402877356999 ], [ 74.524303394348422, 30.580402877356999 ], [ 74.524303394348422, 30.580492708555198 ], [ 74.523944069555625, 30.580492708555198 ], [ 74.523944069555625, 30.580852033347998 ], [ 74.524752550339429, 30.580852033347998 ], [ 74.524752550339429, 30.580762202149799 ], [ 74.524842381537624, 30.580762202149799 ], [ 74.524842381537624, 30.580852033347998 ], [ 74.524932212735834, 30.580852033347998 ], [ 74.524932212735834, 30.581391020537197 ], [ 74.525471199925022, 30.581391020537197 ], [ 74.525471199925022, 30.581301189338998 ], [ 74.525650862321427, 30.581301189338998 ], [ 74.525650862321427, 30.581391020537197 ], [ 74.526279680708825, 30.581391020537197 ], [ 74.526279680708825, 30.5814808517354 ], [ 74.526369511907035, 30.5814808517354 ] ], [ [ 74.525471199925022, 30.580313046158796 ], [ 74.525291537528631, 30.580313046158796 ], [ 74.525291537528631, 30.580223214960597 ], [ 74.525471199925022, 30.580223214960597 ], [ 74.525471199925022, 30.578696084591197 ], [ 74.525650862321427, 30.578696084591197 ], [ 74.525650862321427, 30.578875746987599 ], [ 74.525561031123232, 30.578875746987599 ], [ 74.525561031123232, 30.579684227771398 ], [ 74.525650862321427, 30.579684227771398 ], [ 74.525650862321427, 30.580762202149799 ], [ 74.525561031123232, 30.580762202149799 ], [ 74.525561031123232, 30.581121526942599 ], [ 74.525471199925022, 30.581121526942599 ], [ 74.525471199925022, 30.580313046158796 ] ], [ [ 74.52645934310523, 30.581031695744397 ], [ 74.526549174303426, 30.581031695744397 ], [ 74.526549174303426, 30.581121526942599 ], [ 74.52645934310523, 30.581121526942599 ], [ 74.52645934310523, 30.581031695744397 ] ], [ [ 74.524752550339429, 30.580492708555198 ], [ 74.524842381537624, 30.580492708555198 ], [ 74.524842381537624, 30.580582539753397 ], [ 74.524752550339429, 30.580582539753397 ], [ 74.524752550339429, 30.580492708555198 ] ], [ [ 74.524662719141233, 30.580223214960597 ], [ 74.524752550339429, 30.580223214960597 ], [ 74.524752550339429, 30.580133383762398 ], [ 74.524932212735834, 30.580133383762398 ], [ 74.524932212735834, 30.580223214960597 ], [ 74.525201706330435, 30.580223214960597 ], [ 74.525201706330435, 30.580313046158796 ], [ 74.524752550339429, 30.580313046158796 ], [ 74.524752550339429, 30.580402877356999 ], [ 74.524662719141233, 30.580402877356999 ], [ 74.524662719141233, 30.580223214960597 ] ], [ [ 74.526279680708825, 30.580313046158796 ], [ 74.526369511907035, 30.580313046158796 ], [ 74.526369511907035, 30.580402877356999 ], [ 74.526279680708825, 30.580402877356999 ], [ 74.526279680708825, 30.580313046158796 ] ], [ [ 74.52385423835743, 30.578606253392998 ], [ 74.524213563150226, 30.578606253392998 ], [ 74.524213563150226, 30.578696084591197 ], [ 74.52385423835743, 30.578696084591197 ], [ 74.52385423835743, 30.578606253392998 ] ], [ [ 74.524123731952031, 30.578067266203799 ], [ 74.524213563150226, 30.578067266203799 ], [ 74.524213563150226, 30.578157097401998 ], [ 74.524303394348422, 30.578157097401998 ], [ 74.524303394348422, 30.578246928600198 ], [ 74.524123731952031, 30.578246928600198 ], [ 74.524123731952031, 30.578067266203799 ] ], [ [ 74.524752550339429, 30.578157097401998 ], [ 74.525111875132225, 30.578157097401998 ], [ 74.525111875132225, 30.578067266203799 ], [ 74.525201706330435, 30.578067266203799 ], [ 74.525201706330435, 30.577977435005597 ], [ 74.525561031123232, 30.577977435005597 ], [ 74.525561031123232, 30.578067266203799 ], [ 74.525650862321427, 30.578067266203799 ], [ 74.525650862321427, 30.578157097401998 ], [ 74.525740693519623, 30.578157097401998 ], [ 74.525740693519623, 30.578067266203799 ], [ 74.525830524717833, 30.578067266203799 ], [ 74.525830524717833, 30.578157097401998 ], [ 74.525920355916028, 30.578157097401998 ], [ 74.525920355916028, 30.578246928600198 ], [ 74.524752550339429, 30.578246928600198 ], [ 74.524752550339429, 30.578157097401998 ] ] ] } },
{ "type": "Feature", "properties": { "source_field_id": "6666494", "source_area_m2": 119437.44, "confidence": null, "determination_datetime": "2024-01-01T05:30:00+05:30", "determination_method": "auto-imagery", "xmin": 74.392071870598031, "ymin": 30.589475828375196, "xmax": 74.396922755300835, "ymax": 30.5921707643212, "area_m2": 119351.83176793021, "area_ha": 11.935183176793021, "field_id": "FTW-IN-PB-6666494", "boundary_source": "FIELDS_OF_THE_WORLD_GLOBAL_PRUE_2024_2025", "boundary_type": "RESEARCH_FIELD_BOUNDARY", "research_boundary_disclaimer": "Model-derived remote-sensing field unit; not a cadastral or ownership boundary.", "source_provider": "Fields of The World / Source Cooperative", "source_dataset": "Global Fields of The World, Punjab partition", "source_url": "https://data.source.coop/ftw/global-data/predictions/vectors/alpha/results-by-admin-conf/admin:country_code=IN/IN_PB.parquet", "real_or_synthetic": "REAL", "centroid_lon": 74.394500152614398, "centroid_lat": 30.590793420270519, "data_status": "REAL_SATELLITE_OBSERVATIONS", "ground_truth_status": "NO_GROUND_TRUTH_WEAK_PROXY_LABELS_ONLY", "demo_rank": 87, "demo_category": "OTHER", "demo_score": 8.0, "cropland_fraction": 0.99514563106796117 }, "geometry": { "type": "Polygon", "coordinates": [ [ [ 74.392251532994422, 30.5921707643212 ], [ 74.392251532994422, 30.592080933122997 ], [ 74.393958325760224, 30.592080933122997 ], [ 74.393958325760224, 30.591811439528399 ], [ 74.394048156958434, 30.591811439528399 ], [ 74.394048156958434, 30.591901270726598 ], [ 74.394137988156629, 30.591901270726598 ], [ 74.394137988156629, 30.592080933122997 ], [ 74.394497312949426, 30.592080933122997 ], [ 74.394497312949426, 30.591991101924798 ], [ 74.394587144147621, 30.591991101924798 ], [ 74.394587144147621, 30.592080933122997 ], [ 74.39557528732783, 30.592080933122997 ], [ 74.39557528732783, 30.591721608330197 ], [ 74.395485456129634, 30.591721608330197 ], [ 74.395485456129634, 30.591631777131997 ], [ 74.395126131336824, 30.591631777131997 ], [ 74.395126131336824, 30.591721608330197 ], [ 74.394946468940432, 30.591721608330197 ], [ 74.394946468940432, 30.591541945933798 ], [ 74.395754949724221, 30.591541945933798 ], [ 74.395754949724221, 30.591631777131997 ], [ 74.395665118526026, 30.591631777131997 ], [ 74.395665118526026, 30.592080933122997 ], [ 74.396832924102625, 30.592080933122997 ], [ 74.396832924102625, 30.591991101924798 ], [ 74.396922755300835, 30.591991101924798 ], [ 74.396922755300835, 30.591631777131997 ], [ 74.396293936913423, 30.591631777131997 ], [ 74.396293936913423, 30.591541945933798 ], [ 74.396832924102625, 30.591541945933798 ], [ 74.396832924102625, 30.591272452339197 ], [ 74.396922755300835, 30.591272452339197 ], [ 74.396922755300835, 30.591182621140998 ], [ 74.39674309290443, 30.591182621140998 ], [ 74.39674309290443, 30.591092789942799 ], [ 74.396024443318822, 30.591092789942799 ], [ 74.396024443318822, 30.591182621140998 ], [ 74.395305793733229, 30.591182621140998 ], [ 74.395305793733229, 30.591092789942799 ], [ 74.395395624931425, 30.591092789942799 ], [ 74.395395624931425, 30.591002958744596 ], [ 74.39557528732783, 30.591002958744596 ], [ 74.39557528732783, 30.591092789942799 ], [ 74.395844780922431, 30.591092789942799 ], [ 74.395844780922431, 30.591002958744596 ], [ 74.396832924102625, 30.591002958744596 ], [ 74.396832924102625, 30.590913127546397 ], [ 74.396922755300835, 30.590913127546397 ], [ 74.396922755300835, 30.589475828375196 ], [ 74.396293936913423, 30.589475828375196 ], [ 74.396293936913423, 30.589565659573399 ], [ 74.396114274517032, 30.589565659573399 ], [ 74.396114274517032, 30.589475828375196 ], [ 74.395754949724221, 30.589475828375196 ], [ 74.395754949724221, 30.589565659573399 ], [ 74.395665118526026, 30.589565659573399 ], [ 74.395665118526026, 30.590463971555398 ], [ 74.39557528732783, 30.590463971555398 ], [ 74.39557528732783, 30.589565659573399 ], [ 74.395485456129634, 30.589565659573399 ], [ 74.395485456129634, 30.589475828375196 ], [ 74.395305793733229, 30.589475828375196 ], [ 74.395305793733229, 30.589565659573399 ], [ 74.393599000967427, 30.589565659573399 ], [ 74.393599000967427, 30.591092789942799 ], [ 74.393688832165623, 30.591092789942799 ], [ 74.393688832165623, 30.591182621140998 ], [ 74.393958325760224, 30.591182621140998 ], [ 74.393958325760224, 30.591272452339197 ], [ 74.393509169769231, 30.591272452339197 ], [ 74.393509169769231, 30.590733465149999 ], [ 74.393419338571022, 30.590733465149999 ], [ 74.393419338571022, 30.589565659573399 ], [ 74.392970182580029, 30.589565659573399 ], [ 74.392970182580029, 30.589655490771598 ], [ 74.392790520183624, 30.589655490771598 ], [ 74.392790520183624, 30.589565659573399 ], [ 74.392161701796226, 30.589565659573399 ], [ 74.392161701796226, 30.589655490771598 ], [ 74.392071870598031, 30.589655490771598 ], [ 74.392071870598031, 30.590913127546397 ], [ 74.392161701796226, 30.590913127546397 ], [ 74.392161701796226, 30.5921707643212 ], [ 74.392251532994422, 30.5921707643212 ] ], [ [ 74.394497312949426, 30.591631777131997 ], [ 74.394137988156629, 30.591631777131997 ], [ 74.394137988156629, 30.591541945933798 ], [ 74.394676975345831, 30.591541945933798 ], [ 74.394676975345831, 30.591631777131997 ], [ 74.394587144147621, 30.591631777131997 ], [ 74.394587144147621, 30.591721608330197 ], [ 74.394497312949426, 30.591721608330197 ], [ 74.394497312949426, 30.591631777131997 ] ], [ [ 74.394137988156629, 30.591182621140998 ], [ 74.394048156958434, 30.591182621140998 ], [ 74.394048156958434, 30.591092789942799 ], [ 74.394317650553035, 30.591092789942799 ], [ 74.394317650553035, 30.591272452339197 ], [ 74.394137988156629, 30.591272452339197 ], [ 74.394137988156629, 30.591182621140998 ] ] ] } },
{ "type": "Feature", "properties": { "source_field_id": "6666496", "source_area_m2": 124071.05, "confidence": null, "determination_datetime": "2025-01-01T05:30:00+05:30", "determination_method": "auto-imagery", "xmin": 74.394137988156629, "ymin": 30.589475828375196, "xmax": 74.400336340832425, "ymax": 30.592080933122997, "area_m2": 123982.04008959142, "area_ha": 12.398204008959143, "field_id": "FTW-IN-PB-6666496", "boundary_source": "FIELDS_OF_THE_WORLD_GLOBAL_PRUE_2024_2025", "boundary_type": "RESEARCH_FIELD_BOUNDARY", "research_boundary_disclaimer": "Model-derived remote-sensing field unit; not a cadastral or ownership boundary.", "source_provider": "Fields of The World / Source Cooperative", "source_dataset": "Global Fields of The World, Punjab partition", "source_url": "https://data.source.coop/ftw/global-data/predictions/vectors/alpha/results-by-admin-conf/admin:country_code=IN/IN_PB.parquet", "real_or_synthetic": "REAL", "centroid_lon": 74.397146154631116, "centroid_lat": 30.590537784214181, "data_status": "REAL_SATELLITE_OBSERVATIONS", "ground_truth_status": "NO_GROUND_TRUTH_WEAK_PROXY_LABELS_ONLY", "demo_rank": 88, "demo_category": "OTHER", "demo_score": 8.0, "cropland_fraction": 1.0 }, "geometry": { "type": "Polygon", "coordinates": [ [ [ 74.395485456129634, 30.592080933122997 ], [ 74.395485456129634, 30.591721608330197 ], [ 74.395395624931425, 30.591721608330197 ], [ 74.395395624931425, 30.591631777131997 ], [ 74.395215962535033, 30.591631777131997 ], [ 74.395215962535033, 30.591541945933798 ], [ 74.396653261706234, 30.591541945933798 ], [ 74.396653261706234, 30.591452114735599 ], [ 74.396922755300835, 30.591452114735599 ], [ 74.396922755300835, 30.591541945933798 ], [ 74.397282080093632, 30.591541945933798 ], [ 74.397282080093632, 30.591452114735599 ], [ 74.397641404886429, 30.591452114735599 ], [ 74.397641404886429, 30.591092789942799 ], [ 74.397551573688233, 30.591092789942799 ], [ 74.397551573688233, 30.590733465149999 ], [ 74.397282080093632, 30.590733465149999 ], [ 74.397282080093632, 30.590823296348198 ], [ 74.397102417697226, 30.590823296348198 ], [ 74.397102417697226, 30.5906436339518 ], [ 74.397461742490023, 30.5906436339518 ], [ 74.397461742490023, 30.590553802753597 ], [ 74.397551573688233, 30.590553802753597 ], [ 74.397551573688233, 30.590463971555398 ], [ 74.397731236084624, 30.590463971555398 ], [ 74.397731236084624, 30.590553802753597 ], [ 74.39791089848103, 30.590553802753597 ], [ 74.39791089848103, 30.590463971555398 ], [ 74.398988872859434, 30.590463971555398 ], [ 74.398988872859434, 30.590014815564398 ], [ 74.399078704057629, 30.590014815564398 ], [ 74.399078704057629, 30.590463971555398 ], [ 74.399168535255825, 30.590463971555398 ], [ 74.399168535255825, 30.590553802753597 ], [ 74.399258366454035, 30.590553802753597 ], [ 74.399258366454035, 30.5906436339518 ], [ 74.399168535255825, 30.5906436339518 ], [ 74.399168535255825, 30.591002958744596 ], [ 74.399078704057629, 30.591002958744596 ], [ 74.399078704057629, 30.590823296348198 ], [ 74.398988872859434, 30.590823296348198 ], [ 74.398988872859434, 30.590553802753597 ], [ 74.398360054472022, 30.590553802753597 ], [ 74.398360054472022, 30.5906436339518 ], [ 74.398270223273826, 30.5906436339518 ], [ 74.398270223273826, 30.590553802753597 ], [ 74.398090560877435, 30.590553802753597 ], [ 74.398090560877435, 30.5906436339518 ], [ 74.397731236084624, 30.5906436339518 ], [ 74.397731236084624, 30.591452114735599 ], [ 74.397821067282834, 30.591452114735599 ], [ 74.397821067282834, 30.591541945933798 ], [ 74.398180392075631, 30.591541945933798 ], [ 74.398180392075631, 30.591452114735599 ], [ 74.399617691246831, 30.591452114735599 ], [ 74.399617691246831, 30.591541945933798 ], [ 74.399707522445027, 30.591541945933798 ], [ 74.399707522445027, 30.591452114735599 ], [ 74.400336340832425, 30.591452114735599 ], [ 74.400336340832425, 30.590553802753597 ], [ 74.400156678436034, 30.590553802753597 ], [ 74.400156678436034, 30.590463971555398 ], [ 74.400336340832425, 30.590463971555398 ], [ 74.400336340832425, 30.589475828375196 ], [ 74.399797353643223, 30.589475828375196 ], [ 74.399797353643223, 30.590463971555398 ], [ 74.399887184841432, 30.590463971555398 ], [ 74.399887184841432, 30.590553802753597 ], [ 74.399797353643223, 30.590553802753597 ], [ 74.399797353643223, 30.590913127546397 ], [ 74.399707522445027, 30.590913127546397 ], [ 74.399707522445027, 30.5906436339518 ], [ 74.399617691246831, 30.5906436339518 ], [ 74.399617691246831, 30.590463971555398 ], [ 74.399707522445027, 30.590463971555398 ], [ 74.399707522445027, 30.589475828375196 ], [ 74.397731236084624, 30.589475828375196 ], [ 74.397731236084624, 30.589565659573399 ], [ 74.397551573688233, 30.589565659573399 ], [ 74.397551573688233, 30.589475828375196 ], [ 74.395934612120627, 30.589475828375196 ], [ 74.395934612120627, 30.589565659573399 ], [ 74.395215962535033, 30.589565659573399 ], [ 74.395215962535033, 30.589475828375196 ], [ 74.394946468940432, 30.589475828375196 ], [ 74.394946468940432, 30.589565659573399 ], [ 74.394766806544027, 30.589565659573399 ], [ 74.394766806544027, 30.589475828375196 ], [ 74.394587144147621, 30.589475828375196 ], [ 74.394587144147621, 30.589565659573399 ], [ 74.394137988156629, 30.589565659573399 ], [ 74.394137988156629, 30.589745321969797 ], [ 74.394227819354825, 30.589745321969797 ], [ 74.394227819354825, 30.590374140357198 ], [ 74.394317650553035, 30.590374140357198 ], [ 74.394317650553035, 30.591092789942799 ], [ 74.395036300138628, 30.591092789942799 ], [ 74.395036300138628, 30.591002958744596 ], [ 74.395485456129634, 30.591002958744596 ], [ 74.395485456129634, 30.590913127546397 ], [ 74.39557528732783, 30.590913127546397 ], [ 74.39557528732783, 30.590823296348198 ], [ 74.395665118526026, 30.590823296348198 ], [ 74.395665118526026, 30.591002958744596 ], [ 74.396653261706234, 30.591002958744596 ], [ 74.396653261706234, 30.590913127546397 ], [ 74.396832924102625, 30.590913127546397 ], [ 74.396832924102625, 30.590733465149999 ], [ 74.397012586499031, 30.590733465149999 ], [ 74.397012586499031, 30.591092789942799 ], [ 74.39674309290443, 30.591092789942799 ], [ 74.39674309290443, 30.591362283537396 ], [ 74.396653261706234, 30.591362283537396 ], [ 74.396653261706234, 30.591092789942799 ], [ 74.395395624931425, 30.591092789942799 ], [ 74.395395624931425, 30.591182621140998 ], [ 74.394317650553035, 30.591182621140998 ], [ 74.394317650553035, 30.591272452339197 ], [ 74.394227819354825, 30.591272452339197 ], [ 74.394227819354825, 30.591541945933798 ], [ 74.395036300138628, 30.591541945933798 ], [ 74.395036300138628, 30.591721608330197 ], [ 74.394856637742222, 30.591721608330197 ], [ 74.394856637742222, 30.591631777131997 ], [ 74.394317650553035, 30.591631777131997 ], [ 74.394317650553035, 30.591721608330197 ], [ 74.394227819354825, 30.591721608330197 ], [ 74.394227819354825, 30.592080933122997 ], [ 74.395485456129634, 30.592080933122997 ] ], [ [ 74.397641404886429, 30.589924984366199 ], [ 74.397731236084624, 30.589924984366199 ], [ 74.397731236084624, 30.590104646762597 ], [ 74.397641404886429, 30.590104646762597 ], [ 74.397641404886429, 30.589924984366199 ] ] ] } },
{ "type": "Feature", "properties": { "source_field_id": "6681653", "source_area_m2": 97403.617, "confidence": null, "determination_datetime": "2024-01-01T05:30:00+05:30", "determination_method": "auto-imagery", "xmin": 74.525920355916028, "ymin": 30.658017032601798, "xmax": 74.53256786458283, "ymax": 30.662508592511799, "area_m2": 97330.603926319076, "area_ha": 9.7330603926319075, "field_id": "FTW-IN-PB-6681653", "boundary_source": "FIELDS_OF_THE_WORLD_GLOBAL_PRUE_2024_2025", "boundary_type": "RESEARCH_FIELD_BOUNDARY", "research_boundary_disclaimer": "Model-derived remote-sensing field unit; not a cadastral or ownership boundary.", "source_provider": "Fields of The World / Source Cooperative", "source_dataset": "Global Fields of The World, Punjab partition", "source_url": "https://data.source.coop/ftw/global-data/predictions/vectors/alpha/results-by-admin-conf/admin:country_code=IN/IN_PB.parquet", "real_or_synthetic": "REAL", "centroid_lon": 74.528943153417941, "centroid_lat": 30.660022173886784, "data_status": "REAL_SATELLITE_OBSERVATIONS", "ground_truth_status": "NO_GROUND_TRUTH_WEAK_PROXY_LABELS_ONLY", "demo_rank": 89, "demo_category": "OTHER", "demo_score": 7.947, "cropland_fraction": 1.0 }, "geometry": { "type": "Polygon", "coordinates": [ [ [ 74.526908499096223, 30.659813656565799 ], [ 74.526728836699832, 30.659813656565799 ], [ 74.526728836699832, 30.659903487763998 ], [ 74.526818667898027, 30.659903487763998 ], [ 74.526818667898027, 30.659993318962197 ], [ 74.526908499096223, 30.659993318962197 ], [ 74.526908499096223, 30.660083150160396 ], [ 74.526998330294433, 30.660083150160396 ], [ 74.526998330294433, 30.660172981358599 ], [ 74.527088161492628, 30.660172981358599 ], [ 74.527088161492628, 30.660262812556798 ], [ 74.527177992690824, 30.660262812556798 ], [ 74.527177992690824, 30.660352643754997 ], [ 74.527267823889034, 30.660352643754997 ], [ 74.527267823889034, 30.660442474953197 ], [ 74.527357655087229, 30.660442474953197 ], [ 74.527357655087229, 30.660532306151399 ], [ 74.527447486285425, 30.660532306151399 ], [ 74.527447486285425, 30.660622137349598 ], [ 74.527537317483635, 30.660622137349598 ], [ 74.527537317483635, 30.660711968547798 ], [ 74.52762714868183, 30.660711968547798 ], [ 74.52762714868183, 30.660801799745997 ], [ 74.527716979880026, 30.660801799745997 ], [ 74.527716979880026, 30.660891630944199 ], [ 74.529154279051227, 30.660891630944199 ], [ 74.529154279051227, 30.660801799745997 ], [ 74.529244110249422, 30.660801799745997 ], [ 74.529244110249422, 30.661071293340598 ], [ 74.529154279051227, 30.661071293340598 ], [ 74.529154279051227, 30.660981462142399 ], [ 74.527986473474627, 30.660981462142399 ], [ 74.527986473474627, 30.661071293340598 ], [ 74.527806811078221, 30.661071293340598 ], [ 74.527806811078221, 30.661250955736996 ], [ 74.527896642276431, 30.661250955736996 ], [ 74.527896642276431, 30.661430618133398 ], [ 74.527986473474627, 30.661430618133398 ], [ 74.527986473474627, 30.661789942926198 ], [ 74.528076304672823, 30.661789942926198 ], [ 74.528076304672823, 30.662059436520799 ], [ 74.528166135871032, 30.662059436520799 ], [ 74.528166135871032, 30.662239098917198 ], [ 74.528255967069228, 30.662239098917198 ], [ 74.528255967069228, 30.662418761313599 ], [ 74.528345798267424, 30.662418761313599 ], [ 74.528345798267424, 30.662508592511799 ], [ 74.528435629465633, 30.662508592511799 ], [ 74.528435629465633, 30.662418761313599 ], [ 74.528615291862025, 30.662418761313599 ], [ 74.528615291862025, 30.662508592511799 ], [ 74.529872928636834, 30.662508592511799 ], [ 74.529872928636834, 30.662149267718998 ], [ 74.529783097438624, 30.662149267718998 ], [ 74.529783097438624, 30.661610280529796 ], [ 74.529154279051227, 30.661610280529796 ], [ 74.529154279051227, 30.661520449331597 ], [ 74.529064447853031, 30.661520449331597 ], [ 74.529064447853031, 30.661430618133398 ], [ 74.529423772645828, 30.661430618133398 ], [ 74.529423772645828, 30.661520449331597 ], [ 74.529693266240429, 30.661520449331597 ], [ 74.529693266240429, 30.661430618133398 ], [ 74.529783097438624, 30.661430618133398 ], [ 74.529783097438624, 30.660083150160396 ], [ 74.529333941447632, 30.660083150160396 ], [ 74.529333941447632, 30.660172981358599 ], [ 74.529154279051227, 30.660172981358599 ], [ 74.529154279051227, 30.660083150160396 ], [ 74.52879495425843, 30.660083150160396 ], [ 74.52879495425843, 30.660172981358599 ], [ 74.527896642276431, 30.660172981358599 ], [ 74.527896642276431, 30.660262812556798 ], [ 74.527806811078221, 30.660262812556798 ], [ 74.527806811078221, 30.660442474953197 ], [ 74.527716979880026, 30.660442474953197 ], [ 74.527716979880026, 30.659544162971198 ], [ 74.52762714868183, 30.659544162971198 ], [ 74.52762714868183, 30.659364500574799 ], [ 74.528255967069228, 30.659364500574799 ], [ 74.528255967069228, 30.659274669376597 ], [ 74.52879495425843, 30.659274669376597 ], [ 74.52879495425843, 30.659184838178398 ], [ 74.529333941447632, 30.659184838178398 ], [ 74.529333941447632, 30.659095006980198 ], [ 74.529872928636834, 30.659095006980198 ], [ 74.529872928636834, 30.659005175781999 ], [ 74.530411915826022, 30.659005175781999 ], [ 74.530411915826022, 30.658915344583797 ], [ 74.531040734213434, 30.658915344583797 ], [ 74.531040734213434, 30.658825513385597 ], [ 74.531579721402622, 30.658825513385597 ], [ 74.531579721402622, 30.658735682187398 ], [ 74.532478033384635, 30.658735682187398 ], [ 74.532478033384635, 30.658645850989199 ], [ 74.53256786458283, 30.658645850989199 ], [ 74.53256786458283, 30.658017032601798 ], [ 74.532028877393628, 30.658017032601798 ], [ 74.532028877393628, 30.658106863799997 ], [ 74.531489890204426, 30.658106863799997 ], [ 74.531489890204426, 30.658196694998196 ], [ 74.530861071817029, 30.658196694998196 ], [ 74.530861071817029, 30.658286526196399 ], [ 74.530681409420623, 30.658286526196399 ], [ 74.530681409420623, 30.658556019790996 ], [ 74.530771240618833, 30.658556019790996 ], [ 74.530771240618833, 30.658645850989199 ], [ 74.530591578222428, 30.658645850989199 ], [ 74.530591578222428, 30.658286526196399 ], [ 74.530322084627826, 30.658286526196399 ], [ 74.530322084627826, 30.658376357394598 ], [ 74.529693266240429, 30.658376357394598 ], [ 74.529693266240429, 30.658466188592797 ], [ 74.529154279051227, 30.658466188592797 ], [ 74.529154279051227, 30.658556019790996 ], [ 74.528615291862025, 30.658556019790996 ], [ 74.528615291862025, 30.658645850989199 ], [ 74.527986473474627, 30.658645850989199 ], [ 74.527986473474627, 30.658735682187398 ], [ 74.527447486285425, 30.658735682187398 ], [ 74.527447486285425, 30.658825513385597 ], [ 74.526728836699832, 30.658825513385597 ], [ 74.526728836699832, 30.658915344583797 ], [ 74.526010187114224, 30.658915344583797 ], [ 74.526010187114224, 30.659005175781999 ], [ 74.525920355916028, 30.659005175781999 ], [ 74.525920355916028, 30.659095006980198 ], [ 74.526010187114224, 30.659095006980198 ], [ 74.526010187114224, 30.659184838178398 ], [ 74.526100018312434, 30.659184838178398 ], [ 74.526100018312434, 30.659274669376597 ], [ 74.526189849510629, 30.659274669376597 ], [ 74.526189849510629, 30.659364500574799 ], [ 74.526279680708825, 30.659364500574799 ], [ 74.526279680708825, 30.659454331772999 ], [ 74.526369511907035, 30.659454331772999 ], [ 74.526369511907035, 30.659544162971198 ], [ 74.52645934310523, 30.659544162971198 ], [ 74.52645934310523, 30.659633994169397 ], [ 74.526549174303426, 30.659633994169397 ], [ 74.526549174303426, 30.659723825367596 ], [ 74.526908499096223, 30.659723825367596 ], [ 74.526908499096223, 30.659813656565799 ] ], [ [ 74.526908499096223, 30.659633994169397 ], [ 74.527357655087229, 30.659633994169397 ], [ 74.527357655087229, 30.659723825367596 ], [ 74.526908499096223, 30.659723825367596 ], [ 74.526908499096223, 30.659633994169397 ] ] ] } },
{ "type": "Feature", "properties": { "source_field_id": "1693357", "source_area_m2": 72487.859, "confidence": null, "determination_datetime": "2024-01-01T05:30:00+05:30", "determination_method": "auto-imagery", "xmin": 74.807541162273026, "ymin": 30.374419939884397, "xmax": 74.809607279831624, "ymax": 30.379091162190797, "area_m2": 72430.487575979845, "area_ha": 7.2430487575979843, "field_id": "FTW-IN-PB-1693357", "boundary_source": "FIELDS_OF_THE_WORLD_GLOBAL_PRUE_2024_2025", "boundary_type": "RESEARCH_FIELD_BOUNDARY", "research_boundary_disclaimer": "Model-derived remote-sensing field unit; not a cadastral or ownership boundary.", "source_provider": "Fields of The World / Source Cooperative", "source_dataset": "Global Fields of The World, Punjab partition", "source_url": "https://data.source.coop/ftw/global-data/predictions/vectors/alpha/results-by-admin-conf/admin:country_code=IN/IN_PB.parquet", "real_or_synthetic": "REAL", "centroid_lon": 74.808660317179815, "centroid_lat": 30.376638903600476, "data_status": "REAL_SATELLITE_OBSERVATIONS", "ground_truth_status": "NO_GROUND_TRUTH_WEAK_PROXY_LABELS_ONLY", "demo_rank": 90, "demo_category": "OTHER", "demo_score": 7.449, "cropland_fraction": 1.0 }, "geometry": { "type": "Polygon", "coordinates": [ [ [ 74.808978461444227, 30.379091162190797 ], [ 74.808978461444227, 30.379001330992597 ], [ 74.809517448633429, 30.379001330992597 ], [ 74.809517448633429, 30.378552175001598 ], [ 74.809607279831624, 30.378552175001598 ], [ 74.809607279831624, 30.378192850208798 ], [ 74.809517448633429, 30.378192850208798 ], [ 74.809517448633429, 30.375677576659196 ], [ 74.809427617435233, 30.375677576659196 ], [ 74.809427617435233, 30.375497914262798 ], [ 74.809337786237023, 30.375497914262798 ], [ 74.809337786237023, 30.375228420668197 ], [ 74.809247955038828, 30.375228420668197 ], [ 74.809247955038828, 30.375048758271799 ], [ 74.809158123840632, 30.375048758271799 ], [ 74.809158123840632, 30.374869095875397 ], [ 74.809068292642436, 30.374869095875397 ], [ 74.809068292642436, 30.374779264677198 ], [ 74.808978461444227, 30.374779264677198 ], [ 74.808978461444227, 30.374689433478999 ], [ 74.808888630246031, 30.374689433478999 ], [ 74.808888630246031, 30.374599602280799 ], [ 74.808798799047835, 30.374599602280799 ], [ 74.808798799047835, 30.374509771082597 ], [ 74.808259811858633, 30.374509771082597 ], [ 74.808259811858633, 30.374419939884397 ], [ 74.807541162273026, 30.374419939884397 ], [ 74.807541162273026, 30.376306395046598 ], [ 74.808259811858633, 30.376306395046598 ], [ 74.808259811858633, 30.376396226244797 ], [ 74.808349643056829, 30.376396226244797 ], [ 74.808349643056829, 30.376486057443 ], [ 74.808259811858633, 30.376486057443 ], [ 74.808259811858633, 30.3780131878124 ], [ 74.808169980660423, 30.3780131878124 ], [ 74.808169980660423, 30.379091162190797 ], [ 74.808978461444227, 30.379091162190797 ] ] ] } },
{ "type": "Feature", "properties": { "source_field_id": "1682014", "source_area_m2": 64865.434, "confidence": null, "determination_datetime": "2024-01-01T05:30:00+05:30", "determination_method": "auto-imagery", "xmin": 74.767925603866829, "ymin": 30.328336535207796, "xmax": 74.771429020596628, "ymax": 30.331031471153796, "area_m2": 64814.335361625854, "area_ha": 6.4814335361625854, "field_id": "FTW-IN-PB-1682014", "boundary_source": "FIELDS_OF_THE_WORLD_GLOBAL_PRUE_2024_2025", "boundary_type": "RESEARCH_FIELD_BOUNDARY", "research_boundary_disclaimer": "Model-derived remote-sensing field unit; not a cadastral or ownership boundary.", "source_provider": "Fields of The World / Source Cooperative", "source_dataset": "Global Fields of The World, Punjab partition", "source_url": "https://data.source.coop/ftw/global-data/predictions/vectors/alpha/results-by-admin-conf/admin:country_code=IN/IN_PB.parquet", "real_or_synthetic": "REAL", "centroid_lon": 74.769896408592459, "centroid_lat": 30.329607396401151, "data_status": "REAL_SATELLITE_OBSERVATIONS", "ground_truth_status": "NO_GROUND_TRUTH_WEAK_PROXY_LABELS_ONLY", "demo_rank": 91, "demo_category": "OTHER", "demo_score": 7.296, "cropland_fraction": 1.0 }, "geometry": { "type": "Polygon", "coordinates": [ [ [ 74.770620539812825, 30.330222990369997 ], [ 74.770620539812825, 30.330312821568199 ], [ 74.770710371011035, 30.330312821568199 ], [ 74.770710371011035, 30.330402652766399 ], [ 74.77080020220923, 30.330402652766399 ], [ 74.77080020220923, 30.330492483964598 ], [ 74.770890033407426, 30.330492483964598 ], [ 74.770890033407426, 30.330582315162797 ], [ 74.771069695803831, 30.330582315162797 ], [ 74.771069695803831, 30.330672146360996 ], [ 74.771159527002027, 30.330672146360996 ], [ 74.771159527002027, 30.330761977559199 ], [ 74.771249358200237, 30.330761977559199 ], [ 74.771249358200237, 30.330851808757398 ], [ 74.771339189398432, 30.330851808757398 ], [ 74.771339189398432, 30.330672146360996 ], [ 74.771429020596628, 30.330672146360996 ], [ 74.771429020596628, 30.330043327973598 ], [ 74.771339189398432, 30.330043327973598 ], [ 74.771339189398432, 30.329953496775399 ], [ 74.771429020596628, 30.329953496775399 ], [ 74.771429020596628, 30.329594171982599 ], [ 74.771339189398432, 30.329594171982599 ], [ 74.771339189398432, 30.328965353595198 ], [ 74.770979864605636, 30.328965353595198 ], [ 74.770979864605636, 30.328875522396999 ], [ 74.771339189398432, 30.328875522396999 ], [ 74.771339189398432, 30.328426366405999 ], [ 74.771249358200237, 30.328426366405999 ], [ 74.771249358200237, 30.328336535207796 ], [ 74.771069695803831, 30.328336535207796 ], [ 74.771069695803831, 30.328426366405999 ], [ 74.77080020220923, 30.328426366405999 ], [ 74.77080020220923, 30.328875522396999 ], [ 74.770890033407426, 30.328875522396999 ], [ 74.770890033407426, 30.329055184793397 ], [ 74.77080020220923, 30.329055184793397 ], [ 74.77080020220923, 30.330133159171798 ], [ 74.770710371011035, 30.330133159171798 ], [ 74.770710371011035, 30.328965353595198 ], [ 74.769722227830826, 30.328965353595198 ], [ 74.769722227830826, 30.328875522396999 ], [ 74.770620539812825, 30.328875522396999 ], [ 74.770620539812825, 30.328785691198799 ], [ 74.770710371011035, 30.328785691198799 ], [ 74.770710371011035, 30.328606028802398 ], [ 74.770620539812825, 30.328606028802398 ], [ 74.770620539812825, 30.328426366405999 ], [ 74.768734084650632, 30.328426366405999 ], [ 74.768734084650632, 30.328785691198799 ], [ 74.768823915848827, 30.328785691198799 ], [ 74.768823915848827, 30.328875522396999 ], [ 74.769093409443428, 30.328875522396999 ], [ 74.769093409443428, 30.328965353595198 ], [ 74.767925603866829, 30.328965353595198 ], [ 74.767925603866829, 30.329055184793397 ], [ 74.768015435065024, 30.329055184793397 ], [ 74.768015435065024, 30.329324678387998 ], [ 74.768374759857835, 30.329324678387998 ], [ 74.768374759857835, 30.329414509586197 ], [ 74.768644253452436, 30.329414509586197 ], [ 74.768644253452436, 30.329324678387998 ], [ 74.768734084650632, 30.329324678387998 ], [ 74.768734084650632, 30.329414509586197 ], [ 74.768913747047023, 30.329414509586197 ], [ 74.768913747047023, 30.329504340784396 ], [ 74.768734084650632, 30.329504340784396 ], [ 74.768734084650632, 30.329684003180798 ], [ 74.768644253452436, 30.329684003180798 ], [ 74.768644253452436, 30.329504340784396 ], [ 74.768015435065024, 30.329504340784396 ], [ 74.768015435065024, 30.329684003180798 ], [ 74.768105266263234, 30.329684003180798 ], [ 74.768105266263234, 30.329863665577196 ], [ 74.76819509746143, 30.329863665577196 ], [ 74.76819509746143, 30.329953496775399 ], [ 74.768644253452436, 30.329953496775399 ], [ 74.768644253452436, 30.329773834378997 ], [ 74.768823915848827, 30.329773834378997 ], [ 74.768823915848827, 30.329863665577196 ], [ 74.768913747047023, 30.329863665577196 ], [ 74.768913747047023, 30.329953496775399 ], [ 74.768823915848827, 30.329953496775399 ], [ 74.768823915848827, 30.330043327973598 ], [ 74.76819509746143, 30.330043327973598 ], [ 74.76819509746143, 30.330402652766399 ], [ 74.768284928659625, 30.330402652766399 ], [ 74.768284928659625, 30.330492483964598 ], [ 74.76963239663263, 30.330492483964598 ], [ 74.76963239663263, 30.330402652766399 ], [ 74.769812059029036, 30.330402652766399 ], [ 74.769812059029036, 30.330492483964598 ], [ 74.770261215020028, 30.330492483964598 ], [ 74.770261215020028, 30.330582315162797 ], [ 74.769991721425427, 30.330582315162797 ], [ 74.769991721425427, 30.330761977559199 ], [ 74.770081552623637, 30.330761977559199 ], [ 74.770081552623637, 30.330941639955597 ], [ 74.770171383821832, 30.330941639955597 ], [ 74.770171383821832, 30.331031471153796 ], [ 74.770351046218224, 30.331031471153796 ], [ 74.770351046218224, 30.330941639955597 ], [ 74.770530708614629, 30.330941639955597 ], [ 74.770530708614629, 30.331031471153796 ], [ 74.771159527002027, 30.331031471153796 ], [ 74.771159527002027, 30.330851808757398 ], [ 74.771069695803831, 30.330851808757398 ], [ 74.771069695803831, 30.330761977559199 ], [ 74.770979864605636, 30.330761977559199 ], [ 74.770979864605636, 30.330672146360996 ], [ 74.77080020220923, 30.330672146360996 ], [ 74.77080020220923, 30.330582315162797 ], [ 74.770620539812825, 30.330582315162797 ], [ 74.770620539812825, 30.330492483964598 ], [ 74.770530708614629, 30.330492483964598 ], [ 74.770530708614629, 30.330312821568199 ], [ 74.770440877416434, 30.330312821568199 ], [ 74.770440877416434, 30.330222990369997 ], [ 74.770620539812825, 30.330222990369997 ] ], [ [ 74.770261215020028, 30.330222990369997 ], [ 74.770261215020028, 30.330133159171798 ], [ 74.770171383821832, 30.330133159171798 ], [ 74.770171383821832, 30.330043327973598 ], [ 74.769273071839834, 30.330043327973598 ], [ 74.769273071839834, 30.329953496775399 ], [ 74.769901890227231, 30.329953496775399 ], [ 74.769901890227231, 30.329773834378997 ], [ 74.769991721425427, 30.329773834378997 ], [ 74.769991721425427, 30.329863665577196 ], [ 74.770081552623637, 30.329863665577196 ], [ 74.770081552623637, 30.329953496775399 ], [ 74.770261215020028, 30.329953496775399 ], [ 74.770261215020028, 30.330043327973598 ], [ 74.770351046218224, 30.330043327973598 ], [ 74.770351046218224, 30.330133159171798 ], [ 74.770440877416434, 30.330133159171798 ], [ 74.770440877416434, 30.330222990369997 ], [ 74.770261215020028, 30.330222990369997 ] ], [ [ 74.769722227830826, 30.329773834378997 ], [ 74.769722227830826, 30.329684003180798 ], [ 74.76963239663263, 30.329684003180798 ], [ 74.76963239663263, 30.329594171982599 ], [ 74.769452734236225, 30.329594171982599 ], [ 74.769452734236225, 30.329504340784396 ], [ 74.769362903038029, 30.329504340784396 ], [ 74.769362903038029, 30.329324678387998 ], [ 74.769452734236225, 30.329324678387998 ], [ 74.769452734236225, 30.329414509586197 ], [ 74.769542565434435, 30.329414509586197 ], [ 74.769542565434435, 30.329504340784396 ], [ 74.769722227830826, 30.329504340784396 ], [ 74.769722227830826, 30.329594171982599 ], [ 74.769812059029036, 30.329594171982599 ], [ 74.769812059029036, 30.329684003180798 ], [ 74.769901890227231, 30.329684003180798 ], [ 74.769901890227231, 30.329773834378997 ], [ 74.769722227830826, 30.329773834378997 ] ], [ [ 74.769273071839834, 30.328875522396999 ], [ 74.769542565434435, 30.328875522396999 ], [ 74.769542565434435, 30.328965353595198 ], [ 74.769273071839834, 30.328965353595198 ], [ 74.769273071839834, 30.328875522396999 ] ] ] } },
{ "type": "Feature", "properties": { "source_field_id": "1629045", "source_area_m2": 64820.145, "confidence": null, "determination_datetime": "2025-01-01T05:30:00+05:30", "determination_method": "auto-imagery", "xmin": 74.537598411682026, "ymin": 30.265814021260599, "xmax": 74.541640815601028, "ymax": 30.267430982828198, "area_m2": 64771.434751870933, "area_ha": 6.4771434751870931, "field_id": "FTW-IN-PB-1629045", "boundary_source": "FIELDS_OF_THE_WORLD_GLOBAL_PRUE_2024_2025", "boundary_type": "RESEARCH_FIELD_BOUNDARY", "research_boundary_disclaimer": "Model-derived remote-sensing field unit; not a cadastral or ownership boundary.", "source_provider": "Fields of The World / Source Cooperative", "source_dataset": "Global Fields of The World, Punjab partition", "source_url": "https://data.source.coop/ftw/global-data/predictions/vectors/alpha/results-by-admin-conf/admin:country_code=IN/IN_PB.parquet", "real_or_synthetic": "REAL", "centroid_lon": 74.53968892423552, "centroid_lat": 30.266601092994076, "data_status": "REAL_SATELLITE_OBSERVATIONS", "ground_truth_status": "NO_GROUND_TRUTH_WEAK_PROXY_LABELS_ONLY", "demo_rank": 92, "demo_category": "OTHER", "demo_score": 7.295, "cropland_fraction": 1.0 }, "geometry": { "type": "Polygon", "coordinates": [ [ [ 74.538856048456822, 30.267430982828198 ], [ 74.538856048456822, 30.267341151629999 ], [ 74.538945879655031, 30.267341151629999 ], [ 74.538945879655031, 30.265993683656998 ], [ 74.539035710853227, 30.265993683656998 ], [ 74.539035710853227, 30.267341151629999 ], [ 74.539125542051423, 30.267341151629999 ], [ 74.539125542051423, 30.267430982828198 ], [ 74.540203516429827, 30.267430982828198 ], [ 74.540203516429827, 30.267341151629999 ], [ 74.540293347628023, 30.267341151629999 ], [ 74.540293347628023, 30.266891995638996 ], [ 74.540473010024428, 30.266891995638996 ], [ 74.540473010024428, 30.267161489233597 ], [ 74.540383178826232, 30.267161489233597 ], [ 74.540383178826232, 30.267341151629999 ], [ 74.540473010024428, 30.267341151629999 ], [ 74.540473010024428, 30.267430982828198 ], [ 74.541640815601028, 30.267430982828198 ], [ 74.541640815601028, 30.265814021260599 ], [ 74.539035710853227, 30.265814021260599 ], [ 74.539035710853227, 30.265903852458798 ], [ 74.538945879655031, 30.265903852458798 ], [ 74.538945879655031, 30.265814021260599 ], [ 74.537688242880222, 30.265814021260599 ], [ 74.537688242880222, 30.266263177251599 ], [ 74.537598411682026, 30.266263177251599 ], [ 74.537598411682026, 30.266353008449798 ], [ 74.537688242880222, 30.266353008449798 ], [ 74.537688242880222, 30.267341151629999 ], [ 74.538586554862235, 30.267341151629999 ], [ 74.538586554862235, 30.267430982828198 ], [ 74.538856048456822, 30.267430982828198 ] ] ] } },
{ "type": "Feature", "properties": { "source_field_id": "1710209", "source_area_m2": 139319.03, "confidence": null, "determination_datetime": "2024-01-01T05:30:00+05:30", "determination_method": "auto-imagery", "xmin": 74.645036524729235, "ymin": 30.484642820075798, "xmax": 74.651863695792429, "ymax": 30.487876743210997, "area_m2": 139211.49872495767, "area_ha": 13.921149872495766, "field_id": "FTW-IN-PB-1710209", "boundary_source": "FIELDS_OF_THE_WORLD_GLOBAL_PRUE_2024_2025", "boundary_type": "RESEARCH_FIELD_BOUNDARY", "research_boundary_disclaimer": "Model-derived remote-sensing field unit; not a cadastral or ownership boundary.", "source_provider": "Fields of The World / Source Cooperative", "source_dataset": "Global Fields of The World, Punjab partition", "source_url": "https://data.source.coop/ftw/global-data/predictions/vectors/alpha/results-by-admin-conf/admin:country_code=IN/IN_PB.parquet", "real_or_synthetic": "REAL", "centroid_lon": 74.649064412568649, "centroid_lat": 30.486192224103281, "data_status": "REAL_SATELLITE_OBSERVATIONS", "ground_truth_status": "NO_GROUND_TRUTH_WEAK_PROXY_LABELS_ONLY", "demo_rank": 93, "demo_category": "OTHER", "demo_score": 7.0, "cropland_fraction": 1.0 }, "geometry": { "type": "Polygon", "coordinates": [ [ [ 74.650695890215829, 30.487876743210997 ], [ 74.650695890215829, 30.487786912012798 ], [ 74.651863695792429, 30.487786912012798 ], [ 74.651863695792429, 30.487158093625396 ], [ 74.651773864594233, 30.487158093625396 ], [ 74.651773864594233, 30.487068262427197 ], [ 74.651863695792429, 30.487068262427197 ], [ 74.651863695792429, 30.486888600030799 ], [ 74.651773864594233, 30.486888600030799 ], [ 74.651773864594233, 30.486080119246999 ], [ 74.651863695792429, 30.486080119246999 ], [ 74.651863695792429, 30.485720794454199 ], [ 74.651773864594233, 30.485720794454199 ], [ 74.651773864594233, 30.485541132057797 ], [ 74.651863695792429, 30.485541132057797 ], [ 74.651863695792429, 30.484642820075798 ], [ 74.650516227819423, 30.484642820075798 ], [ 74.650516227819423, 30.484732651273998 ], [ 74.650067071828431, 30.484732651273998 ], [ 74.650067071828431, 30.485002144868599 ], [ 74.650156903026627, 30.485002144868599 ], [ 74.650156903026627, 30.485271638463196 ], [ 74.650067071828431, 30.485271638463196 ], [ 74.650067071828431, 30.485451300859598 ], [ 74.650156903026627, 30.485451300859598 ], [ 74.650156903026627, 30.485630963255996 ], [ 74.650246734224837, 30.485630963255996 ], [ 74.650246734224837, 30.485720794454199 ], [ 74.650156903026627, 30.485720794454199 ], [ 74.650156903026627, 30.485810625652398 ], [ 74.650067071828431, 30.485810625652398 ], [ 74.650067071828431, 30.485720794454199 ], [ 74.649887409432026, 30.485720794454199 ], [ 74.649887409432026, 30.485630963255996 ], [ 74.649977240630236, 30.485630963255996 ], [ 74.649977240630236, 30.485271638463196 ], [ 74.649887409432026, 30.485271638463196 ], [ 74.649887409432026, 30.485181807264997 ], [ 74.648809435053636, 30.485181807264997 ], [ 74.648809435053636, 30.485271638463196 ], [ 74.648539941459035, 30.485271638463196 ], [ 74.648539941459035, 30.485361469661399 ], [ 74.648450110260825, 30.485361469661399 ], [ 74.648450110260825, 30.485271638463196 ], [ 74.647821291873427, 30.485271638463196 ], [ 74.647821291873427, 30.485900456850597 ], [ 74.647731460675232, 30.485900456850597 ], [ 74.647731460675232, 30.485181807264997 ], [ 74.645845005513024, 30.485181807264997 ], [ 74.645845005513024, 30.485630963255996 ], [ 74.645755174314829, 30.485630963255996 ], [ 74.645755174314829, 30.485271638463196 ], [ 74.645665343116633, 30.485271638463196 ], [ 74.645665343116633, 30.485181807264997 ], [ 74.645036524729235, 30.485181807264997 ], [ 74.645036524729235, 30.486080119246999 ], [ 74.645126355927431, 30.486080119246999 ], [ 74.645126355927431, 30.486169950445198 ], [ 74.646922979891428, 30.486169950445198 ], [ 74.646922979891428, 30.486080119246999 ], [ 74.648090785468028, 30.486080119246999 ], [ 74.648090785468028, 30.486169950445198 ], [ 74.647821291873427, 30.486169950445198 ], [ 74.647821291873427, 30.486259781643398 ], [ 74.645216187125627, 30.486259781643398 ], [ 74.645216187125627, 30.486708937634397 ], [ 74.647641629477036, 30.486708937634397 ], [ 74.647641629477036, 30.486619106436198 ], [ 74.647731460675232, 30.486619106436198 ], [ 74.647731460675232, 30.486708937634397 ], [ 74.648360279062629, 30.486708937634397 ], [ 74.648360279062629, 30.485541132057797 ], [ 74.648539941459035, 30.485541132057797 ], [ 74.648539941459035, 30.485630963255996 ], [ 74.648809435053636, 30.485630963255996 ], [ 74.648809435053636, 30.485720794454199 ], [ 74.648539941459035, 30.485720794454199 ], [ 74.648539941459035, 30.485810625652398 ], [ 74.648450110260825, 30.485810625652398 ], [ 74.648450110260825, 30.486080119246999 ], [ 74.648539941459035, 30.486080119246999 ], [ 74.648539941459035, 30.486169950445198 ], [ 74.649707747035634, 30.486169950445198 ], [ 74.649707747035634, 30.486259781643398 ], [ 74.648450110260825, 30.486259781643398 ], [ 74.648450110260825, 30.486529275237999 ], [ 74.648539941459035, 30.486529275237999 ], [ 74.648539941459035, 30.486708937634397 ], [ 74.650785721414024, 30.486708937634397 ], [ 74.650785721414024, 30.486619106436198 ], [ 74.650875552612234, 30.486619106436198 ], [ 74.650875552612234, 30.486708937634397 ], [ 74.65096538381043, 30.486708937634397 ], [ 74.65096538381043, 30.486888600030799 ], [ 74.650695890215829, 30.486888600030799 ], [ 74.650695890215829, 30.4867987688326 ], [ 74.648719603855426, 30.4867987688326 ], [ 74.648719603855426, 30.486888600030799 ], [ 74.648539941459035, 30.486888600030799 ], [ 74.648539941459035, 30.487247924823599 ], [ 74.649258591044628, 30.487247924823599 ], [ 74.649258591044628, 30.487337756021798 ], [ 74.648539941459035, 30.487337756021798 ], [ 74.648539941459035, 30.487786912012798 ], [ 74.649977240630236, 30.487786912012798 ], [ 74.649977240630236, 30.487876743210997 ], [ 74.650695890215829, 30.487876743210997 ] ], [ [ 74.650875552612234, 30.487337756021798 ], [ 74.650606059017633, 30.487337756021798 ], [ 74.650606059017633, 30.487247924823599 ], [ 74.651145046206835, 30.487247924823599 ], [ 74.651145046206835, 30.487337756021798 ], [ 74.651055215008626, 30.487337756021798 ], [ 74.651055215008626, 30.487427587219997 ], [ 74.650875552612234, 30.487427587219997 ], [ 74.650875552612234, 30.487337756021798 ] ], [ [ 74.649528084639229, 30.487247924823599 ], [ 74.650516227819423, 30.487247924823599 ], [ 74.650516227819423, 30.487337756021798 ], [ 74.649528084639229, 30.487337756021798 ], [ 74.649528084639229, 30.487247924823599 ] ], [ [ 74.64979757823383, 30.486259781643398 ], [ 74.649977240630236, 30.486259781643398 ], [ 74.649977240630236, 30.486169950445198 ], [ 74.650426396621228, 30.486169950445198 ], [ 74.650426396621228, 30.486259781643398 ], [ 74.651055215008626, 30.486259781643398 ], [ 74.651055215008626, 30.486169950445198 ], [ 74.651504370999632, 30.486169950445198 ], [ 74.651504370999632, 30.486259781643398 ], [ 74.651145046206835, 30.486259781643398 ], [ 74.651145046206835, 30.486349612841597 ], [ 74.64979757823383, 30.486349612841597 ], [ 74.64979757823383, 30.486259781643398 ] ], [ [ 74.649348422242824, 30.485630963255996 ], [ 74.649707747035634, 30.485630963255996 ], [ 74.649707747035634, 30.485720794454199 ], [ 74.649348422242824, 30.485720794454199 ], [ 74.649348422242824, 30.485630963255996 ] ], [ [ 74.651234877405031, 30.485630963255996 ], [ 74.651414539801436, 30.485630963255996 ], [ 74.651414539801436, 30.485720794454199 ], [ 74.651234877405031, 30.485720794454199 ], [ 74.651234877405031, 30.485630963255996 ] ] ] } },
{ "type": "Feature", "properties": { "source_field_id": "6193169", "source_area_m2": 81035.086, "confidence": null, "determination_datetime": "2024-01-01T05:30:00+05:30", "determination_method": "auto-imagery", "xmin": 74.506965973095831, "ymin": 30.543841579689598, "xmax": 74.511727026600425, "ymax": 30.546446684437399, "area_m2": 80974.699468547857, "area_ha": 8.0974699468547851, "field_id": "FTW-IN-PB-6193169", "boundary_source": "FIELDS_OF_THE_WORLD_GLOBAL_PRUE_2024_2025", "boundary_type": "RESEARCH_FIELD_BOUNDARY", "research_boundary_disclaimer": "Model-derived remote-sensing field unit; not a cadastral or ownership boundary.", "source_provider": "Fields of The World / Source Cooperative", "source_dataset": "Global Fields of The World, Punjab partition", "source_url": "https://data.source.coop/ftw/global-data/predictions/vectors/alpha/results-by-admin-conf/admin:country_code=IN/IN_PB.parquet", "real_or_synthetic": "REAL", "centroid_lon": 74.509100036894083, "centroid_lat": 30.545285161534778, "data_status": "REAL_SATELLITE_OBSERVATIONS", "ground_truth_status": "NO_GROUND_TRUTH_WEAK_PROXY_LABELS_ONLY", "demo_rank": 94, "demo_category": "OTHER", "demo_score": 6.619, "cropland_fraction": 1.0 }, "geometry": { "type": "Polygon", "coordinates": [ [ [ 74.508852428258024, 30.546446684437399 ], [ 74.508852428258024, 30.5463568532392 ], [ 74.508942259456234, 30.5463568532392 ], [ 74.508942259456234, 30.545638203653599 ], [ 74.508582934663423, 30.545638203653599 ], [ 74.508582934663423, 30.545548372455396 ], [ 74.508403272267032, 30.545548372455396 ], [ 74.508403272267032, 30.545638203653599 ], [ 74.508313441068822, 30.545638203653599 ], [ 74.508313441068822, 30.545728034851798 ], [ 74.508223609870626, 30.545728034851798 ], [ 74.508223609870626, 30.545638203653599 ], [ 74.50813377867243, 30.545638203653599 ], [ 74.50813377867243, 30.545548372455396 ], [ 74.508043947474235, 30.545548372455396 ], [ 74.508043947474235, 30.545458541257197 ], [ 74.50813377867243, 30.545458541257197 ], [ 74.50813377867243, 30.545368710058998 ], [ 74.508223609870626, 30.545368710058998 ], [ 74.508223609870626, 30.545458541257197 ], [ 74.508942259456234, 30.545458541257197 ], [ 74.508942259456234, 30.545368710058998 ], [ 74.509032090654429, 30.545368710058998 ], [ 74.509032090654429, 30.545009385266198 ], [ 74.508313441068822, 30.545009385266198 ], [ 74.508313441068822, 30.545099216464397 ], [ 74.508223609870626, 30.545099216464397 ], [ 74.508223609870626, 30.545189047662596 ], [ 74.50813377867243, 30.545189047662596 ], [ 74.50813377867243, 30.545099216464397 ], [ 74.508043947474235, 30.545099216464397 ], [ 74.508043947474235, 30.5448297228698 ], [ 74.508223609870626, 30.5448297228698 ], [ 74.508223609870626, 30.544739891671597 ], [ 74.508403272267032, 30.544739891671597 ], [ 74.508403272267032, 30.5448297228698 ], [ 74.508672765861633, 30.5448297228698 ], [ 74.508672765861633, 30.544739891671597 ], [ 74.508852428258024, 30.544739891671597 ], [ 74.508852428258024, 30.5448297228698 ], [ 74.509032090654429, 30.5448297228698 ], [ 74.509032090654429, 30.544739891671597 ], [ 74.509121921852625, 30.544739891671597 ], [ 74.509121921852625, 30.5448297228698 ], [ 74.509211753050835, 30.5448297228698 ], [ 74.509211753050835, 30.545009385266198 ], [ 74.509121921852625, 30.545009385266198 ], [ 74.509121921852625, 30.545099216464397 ], [ 74.509211753050835, 30.545099216464397 ], [ 74.509211753050835, 30.545548372455396 ], [ 74.509121921852625, 30.545548372455396 ], [ 74.509121921852625, 30.546446684437399 ], [ 74.509660909041827, 30.546446684437399 ], [ 74.509660909041827, 30.545728034851798 ], [ 74.509571077843631, 30.545728034851798 ], [ 74.509571077843631, 30.545278878860799 ], [ 74.509481246645421, 30.545278878860799 ], [ 74.509481246645421, 30.544919554067999 ], [ 74.509391415447226, 30.544919554067999 ], [ 74.509391415447226, 30.544650060473398 ], [ 74.50930158424903, 30.544650060473398 ], [ 74.50930158424903, 30.544470398076999 ], [ 74.509121921852625, 30.544470398076999 ], [ 74.509121921852625, 30.544380566878797 ], [ 74.509032090654429, 30.544380566878797 ], [ 74.509032090654429, 30.544200904482398 ], [ 74.509211753050835, 30.544200904482398 ], [ 74.509211753050835, 30.544111073284199 ], [ 74.50930158424903, 30.544111073284199 ], [ 74.50930158424903, 30.544200904482398 ], [ 74.509481246645421, 30.544200904482398 ], [ 74.509481246645421, 30.544470398076999 ], [ 74.509571077843631, 30.544470398076999 ], [ 74.509571077843631, 30.544650060473398 ], [ 74.509481246645421, 30.544650060473398 ], [ 74.509481246645421, 30.544739891671597 ], [ 74.509571077843631, 30.544739891671597 ], [ 74.509571077843631, 30.5448297228698 ], [ 74.509660909041827, 30.5448297228698 ], [ 74.509660909041827, 30.545368710058998 ], [ 74.509750740240023, 30.545368710058998 ], [ 74.509750740240023, 30.545548372455396 ], [ 74.509840571438232, 30.545548372455396 ], [ 74.509840571438232, 30.545638203653599 ], [ 74.509750740240023, 30.545638203653599 ], [ 74.509750740240023, 30.5463568532392 ], [ 74.509840571438232, 30.5463568532392 ], [ 74.509840571438232, 30.546446684437399 ], [ 74.51046938982563, 30.546446684437399 ], [ 74.51046938982563, 30.5463568532392 ], [ 74.510559221023826, 30.5463568532392 ], [ 74.510559221023826, 30.546087359644599 ], [ 74.510379558627434, 30.546087359644599 ], [ 74.510379558627434, 30.545997528446399 ], [ 74.510199896231029, 30.545997528446399 ], [ 74.510199896231029, 30.545817866049997 ], [ 74.510289727429225, 30.545817866049997 ], [ 74.510289727429225, 30.545728034851798 ], [ 74.510199896231029, 30.545728034851798 ], [ 74.510199896231029, 30.545548372455396 ], [ 74.510020233834624, 30.545548372455396 ], [ 74.510020233834624, 30.545458541257197 ], [ 74.510110065032833, 30.545458541257197 ], [ 74.510110065032833, 30.545368710058998 ], [ 74.510199896231029, 30.545368710058998 ], [ 74.510199896231029, 30.545278878860799 ], [ 74.510289727429225, 30.545278878860799 ], [ 74.510289727429225, 30.545368710058998 ], [ 74.51046938982563, 30.545368710058998 ], [ 74.51046938982563, 30.545458541257197 ], [ 74.510379558627434, 30.545458541257197 ], [ 74.510379558627434, 30.545907697248197 ], [ 74.511547364204034, 30.545907697248197 ], [ 74.511547364204034, 30.545817866049997 ], [ 74.51163719540223, 30.545817866049997 ], [ 74.51163719540223, 30.545728034851798 ], [ 74.511727026600425, 30.545728034851798 ], [ 74.511727026600425, 30.545548372455396 ], [ 74.511547364204034, 30.545548372455396 ], [ 74.511547364204034, 30.545458541257197 ], [ 74.511457533005824, 30.545458541257197 ], [ 74.511457533005824, 30.545278878860799 ], [ 74.511547364204034, 30.545278878860799 ], [ 74.511547364204034, 30.545009385266198 ], [ 74.511457533005824, 30.545009385266198 ], [ 74.511457533005824, 30.544919554067999 ], [ 74.510649052222021, 30.544919554067999 ], [ 74.510649052222021, 30.545009385266198 ], [ 74.51046938982563, 30.545009385266198 ], [ 74.51046938982563, 30.545099216464397 ], [ 74.510020233834624, 30.545099216464397 ], [ 74.510020233834624, 30.544470398076999 ], [ 74.509750740240023, 30.544470398076999 ], [ 74.509750740240023, 30.544560229275199 ], [ 74.509660909041827, 30.544560229275199 ], [ 74.509660909041827, 30.544290735680597 ], [ 74.509750740240023, 30.544290735680597 ], [ 74.509750740240023, 30.544111073284199 ], [ 74.509840571438232, 30.544111073284199 ], [ 74.509840571438232, 30.544290735680597 ], [ 74.509930402636428, 30.544290735680597 ], [ 74.509930402636428, 30.544380566878797 ], [ 74.510110065032833, 30.544380566878797 ], [ 74.510110065032833, 30.544290735680597 ], [ 74.510289727429225, 30.544290735680597 ], [ 74.510289727429225, 30.544380566878797 ], [ 74.510738883420231, 30.544380566878797 ], [ 74.510738883420231, 30.544290735680597 ], [ 74.511098208213028, 30.544290735680597 ], [ 74.511098208213028, 30.543931410887797 ], [ 74.511008377014832, 30.543931410887797 ], [ 74.511008377014832, 30.543841579689598 ], [ 74.510020233834624, 30.543841579689598 ], [ 74.510020233834624, 30.543931410887797 ], [ 74.509930402636428, 30.543931410887797 ], [ 74.509930402636428, 30.544021242085996 ], [ 74.509840571438232, 30.544021242085996 ], [ 74.509840571438232, 30.543931410887797 ], [ 74.509750740240023, 30.543931410887797 ], [ 74.509750740240023, 30.543841579689598 ], [ 74.50930158424903, 30.543841579689598 ], [ 74.50930158424903, 30.543931410887797 ], [ 74.509121921852625, 30.543931410887797 ], [ 74.509121921852625, 30.543841579689598 ], [ 74.508493103465227, 30.543841579689598 ], [ 74.508493103465227, 30.543931410887797 ], [ 74.508403272267032, 30.543931410887797 ], [ 74.508403272267032, 30.544290735680597 ], [ 74.508493103465227, 30.544290735680597 ], [ 74.508493103465227, 30.544470398076999 ], [ 74.508403272267032, 30.544470398076999 ], [ 74.508403272267032, 30.544560229275199 ], [ 74.508313441068822, 30.544560229275199 ], [ 74.508313441068822, 30.544470398076999 ], [ 74.507504960285033, 30.544470398076999 ], [ 74.507504960285033, 30.544380566878797 ], [ 74.507055804294026, 30.544380566878797 ], [ 74.507055804294026, 30.544470398076999 ], [ 74.506965973095831, 30.544470398076999 ], [ 74.506965973095831, 30.544739891671597 ], [ 74.507594791483228, 30.544739891671597 ], [ 74.507594791483228, 30.544650060473398 ], [ 74.507684622681424, 30.544650060473398 ], [ 74.507684622681424, 30.544739891671597 ], [ 74.507954116276025, 30.544739891671597 ], [ 74.507954116276025, 30.5448297228698 ], [ 74.507684622681424, 30.5448297228698 ], [ 74.507684622681424, 30.545189047662596 ], [ 74.507504960285033, 30.545189047662596 ], [ 74.507504960285033, 30.545099216464397 ], [ 74.507594791483228, 30.545099216464397 ], [ 74.507594791483228, 30.5448297228698 ], [ 74.506965973095831, 30.5448297228698 ], [ 74.506965973095831, 30.545997528446399 ], [ 74.507055804294026, 30.545997528446399 ], [ 74.507055804294026, 30.546087359644599 ], [ 74.506965973095831, 30.546087359644599 ], [ 74.506965973095831, 30.546446684437399 ], [ 74.508852428258024, 30.546446684437399 ] ], [ [ 74.508672765861633, 30.544380566878797 ], [ 74.508582934663423, 30.544380566878797 ], [ 74.508582934663423, 30.544200904482398 ], [ 74.508852428258024, 30.544200904482398 ], [ 74.508852428258024, 30.544470398076999 ], [ 74.508762597059828, 30.544470398076999 ], [ 74.508762597059828, 30.544650060473398 ], [ 74.508672765861633, 30.544650060473398 ], [ 74.508672765861633, 30.544380566878797 ] ] ] } },
{ "type": "Feature", "properties": { "source_field_id": "1690269", "source_area_m2": 87287.375, "confidence": null, "determination_datetime": "2024-01-01T05:30:00+05:30", "determination_method": "auto-imagery", "xmin": 74.802959771164836, "ymin": 30.363730027298597, "xmax": 74.80745133107483, "ymax": 30.367682600019396, "area_m2": 79304.007743628172, "area_ha": 7.9304007743628171, "field_id": "FTW-IN-PB-1690269", "boundary_source": "FIELDS_OF_THE_WORLD_GLOBAL_PRUE_2024_2025", "boundary_type": "RESEARCH_FIELD_BOUNDARY", "research_boundary_disclaimer": "Model-derived remote-sensing field unit; not a cadastral or ownership boundary.", "source_provider": "Fields of The World / Source Cooperative", "source_dataset": "Global Fields of The World, Punjab partition", "source_url": "https://data.source.coop/ftw/global-data/predictions/vectors/alpha/results-by-admin-conf/admin:country_code=IN/IN_PB.parquet", "real_or_synthetic": "REAL", "centroid_lon": 74.805071918952464, "centroid_lat": 30.365774175513682, "data_status": "REAL_SATELLITE_OBSERVATIONS", "ground_truth_status": "NO_GROUND_TRUTH_WEAK_PROXY_LABELS_ONLY", "demo_rank": 95, "demo_category": "OTHER", "demo_score": 6.586, "cropland_fraction": 1.0 }, "geometry": { "type": "MultiPolygon", "coordinates": [ [ [ [ 74.804936057525225, 30.364089352091398 ], [ 74.804936057525225, 30.363999520893199 ], [ 74.804666563930624, 30.363999520893199 ], [ 74.804666563930624, 30.363909689694999 ], [ 74.804397070336023, 30.363909689694999 ], [ 74.804397070336023, 30.363819858496797 ], [ 74.804127576741436, 30.363819858496797 ], [ 74.804127576741436, 30.363730027298597 ], [ 74.80367842075043, 30.363730027298597 ], [ 74.80367842075043, 30.363819858496797 ], [ 74.803588589552234, 30.363819858496797 ], [ 74.803588589552234, 30.363909689694999 ], [ 74.803498758354024, 30.363909689694999 ], [ 74.803498758354024, 30.363999520893199 ], [ 74.803319095957633, 30.363999520893199 ], [ 74.803319095957633, 30.364089352091398 ], [ 74.803229264759423, 30.364089352091398 ], [ 74.803229264759423, 30.364179183289597 ], [ 74.803049602363032, 30.364179183289597 ], [ 74.803049602363032, 30.3642690144878 ], [ 74.802959771164836, 30.3642690144878 ], [ 74.802959771164836, 30.364448676884198 ], [ 74.803049602363032, 30.364448676884198 ], [ 74.803049602363032, 30.364538508082397 ], [ 74.803139433561228, 30.364538508082397 ], [ 74.803139433561228, 30.364628339280596 ], [ 74.803229264759423, 30.364628339280596 ], [ 74.803229264759423, 30.364718170478799 ], [ 74.803319095957633, 30.364718170478799 ], [ 74.803319095957633, 30.364808001676998 ], [ 74.803408927155829, 30.364808001676998 ], [ 74.803408927155829, 30.364987664073396 ], [ 74.803498758354024, 30.364987664073396 ], [ 74.803498758354024, 30.365167326469798 ], [ 74.803588589552234, 30.365167326469798 ], [ 74.803588589552234, 30.365257157667997 ], [ 74.80367842075043, 30.365257157667997 ], [ 74.80367842075043, 30.365436820064399 ], [ 74.803768251948625, 30.365436820064399 ], [ 74.803768251948625, 30.365526651262599 ], [ 74.803858083146835, 30.365526651262599 ], [ 74.803858083146835, 30.365616482460798 ], [ 74.803947914345031, 30.365616482460798 ], [ 74.803947914345031, 30.3657961448572 ], [ 74.804037745543226, 30.3657961448572 ], [ 74.804037745543226, 30.365885976055399 ], [ 74.804127576741436, 30.365885976055399 ], [ 74.804127576741436, 30.366065638451797 ], [ 74.804217407939632, 30.366065638451797 ], [ 74.804217407939632, 30.366245300848199 ], [ 74.804307239137827, 30.366245300848199 ], [ 74.804307239137827, 30.366335132046398 ], [ 74.804397070336023, 30.366335132046398 ], [ 74.804397070336023, 30.366424963244597 ], [ 74.804486901534233, 30.366424963244597 ], [ 74.804486901534233, 30.366604625640999 ], [ 74.804576732732428, 30.366604625640999 ], [ 74.804576732732428, 30.366694456839198 ], [ 74.804666563930624, 30.366694456839198 ], [ 74.804666563930624, 30.366335132046398 ], [ 74.804756395128834, 30.366335132046398 ], [ 74.804756395128834, 30.366963950433799 ], [ 74.80484622632703, 30.366963950433799 ], [ 74.80484622632703, 30.367143612830198 ], [ 74.804936057525225, 30.367143612830198 ], [ 74.804936057525225, 30.3673232752266 ], [ 74.805025888723435, 30.3673232752266 ], [ 74.805025888723435, 30.367413106424799 ], [ 74.805115719921631, 30.367413106424799 ], [ 74.805115719921631, 30.367502937622998 ], [ 74.805205551119826, 30.367502937622998 ], [ 74.805205551119826, 30.367592768821197 ], [ 74.805295382318036, 30.367592768821197 ], [ 74.805295382318036, 30.367682600019396 ], [ 74.80745133107483, 30.367682600019396 ], [ 74.80745133107483, 30.367482724321562 ], [ 74.807276914511888, 30.367233444028397 ], [ 74.806912343885628, 30.367233444028397 ], [ 74.806912343885628, 30.367143612830198 ], [ 74.807214061373202, 30.367143612830198 ], [ 74.806836942541153, 30.366604625640999 ], [ 74.806193694300035, 30.366604625640999 ], [ 74.806193694300035, 30.366694456839198 ], [ 74.806103863101825, 30.366694456839198 ], [ 74.806103863101825, 30.366514794442796 ], [ 74.806014031903629, 30.366514794442796 ], [ 74.806014031903629, 30.366424963244597 ], [ 74.806103863101825, 30.366424963244597 ], [ 74.806103863101825, 30.365556891099867 ], [ 74.805705586044965, 30.364987664073396 ], [ 74.805564875912637, 30.364987664073396 ], [ 74.805564875912637, 30.366963950433799 ], [ 74.805654707110833, 30.366963950433799 ], [ 74.805654707110833, 30.3673232752266 ], [ 74.805564875912637, 30.3673232752266 ], [ 74.805564875912637, 30.367502937622998 ], [ 74.805475044714427, 30.367502937622998 ], [ 74.805475044714427, 30.367143612830198 ], [ 74.805385213516232, 30.367143612830198 ], [ 74.805385213516232, 30.367053781631999 ], [ 74.805475044714427, 30.367053781631999 ], [ 74.805475044714427, 30.365975807253598 ], [ 74.805385213516232, 30.365975807253598 ], [ 74.805385213516232, 30.364529780048311 ], [ 74.805077054658199, 30.364089352091398 ], [ 74.804936057525225, 30.364089352091398 ] ], [ [ 74.806014031903629, 30.367143612830198 ], [ 74.806373356696426, 30.367143612830198 ], [ 74.806373356696426, 30.367233444028397 ], [ 74.806014031903629, 30.367233444028397 ], [ 74.806014031903629, 30.367143612830198 ] ], [ [ 74.805205551119826, 30.367053781631999 ], [ 74.805295382318036, 30.367053781631999 ], [ 74.805295382318036, 30.367143612830198 ], [ 74.805205551119826, 30.367143612830198 ], [ 74.805205551119826, 30.367053781631999 ] ], [ [ 74.804756395128834, 30.365526651262599 ], [ 74.80484622632703, 30.365526651262599 ], [ 74.80484622632703, 30.366155469649996 ], [ 74.804756395128834, 30.366155469649996 ], [ 74.804756395128834, 30.365526651262599 ] ], [ [ 74.804666563930624, 30.364628339280596 ], [ 74.804756395128834, 30.364628339280596 ], [ 74.804756395128834, 30.364987664073396 ], [ 74.80484622632703, 30.364987664073396 ], [ 74.80484622632703, 30.365077495271599 ], [ 74.804756395128834, 30.365077495271599 ], [ 74.804756395128834, 30.365436820064399 ], [ 74.804666563930624, 30.365436820064399 ], [ 74.804666563930624, 30.364628339280596 ] ] ], [ [ [ 74.805475044714427, 30.364897832875197 ], [ 74.805642732906293, 30.364897832875197 ], [ 74.805475044714427, 30.364658168929751 ], [ 74.805475044714427, 30.364897832875197 ] ] ] ] } },
{ "type": "Feature", "properties": { "source_field_id": "1693520", "source_area_m2": 72911.969, "confidence": null, "determination_datetime": "2024-01-01T05:30:00+05:30", "determination_method": "auto-imagery", "xmin": 74.801252978399035, "ymin": 30.382953903713396, "xmax": 74.806912343885628, "ymax": 30.384481034082796, "area_m2": 72854.288749181447, "area_ha": 7.2854288749181446, "field_id": "FTW-IN-PB-1693520", "boundary_source": "FIELDS_OF_THE_WORLD_GLOBAL_PRUE_2024_2025", "boundary_type": "RESEARCH_FIELD_BOUNDARY", "research_boundary_disclaimer": "Model-derived remote-sensing field unit; not a cadastral or ownership boundary.", "source_provider": "Fields of The World / Source Cooperative", "source_dataset": "Global Fields of The World, Punjab partition", "source_url": "https://data.source.coop/ftw/global-data/predictions/vectors/alpha/results-by-admin-conf/admin:country_code=IN/IN_PB.parquet", "real_or_synthetic": "REAL", "centroid_lon": 74.803995049345389, "centroid_lat": 30.383714726355265, "data_status": "REAL_SATELLITE_OBSERVATIONS", "ground_truth_status": "NO_GROUND_TRUTH_WEAK_PROXY_LABELS_ONLY", "demo_rank": 96, "demo_category": "OTHER", "demo_score": 6.457, "cropland_fraction": 1.0 }, "geometry": { "type": "Polygon", "coordinates": [ [ [ 74.804217407939632, 30.384481034082796 ], [ 74.804217407939632, 30.384391202884597 ], [ 74.804397070336023, 30.384391202884597 ], [ 74.804397070336023, 30.384481034082796 ], [ 74.804756395128834, 30.384481034082796 ], [ 74.804756395128834, 30.384391202884597 ], [ 74.80484622632703, 30.384391202884597 ], [ 74.80484622632703, 30.384481034082796 ], [ 74.805564875912637, 30.384481034082796 ], [ 74.805564875912637, 30.384301371686398 ], [ 74.805654707110833, 30.384301371686398 ], [ 74.805654707110833, 30.384481034082796 ], [ 74.806014031903629, 30.384481034082796 ], [ 74.806014031903629, 30.384391202884597 ], [ 74.80628352549823, 30.384391202884597 ], [ 74.80628352549823, 30.384481034082796 ], [ 74.806373356696426, 30.384481034082796 ], [ 74.806373356696426, 30.384391202884597 ], [ 74.806463187894636, 30.384391202884597 ], [ 74.806463187894636, 30.384301371686398 ], [ 74.806553019092831, 30.384301371686398 ], [ 74.806553019092831, 30.38412170929 ], [ 74.806642850291027, 30.38412170929 ], [ 74.806642850291027, 30.383852215695399 ], [ 74.806732681489237, 30.383852215695399 ], [ 74.806732681489237, 30.383762384497199 ], [ 74.806822512687432, 30.383762384497199 ], [ 74.806822512687432, 30.383492890902598 ], [ 74.806912343885628, 30.383492890902598 ], [ 74.806912343885628, 30.383403059704399 ], [ 74.806822512687432, 30.383403059704399 ], [ 74.806822512687432, 30.383313228506196 ], [ 74.806642850291027, 30.383313228506196 ], [ 74.806642850291027, 30.383043734911599 ], [ 74.80251061517383, 30.383043734911599 ], [ 74.80251061517383, 30.382953903713396 ], [ 74.802330952777424, 30.382953903713396 ], [ 74.802330952777424, 30.383043734911599 ], [ 74.802151290381033, 30.383043734911599 ], [ 74.802151290381033, 30.382953903713396 ], [ 74.801702134390027, 30.382953903713396 ], [ 74.801702134390027, 30.383043734911599 ], [ 74.801252978399035, 30.383043734911599 ], [ 74.801252978399035, 30.383942046893598 ], [ 74.801791965588237, 30.383942046893598 ], [ 74.801791965588237, 30.384031878091797 ], [ 74.801702134390027, 30.384031878091797 ], [ 74.801702134390027, 30.384481034082796 ], [ 74.804217407939632, 30.384481034082796 ] ], [ [ 74.805564875912637, 30.384031878091797 ], [ 74.802061459182823, 30.384031878091797 ], [ 74.802061459182823, 30.383852215695399 ], [ 74.802241121579229, 30.383852215695399 ], [ 74.802241121579229, 30.383942046893598 ], [ 74.802780108768431, 30.383942046893598 ], [ 74.802780108768431, 30.383223397307997 ], [ 74.802869939966627, 30.383223397307997 ], [ 74.802869939966627, 30.383852215695399 ], [ 74.802959771164836, 30.383852215695399 ], [ 74.802959771164836, 30.383942046893598 ], [ 74.803498758354024, 30.383942046893598 ], [ 74.803498758354024, 30.383852215695399 ], [ 74.80367842075043, 30.383852215695399 ], [ 74.80367842075043, 30.383942046893598 ], [ 74.804217407939632, 30.383942046893598 ], [ 74.804217407939632, 30.383852215695399 ], [ 74.804307239137827, 30.383852215695399 ], [ 74.804307239137827, 30.383942046893598 ], [ 74.804666563930624, 30.383942046893598 ], [ 74.804666563930624, 30.383852215695399 ], [ 74.805025888723435, 30.383852215695399 ], [ 74.805025888723435, 30.383942046893598 ], [ 74.805475044714427, 30.383942046893598 ], [ 74.805475044714427, 30.383852215695399 ], [ 74.805564875912637, 30.383852215695399 ], [ 74.805564875912637, 30.383762384497199 ], [ 74.805654707110833, 30.383762384497199 ], [ 74.805654707110833, 30.383942046893598 ], [ 74.806103863101825, 30.383942046893598 ], [ 74.806103863101825, 30.383403059704399 ], [ 74.806193694300035, 30.383403059704399 ], [ 74.806193694300035, 30.383852215695399 ], [ 74.806553019092831, 30.383852215695399 ], [ 74.806553019092831, 30.383942046893598 ], [ 74.806193694300035, 30.383942046893598 ], [ 74.806193694300035, 30.384031878091797 ], [ 74.806103863101825, 30.384031878091797 ], [ 74.806103863101825, 30.38412170929 ], [ 74.806014031903629, 30.38412170929 ], [ 74.806014031903629, 30.384031878091797 ], [ 74.805654707110833, 30.384031878091797 ], [ 74.805654707110833, 30.38412170929 ], [ 74.805564875912637, 30.38412170929 ], [ 74.805564875912637, 30.384031878091797 ] ], [ [ 74.803498758354024, 30.383313228506196 ], [ 74.803588589552234, 30.383313228506196 ], [ 74.803588589552234, 30.383762384497199 ], [ 74.803498758354024, 30.383762384497199 ], [ 74.803498758354024, 30.383313228506196 ] ], [ [ 74.803498758354024, 30.383133566109798 ], [ 74.803588589552234, 30.383133566109798 ], [ 74.803588589552234, 30.383223397307997 ], [ 74.803498758354024, 30.383223397307997 ], [ 74.803498758354024, 30.383133566109798 ] ] ] } },
{ "type": "Feature", "properties": { "source_field_id": "1669217", "source_area_m2": 11446.771, "confidence": null, "determination_datetime": "2025-01-01T05:30:00+05:30", "determination_method": "auto-imagery", "xmin": 74.751576325794431, "ymin": 30.285576884864597, "xmax": 74.753283118560233, "ymax": 30.286565028044798, "area_m2": 7198.095224527653, "area_ha": 0.7198095224527653, "field_id": "FTW-IN-PB-1669217", "boundary_source": "FIELDS_OF_THE_WORLD_GLOBAL_PRUE_2024_2025", "boundary_type": "RESEARCH_FIELD_BOUNDARY", "research_boundary_disclaimer": "Model-derived remote-sensing field unit; not a cadastral or ownership boundary.", "source_provider": "Fields of The World / Source Cooperative", "source_dataset": "Global Fields of The World, Punjab partition", "source_url": "https://data.source.coop/ftw/global-data/predictions/vectors/alpha/results-by-admin-conf/admin:country_code=IN/IN_PB.parquet", "real_or_synthetic": "REAL", "centroid_lon": 74.752157353890851, "centroid_lat": 30.285944681140865, "data_status": "REAL_SATELLITE_OBSERVATIONS", "ground_truth_status": "NO_GROUND_TRUTH_WEAK_PROXY_LABELS_ONLY", "demo_rank": 97, "demo_category": "OTHER", "demo_score": 6.144, "cropland_fraction": 1.0 }, "geometry": { "type": "Polygon", "coordinates": [ [ [ 74.752744131371031, 30.285756547260998 ], [ 74.752744131371031, 30.285666716062799 ], [ 74.751935650587228, 30.285666716062799 ], [ 74.751935650587228, 30.285576884864597 ], [ 74.751576325794431, 30.285576884864597 ], [ 74.751576325794431, 30.285846378459198 ], [ 74.751666156992627, 30.285846378459198 ], [ 74.751666156992627, 30.286026040855599 ], [ 74.751755988190837, 30.286026040855599 ], [ 74.751755988190837, 30.286205703251998 ], [ 74.751845819389032, 30.286205703251998 ], [ 74.751845819389032, 30.286295534450197 ], [ 74.751935650587228, 30.286295534450197 ], [ 74.751935650587228, 30.286385365648396 ], [ 74.752025481785424, 30.286385365648396 ], [ 74.752025481785424, 30.286475196846599 ], [ 74.752097847378877, 30.286475196846599 ], [ 74.752956984853398, 30.285756547260998 ], [ 74.752744131371031, 30.285756547260998 ] ] ] } },
{ "type": "Feature", "properties": { "source_field_id": "1669215", "source_area_m2": 14372.947, "confidence": null, "determination_datetime": "2025-01-01T05:30:00+05:30", "determination_method": "auto-imagery", "xmin": 74.750228857821426, "ymin": 30.285756547260998, "xmax": 74.752025481785424, "ymax": 30.287193846432199, "area_m2": 14249.316656399991, "area_ha": 1.4249316656399991, "field_id": "FTW-IN-PB-1669215", "boundary_source": "FIELDS_OF_THE_WORLD_GLOBAL_PRUE_2024_2025", "boundary_type": "RESEARCH_FIELD_BOUNDARY", "research_boundary_disclaimer": "Model-derived remote-sensing field unit; not a cadastral or ownership boundary.", "source_provider": "Fields of The World / Source Cooperative", "source_dataset": "Global Fields of The World, Punjab partition", "source_url": "https://data.source.coop/ftw/global-data/predictions/vectors/alpha/results-by-admin-conf/admin:country_code=IN/IN_PB.parquet", "real_or_synthetic": "REAL", "centroid_lon": 74.751078685928945, "centroid_lat": 30.286526783859923, "data_status": "REAL_SATELLITE_OBSERVATIONS", "ground_truth_status": "NO_GROUND_TRUTH_WEAK_PROXY_LABELS_ONLY", "demo_rank": 98, "demo_category": "OTHER", "demo_score": 5.285, "cropland_fraction": 1.0 }, "geometry": { "type": "Polygon", "coordinates": [ [ [ 74.752025481785424, 30.286475196846599 ], [ 74.751935650587228, 30.286475196846599 ], [ 74.751935650587228, 30.286385365648396 ], [ 74.751845819389032, 30.286385365648396 ], [ 74.751845819389032, 30.286295534450197 ], [ 74.751755988190837, 30.286295534450197 ], [ 74.751755988190837, 30.286205703251998 ], [ 74.751666156992627, 30.286205703251998 ], [ 74.751666156992627, 30.286026040855599 ], [ 74.751576325794431, 30.286026040855599 ], [ 74.751576325794431, 30.285936209657397 ], [ 74.751486494596236, 30.285936209657397 ], [ 74.751486494596236, 30.285756547260998 ], [ 74.75130683219983, 30.285756547260998 ], [ 74.75130683219983, 30.285846378459198 ], [ 74.751217001001635, 30.285846378459198 ], [ 74.751217001001635, 30.285936209657397 ], [ 74.751037338605229, 30.285936209657397 ], [ 74.751037338605229, 30.286115872053799 ], [ 74.750857676208824, 30.286115872053799 ], [ 74.750857676208824, 30.286205703251998 ], [ 74.750678013812433, 30.286205703251998 ], [ 74.750678013812433, 30.286295534450197 ], [ 74.750588182614223, 30.286295534450197 ], [ 74.750588182614223, 30.286385365648396 ], [ 74.750498351416027, 30.286385365648396 ], [ 74.750498351416027, 30.286475196846599 ], [ 74.750408520217832, 30.286475196846599 ], [ 74.750408520217832, 30.286565028044798 ], [ 74.750318689019636, 30.286565028044798 ], [ 74.750318689019636, 30.286654859242997 ], [ 74.750228857821426, 30.286654859242997 ], [ 74.750228857821426, 30.287014184035797 ], [ 74.750318689019636, 30.287014184035797 ], [ 74.750318689019636, 30.287193846432199 ], [ 74.750498351416027, 30.287193846432199 ], [ 74.750498351416027, 30.287104015233997 ], [ 74.750767845010628, 30.287104015233997 ], [ 74.750767845010628, 30.287014184035797 ], [ 74.751037338605229, 30.287014184035797 ], [ 74.751037338605229, 30.286924352837598 ], [ 74.751396663398026, 30.286924352837598 ], [ 74.751396663398026, 30.286834521639399 ], [ 74.751486494596236, 30.286834521639399 ], [ 74.751486494596236, 30.286744690441196 ], [ 74.751775670825936, 30.286744690441196 ], [ 74.751845819389032, 30.286686012712313 ], [ 74.751845819389032, 30.286654859242997 ], [ 74.75188306301024, 30.286654859242997 ], [ 74.752025481785424, 30.286535729072565 ], [ 74.752025481785424, 30.286475196846599 ] ] ] } },
{ "type": "Feature", "properties": { "source_field_id": "1667747", "source_area_m2": 11446.782, "confidence": null, "determination_datetime": "2024-01-01T05:30:00+05:30", "determination_method": "auto-imagery", "xmin": 74.749510208235833, "ymin": 30.285397222468198, "xmax": 74.75130683219983, "ymax": 30.286654859242997, "area_m2": 11437.789616787186, "area_ha": 1.1437789616787186, "field_id": "FTW-IN-PB-1667747", "boundary_source": "FIELDS_OF_THE_WORLD_GLOBAL_PRUE_2024_2025", "boundary_type": "RESEARCH_FIELD_BOUNDARY", "research_boundary_disclaimer": "Model-derived remote-sensing field unit; not a cadastral or ownership boundary.", "source_provider": "Fields of The World / Source Cooperative", "source_dataset": "Global Fields of The World, Punjab partition", "source_url": "https://data.source.coop/ftw/global-data/predictions/vectors/alpha/results-by-admin-conf/admin:country_code=IN/IN_PB.parquet", "real_or_synthetic": "REAL", "centroid_lon": 74.750387921519931, "centroid_lat": 30.28595140648919, "data_status": "REAL_SATELLITE_OBSERVATIONS", "ground_truth_status": "NO_GROUND_TRUTH_WEAK_PROXY_LABELS_ONLY", "demo_rank": 99, "demo_category": "OTHER", "demo_score": 5.229, "cropland_fraction": 1.0 }, "geometry": { "type": "Polygon", "coordinates": [ [ [ 74.749510208235833, 30.286205703251998 ], [ 74.749510208235833, 30.286385365648396 ], [ 74.749689870632224, 30.286385365648396 ], [ 74.749689870632224, 30.286475196846599 ], [ 74.749779701830434, 30.286475196846599 ], [ 74.749779701830434, 30.286565028044798 ], [ 74.74986953302863, 30.286565028044798 ], [ 74.74986953302863, 30.286654859242997 ], [ 74.750139026623231, 30.286654859242997 ], [ 74.750139026623231, 30.286475196846599 ], [ 74.750228857821426, 30.286475196846599 ], [ 74.750228857821426, 30.286385365648396 ], [ 74.750408520217832, 30.286385365648396 ], [ 74.750408520217832, 30.286295534450197 ], [ 74.750498351416027, 30.286295534450197 ], [ 74.750498351416027, 30.286205703251998 ], [ 74.750678013812433, 30.286205703251998 ], [ 74.750678013812433, 30.286115872053799 ], [ 74.750767845010628, 30.286115872053799 ], [ 74.750767845010628, 30.285936209657397 ], [ 74.751037338605229, 30.285936209657397 ], [ 74.751037338605229, 30.285846378459198 ], [ 74.751217001001635, 30.285846378459198 ], [ 74.751217001001635, 30.285756547260998 ], [ 74.75130683219983, 30.285756547260998 ], [ 74.75130683219983, 30.285487053666397 ], [ 74.750857676208824, 30.285487053666397 ], [ 74.750857676208824, 30.285397222468198 ], [ 74.750318689019636, 30.285397222468198 ], [ 74.750318689019636, 30.285576884864597 ], [ 74.750139026623231, 30.285576884864597 ], [ 74.750139026623231, 30.285666716062799 ], [ 74.750049195425035, 30.285666716062799 ], [ 74.750049195425035, 30.285756547260998 ], [ 74.749959364226825, 30.285756547260998 ], [ 74.749959364226825, 30.285846378459198 ], [ 74.74986953302863, 30.285846378459198 ], [ 74.74986953302863, 30.285936209657397 ], [ 74.749779701830434, 30.285936209657397 ], [ 74.749779701830434, 30.286026040855599 ], [ 74.749689870632224, 30.286026040855599 ], [ 74.749689870632224, 30.286115872053799 ], [ 74.749779701830434, 30.286115872053799 ], [ 74.749779701830434, 30.286205703251998 ], [ 74.749510208235833, 30.286205703251998 ] ], [ [ 74.750408520217832, 30.285576884864597 ], [ 74.750408520217832, 30.285666716062799 ], [ 74.750318689019636, 30.285666716062799 ], [ 74.750318689019636, 30.285576884864597 ], [ 74.750408520217832, 30.285576884864597 ] ], [ [ 74.750498351416027, 30.285666716062799 ], [ 74.750498351416027, 30.285756547260998 ], [ 74.750408520217832, 30.285756547260998 ], [ 74.750408520217832, 30.285666716062799 ], [ 74.750498351416027, 30.285666716062799 ] ], [ [ 74.750588182614223, 30.285756547260998 ], [ 74.750588182614223, 30.285846378459198 ], [ 74.750498351416027, 30.285846378459198 ], [ 74.750498351416027, 30.285756547260998 ], [ 74.750588182614223, 30.285756547260998 ] ], [ [ 74.74986953302863, 30.286205703251998 ], [ 74.74986953302863, 30.286295534450197 ], [ 74.749779701830434, 30.286295534450197 ], [ 74.749779701830434, 30.286205703251998 ], [ 74.74986953302863, 30.286205703251998 ] ], [ [ 74.749959364226825, 30.286295534450197 ], [ 74.750049195425035, 30.286295534450197 ], [ 74.750049195425035, 30.286385365648396 ], [ 74.749959364226825, 30.286385365648396 ], [ 74.749959364226825, 30.286295534450197 ] ] ] } },
{ "type": "Feature", "properties": { "source_field_id": "1669216", "source_area_m2": 27024.646, "confidence": null, "determination_datetime": "2024-01-01T05:30:00+05:30", "determination_method": "auto-imagery", "xmin": 74.750049195425035, "ymin": 30.285487053666397, "xmax": 74.753283118560233, "ymax": 30.287193846432199, "area_m2": 22868.674375331233, "area_ha": 2.2868674375331235, "field_id": "FTW-IN-PB-1669216", "boundary_source": "FIELDS_OF_THE_WORLD_GLOBAL_PRUE_2024_2025", "boundary_type": "RESEARCH_FIELD_BOUNDARY", "research_boundary_disclaimer": "Model-derived remote-sensing field unit; not a cadastral or ownership boundary.", "source_provider": "Fields of The World / Source Cooperative", "source_dataset": "Global Fields of The World, Punjab partition", "source_url": "https://data.source.coop/ftw/global-data/predictions/vectors/alpha/results-by-admin-conf/admin:country_code=IN/IN_PB.parquet", "real_or_synthetic": "REAL", "centroid_lon": 74.751463028909228, "centroid_lat": 30.286296364068193, "data_status": "REAL_SATELLITE_OBSERVATIONS", "ground_truth_status": "NO_GROUND_TRUTH_WEAK_PROXY_LABELS_ONLY", "demo_rank": 100, "demo_category": "OTHER", "demo_score": 2.457, "cropland_fraction": 1.0 }, "geometry": { "type": "Polygon", "coordinates": [ [ [ 74.750228857821426, 30.286565028044798 ], [ 74.750228857821426, 30.286654859242997 ], [ 74.750139026623231, 30.286654859242997 ], [ 74.750139026623231, 30.286744690441196 ], [ 74.750049195425035, 30.286744690441196 ], [ 74.750049195425035, 30.286834521639399 ], [ 74.750139026623231, 30.286834521639399 ], [ 74.750139026623231, 30.286924352837598 ], [ 74.750228857821426, 30.286924352837598 ], [ 74.750228857821426, 30.287014184035797 ], [ 74.750318689019636, 30.287014184035797 ], [ 74.750318689019636, 30.287104015233997 ], [ 74.750408520217832, 30.287104015233997 ], [ 74.750408520217832, 30.287193846432199 ], [ 74.750588182614223, 30.287193846432199 ], [ 74.750588182614223, 30.287104015233997 ], [ 74.750857676208824, 30.287104015233997 ], [ 74.750857676208824, 30.286924352837598 ], [ 74.750947507407034, 30.286924352837598 ], [ 74.750947507407034, 30.287014184035797 ], [ 74.751037338605229, 30.287014184035797 ], [ 74.751037338605229, 30.286924352837598 ], [ 74.75130683219983, 30.286924352837598 ], [ 74.75130683219983, 30.286744690441196 ], [ 74.751486494596236, 30.286744690441196 ], [ 74.751486494596236, 30.286834521639399 ], [ 74.751576325794431, 30.286834521639399 ], [ 74.751576325794431, 30.286744690441196 ], [ 74.751755988190837, 30.286744690441196 ], [ 74.751755988190837, 30.286654859242997 ], [ 74.75188306301024, 30.286654859242997 ], [ 74.752956984853398, 30.285756547260998 ], [ 74.752923793767437, 30.285756547260998 ], [ 74.752923793767437, 30.285666716062799 ], [ 74.75247463777643, 30.285666716062799 ], [ 74.75247463777643, 30.285576884864597 ], [ 74.751666156992627, 30.285576884864597 ], [ 74.751666156992627, 30.285487053666397 ], [ 74.751396663398026, 30.285487053666397 ], [ 74.751396663398026, 30.285576884864597 ], [ 74.751486494596236, 30.285576884864597 ], [ 74.751486494596236, 30.285756547260998 ], [ 74.75130683219983, 30.285756547260998 ], [ 74.75130683219983, 30.285846378459198 ], [ 74.751217001001635, 30.285846378459198 ], [ 74.751217001001635, 30.285936209657397 ], [ 74.751037338605229, 30.285936209657397 ], [ 74.751037338605229, 30.286026040855599 ], [ 74.750947507407034, 30.286026040855599 ], [ 74.750947507407034, 30.286115872053799 ], [ 74.750857676208824, 30.286115872053799 ], [ 74.750857676208824, 30.286205703251998 ], [ 74.750767845010628, 30.286205703251998 ], [ 74.750767845010628, 30.286295534450197 ], [ 74.750588182614223, 30.286295534450197 ], [ 74.750588182614223, 30.286385365648396 ], [ 74.750498351416027, 30.286385365648396 ], [ 74.750498351416027, 30.286565028044798 ], [ 74.750228857821426, 30.286565028044798 ] ], [ [ 74.751576325794431, 30.285756547260998 ], [ 74.751576325794431, 30.285846378459198 ], [ 74.751666156992627, 30.285846378459198 ], [ 74.751666156992627, 30.286026040855599 ], [ 74.751576325794431, 30.286026040855599 ], [ 74.751576325794431, 30.285936209657397 ], [ 74.751486494596236, 30.285936209657397 ], [ 74.751486494596236, 30.285756547260998 ], [ 74.751576325794431, 30.285756547260998 ] ], [ [ 74.751755988190837, 30.286026040855599 ], [ 74.751755988190837, 30.286115872053799 ], [ 74.751666156992627, 30.286115872053799 ], [ 74.751666156992627, 30.286026040855599 ], [ 74.751755988190837, 30.286026040855599 ] ], [ [ 74.750588182614223, 30.286565028044798 ], [ 74.750588182614223, 30.286654859242997 ], [ 74.750498351416027, 30.286654859242997 ], [ 74.750498351416027, 30.286565028044798 ], [ 74.750588182614223, 30.286565028044798 ] ], [ [ 74.751037338605229, 30.286565028044798 ], [ 74.751127169803425, 30.286565028044798 ], [ 74.751127169803425, 30.286654859242997 ], [ 74.751037338605229, 30.286654859242997 ], [ 74.751037338605229, 30.286565028044798 ] ] ] } }
]
}
